  0
SECTION
  2
HEADER
  9
$ACADVER
  1
AC1014
  9
$ACADMAINTVER
 70
     9
  9
$DWGCODEPAGE
  3
ANSI_1252
  9
$INSBASE
 10
0.0
 20
0.0
 30
0.0
  9
$EXTMIN
 10
1.000000000000000E+20
 20
1.000000000000000E+20
 30
1.000000000000000E+20
  9
$EXTMAX
 10
-1.000000000000000E+20
 20
-1.000000000000000E+20
 30
-1.000000000000000E+20
  9
$LIMMIN
 10
0.0
 20
0.0
  9
$LIMMAX
 10
12.0
 20
9.0
  9
$ORTHOMODE
 70
     0
  9
$REGENMODE
 70
     1
  9
$FILLMODE
 70
     1
  9
$QTEXTMODE
 70
     0
  9
$MIRRTEXT
 70
     1
  9
$DRAGMODE
 70
     2
  9
$LTSCALE
 40
1.0
  9
$OSMODE
 70
    37
  9
$ATTMODE
 70
     1
  9
$TEXTSIZE
 40
0.2
  9
$TRACEWID
 40
0.05
  9
$TEXTSTYLE
  7
STANDARD
  9
$CLAYER
  8
0
  9
$CELTYPE
  6
BYLAYER
  9
$CECOLOR
 62
   256
  9
$CELTSCALE
 40
1.0
  9
$DELOBJ
 70
     1
  9
$DISPSILH
 70
     0
  9
$DIMSCALE
 40
1.0
  9
$DIMASZ
 40
0.18
  9
$DIMEXO
 40
0.0625
  9
$DIMDLI
 40
0.38
  9
$DIMRND
 40
0.0
  9
$DIMDLE
 40
0.0
  9
$DIMEXE
 40
0.18
  9
$DIMTP
 40
0.0
  9
$DIMTM
 40
0.0
  9
$DIMTXT
 40
0.18
  9
$DIMCEN
 40
0.09
  9
$DIMTSZ
 40
0.0
  9
$DIMTOL
 70
     0
  9
$DIMLIM
 70
     0
  9
$DIMTIH
 70
     1
  9
$DIMTOH
 70
     1
  9
$DIMSE1
 70
     0
  9
$DIMSE2
 70
     0
  9
$DIMTAD
 70
     0
  9
$DIMZIN
 70
     0
  9
$DIMBLK
  1

  9
$DIMASO
 70
     1
  9
$DIMSHO
 70
     1
  9
$DIMPOST
  1

  9
$DIMAPOST
  1

  9
$DIMALT
 70
     0
  9
$DIMALTD
 70
     2
  9
$DIMALTF
 40
25.4
  9
$DIMLFAC
 40
1.0
  9
$DIMTOFL
 70
     0
  9
$DIMTVP
 40
0.0
  9
$DIMTIX
 70
     0
  9
$DIMSOXD
 70
     0
  9
$DIMSAH
 70
     0
  9
$DIMBLK1
  1

  9
$DIMBLK2
  1

  9
$DIMSTYLE
  2
STANDARD
  9
$DIMCLRD
 70
     0
  9
$DIMCLRE
 70
     0
  9
$DIMCLRT
 70
     0
  9
$DIMTFAC
 40
1.0
  9
$DIMGAP
 40
0.09
  9
$DIMJUST
 70
     0
  9
$DIMSD1
 70
     0
  9
$DIMSD2
 70
     0
  9
$DIMTOLJ
 70
     1
  9
$DIMTZIN
 70
     0
  9
$DIMALTZ
 70
     0
  9
$DIMALTTZ
 70
     0
  9
$DIMFIT
 70
     3
  9
$DIMUPT
 70
     0
  9
$DIMUNIT
 70
     2
  9
$DIMDEC
 70
     4
  9
$DIMTDEC
 70
     4
  9
$DIMALTU
 70
     2
  9
$DIMALTTD
 70
     2
  9
$DIMTXSTY
  7
STANDARD
  9
$DIMAUNIT
 70
     0
  9
$LUNITS
 70
     2
  9
$LUPREC
 70
     4
  9
$SKETCHINC
 40
0.1
  9
$FILLETRAD
 40
0.0
  9
$AUNITS
 70
     0
  9
$AUPREC
 70
     0
  9
$MENU
  1
.
  9
$ELEVATION
 40
0.0
  9
$PELEVATION
 40
0.0
  9
$THICKNESS
 40
0.0
  9
$LIMCHECK
 70
     0
  9
$CHAMFERA
 40
0.0
  9
$CHAMFERB
 40
0.0
  9
$CHAMFERC
 40
0.0
  9
$CHAMFERD
 40
0.0
  9
$SKPOLY
 70
     0
  9
$TDCREATE
 40
2461071.726264305
  9
$TDUPDATE
 40
2461071.726264572
  9
$TDINDWG
 40
0.0000000116
  9
$TDUSRTIMER
 40
0.0000000116
  9
$USRTIMER
 70
     1
  9
$ANGBASE
 50
0.0
  9
$ANGDIR
 70
     0
  9
$PDMODE
 70
     0
  9
$PDSIZE
 40
0.0
  9
$PLINEWID
 40
0.0
  9
$COORDS
 70
     1
  9
$SPLFRAME
 70
     0
  9
$SPLINETYPE
 70
     6
  9
$SPLINESEGS
 70
     8
  9
$ATTDIA
 70
     0
  9
$ATTREQ
 70
     1
  9
$HANDLING
 70
     1
  9
$HANDSEED
  5
796
  9
$SURFTAB1
 70
     6
  9
$SURFTAB2
 70
     6
  9
$SURFTYPE
 70
     6
  9
$SURFU
 70
     6
  9
$SURFV
 70
     6
  9
$UCSNAME
  2

  9
$UCSORG
 10
0.0
 20
0.0
 30
0.0
  9
$UCSXDIR
 10
1.0
 20
0.0
 30
0.0
  9
$UCSYDIR
 10
0.0
 20
1.0
 30
0.0
  9
$PUCSNAME
  2

  9
$PUCSORG
 10
0.0
 20
0.0
 30
0.0
  9
$PUCSXDIR
 10
1.0
 20
0.0
 30
0.0
  9
$PUCSYDIR
 10
0.0
 20
1.0
 30
0.0
  9
$USERI1
 70
     0
  9
$USERI2
 70
     0
  9
$USERI3
 70
     0
  9
$USERI4
 70
     0
  9
$USERI5
 70
     0
  9
$USERR1
 40
0.0
  9
$USERR2
 40
0.0
  9
$USERR3
 40
0.0
  9
$USERR4
 40
0.0
  9
$USERR5
 40
0.0
  9
$WORLDVIEW
 70
     1
  9
$SHADEDGE
 70
     3
  9
$SHADEDIF
 70
    70
  9
$TILEMODE
 70
     1
  9
$MAXACTVP
 70
    64
  9
$PINSBASE
 10
0.0
 20
0.0
 30
0.0
  9
$PLIMCHECK
 70
     0
  9
$PEXTMIN
 10
1.000000000000000E+20
 20
1.000000000000000E+20
 30
1.000000000000000E+20
  9
$PEXTMAX
 10
-1.000000000000000E+20
 20
-1.000000000000000E+20
 30
-1.000000000000000E+20
  9
$PLIMMIN
 10
0.0
 20
0.0
  9
$PLIMMAX
 10
12.0
 20
9.0
  9
$UNITMODE
 70
     0
  9
$VISRETAIN
 70
     1
  9
$PLINEGEN
 70
     0
  9
$PSLTSCALE
 70
     1
  9
$TREEDEPTH
 70
  3020
  9
$PICKSTYLE
 70
     1
  9
$CMLSTYLE
  2
STANDARD
  9
$CMLJUST
 70
     0
  9
$CMLSCALE
 40
1.0
  9
$PROXYGRAPHICS
 70
     1
  9
$MEASUREMENT
 70
     1
  0
ENDSEC
  0
SECTION
  2
CLASSES
  0
CLASS
  1
ACDBDICTIONARYWDFLT
  2
AcDbDictionaryWithDefault
  3
ObjectDBX Classes
 90
        0
280
     0
281
     0
  0
CLASS
  1
VISUALSTYLE
  2
AcDbVisualStyle
  3
ObjectDBX Classes
 90
     4095
280
     0
281
     0
  0
CLASS
  1
MATERIAL
  2
AcDbMaterial
  3
ObjectDBX Classes
 90
     1153
280
     0
281
     0
  0
CLASS
  1
SCALE
  2
AcDbScale
  3
ObjectDBX Classes
 90
     1153
280
     0
281
     0
  0
CLASS
  1
TABLESTYLE
  2
AcDbTableStyle
  3
ObjectDBX Classes
 90
     4095
280
     0
281
     0
  0
CLASS
  1
MLEADERSTYLE
  2
AcDbMLeaderStyle
  3
ACDB_MLEADERSTYLE_CLASS
 90
     4095
280
     0
281
     0
  0
CLASS
  1
SUN
  2
AcDbSun
  3
SCENEOE
 90
     1153
280
     0
281
     0
  0
CLASS
  1
DICTIONARYVAR
  2
AcDbDictionaryVar
  3
ObjectDBX Classes
 90
        0
280
     0
281
     0
  0
CLASS
  1
XRECORD
  2
AcDbXrecord
  3
ObjectDBX Classes
 90
        0
280
     0
281
     0
  0
CLASS
  1
LWPOLYLINE
  2
AcDbPolyline
  3
ObjectDBX Classes
 90
        0
280
     0
281
     1
  0
CLASS
  1
HATCH
  2
AcDbHatch
  3
ObjectDBX Classes
 90
        0
280
     0
281
     1
  0
CLASS
  1
ACDBPLACEHOLDER
  2
AcDbPlaceHolder
  3
ObjectDBX Classes
 90
        0
280
     0
281
     0
  0
CLASS
  1
LAYOUT
  2
AcDbLayout
  3
ObjectDBX Classes
 90
        0
280
     0
281
     0
  0
ENDSEC
  0
SECTION
  2
TABLES
  0
TABLE
  2
VPORT
  5
8
102
{ACAD_XDICTIONARY
360
78B
102
}
330
0
100
AcDbSymbolTable
 70
     1
  0
VPORT
  5
29
330
8
100
AcDbSymbolTableRecord
100
AcDbViewportTableRecord
  2
*ACTIVE
 70
     0
 10
0.0
 20
0.0
 11
1.0
 21
1.0
 12
0.0
 22
0.0
 13
0.0
 23
0.0
 14
0.5
 24
0.5
 15
0.5
 25
0.5
 16
0.0
 26
0.0
 36
1.0
 17
0.0
 27
0.0
 37
-1000.0
 40
150.2156703280935
 41
2.181384248210024
 42
50.0
 43
238.2116196230435
 44
714634.8588691306
 50
0.0
 51
0.0
 71
     0
 72
   100
 73
     1
 74
     3
 75
     0
 76
     0
 77
     0
 78
     0
  0
ENDTAB
  0
TABLE
  2
LTYPE
  5
5
330
0
100
AcDbSymbolTable
 70
     1
  0
LTYPE
  5
14
330
5
100
AcDbSymbolTableRecord
100
AcDbLinetypeTableRecord
  2
BYBLOCK
 70
     0
  3

 72
    65
 73
     0
 40
0.0
  0
LTYPE
  5
15
330
5
100
AcDbSymbolTableRecord
100
AcDbLinetypeTableRecord
  2
BYLAYER
 70
     0
  3

 72
    65
 73
     0
 40
0.0
  0
LTYPE
  5
16
330
5
100
AcDbSymbolTableRecord
100
AcDbLinetypeTableRecord
  2
CONTINUOUS
 70
     0
  3
Solid line
 72
    65
 73
     0
 40
0.0
  0
ENDTAB
  0
TABLE
  2
LAYER
  5
2
330
0
100
AcDbSymbolTable
 70
     3
  0
LAYER
  5
10
330
2
100
AcDbSymbolTableRecord
100
AcDbLayerTableRecord
  2
0
 70
     0
 62
     7
  6
CONTINUOUS
  0
LAYER
  5
5E
330
2
100
AcDbSymbolTableRecord
100
AcDbLayerTableRecord
  2
PROFILEEDGES
 70
     0
 62
     7
  6
CONTINUOUS
  0
LAYER
  5
5F
330
2
100
AcDbSymbolTableRecord
100
AcDbLayerTableRecord
  2
SECTIONCUTEDGES
 70
     0
 62
     7
  6
CONTINUOUS
  0
ENDTAB
  0
TABLE
  2
STYLE
  5
3
330
0
100
AcDbSymbolTable
 70
     1
  0
STYLE
  5
11
330
3
100
AcDbSymbolTableRecord
100
AcDbTextStyleTableRecord
  2
STANDARD
 70
     0
 40
0.0
 41
1.0
 50
0.0
 71
     0
 42
0.2
  3
txt
  4

  0
ENDTAB
  0
TABLE
  2
VIEW
  5
6
330
0
100
AcDbSymbolTable
 70
     0
  0
ENDTAB
  0
TABLE
  2
UCS
  5
7
330
0
100
AcDbSymbolTable
 70
     0
  0
ENDTAB
  0
TABLE
  2
APPID
  5
9
330
0
100
AcDbSymbolTable
 70
     2
  0
APPID
  5
12
330
9
100
AcDbSymbolTableRecord
100
AcDbRegAppTableRecord
  2
ACAD
 70
     0
  0
APPID
  5
795
330
9
100
AcDbSymbolTableRecord
100
AcDbRegAppTableRecord
  2
ACAD_MLEADERVER
 70
     0
  0
ENDTAB
  0
TABLE
  2
DIMSTYLE
  5
A
330
0
100
AcDbSymbolTable
 70
     1
  0
DIMSTYLE
105
27
330
A
100
AcDbSymbolTableRecord
100
AcDbDimStyleTableRecord
  2
STANDARD
 70
     0
  3

  4

  5

  6

  7

 40
1.0
 41
0.18
 42
0.0625
 43
0.38
 44
0.18
 45
0.0
 46
0.0
 47
0.0
 48
0.0
140
0.18
141
0.09
142
0.0
143
25.4
144
1.0
145
0.0
146
1.0
147
0.09
 71
     0
 72
     0
 73
     1
 74
     1
 75
     0
 76
     0
 77
     0
 78
     0
170
     0
171
     2
172
     0
173
     0
174
     0
175
     0
176
     0
177
     0
178
     0
270
     2
271
     4
272
     4
273
     2
274
     2
340
11
275
     0
280
     0
281
     0
282
     0
283
     1
284
     0
285
     0
286
     0
287
     3
288
     0
  0
ENDTAB
  0
TABLE
  2
BLOCK_RECORD
  5
1
330
0
100
AcDbSymbolTable
 70
     0
  0
BLOCK_RECORD
  5
1F
330
1
100
AcDbSymbolTableRecord
100
AcDbBlockTableRecord
  2
*MODEL_SPACE
  0
BLOCK_RECORD
  5
1B
330
1
100
AcDbSymbolTableRecord
100
AcDbBlockTableRecord
  2
*PAPER_SPACE
  0
ENDTAB
  0
ENDSEC
  0
SECTION
  2
BLOCKS
  0
BLOCK
  5
20
330
1F
100
AcDbEntity
  8
0
100
AcDbBlockBegin
  2
*MODEL_SPACE
 70
     0
 10
0.0
 20
0.0
 30
0.0
  3
*MODEL_SPACE
  1

  0
ENDBLK
  5
21
330
1F
100
AcDbEntity
  8
0
100
AcDbBlockEnd
  0
BLOCK
  5
1C
330
1B
100
AcDbEntity
 67
     1
  8
0
100
AcDbBlockBegin
  2
*PAPER_SPACE
 70
     0
 10
0.0
 20
0.0
 30
0.0
  3
*PAPER_SPACE
  1

  0
ENDBLK
  5
1D
330
1B
100
AcDbEntity
 67
     1
  8
0
100
AcDbBlockEnd
  0
ENDSEC
  0
SECTION
  2
ENTITIES
  0
LINE
  5
60
330
1F
100
AcDbEntity
  8
0
100
AcDbLine
 10
-99.09721070251106
 20
13.88207665795573
 30
0.0
 11
-98.95876422043281
 21
10.58910796428579
 31
0.0
  0
LINE
  5
61
330
1F
100
AcDbEntity
  8
0
100
AcDbLine
 10
-98.95876422043281
 20
10.58910796428579
 30
0.0
 11
-98.71545805418317
 21
7.274027710236544
 31
0.0
  0
LINE
  5
62
330
1F
100
AcDbEntity
  8
0
100
AcDbLine
 10
-98.71545805418317
 20
7.274027710236544
 30
0.0
 11
-98.41044888688077
 21
3.950938742453723
 31
0.0
  0
LINE
  5
63
330
1F
100
AcDbEntity
  8
0
100
AcDbLine
 10
-98.41044888688077
 20
3.950938742453723
 30
0.0
 11
-97.80805791881514
 21
0.7109685906118102
 31
0.0
  0
LINE
  5
64
330
1F
100
AcDbEntity
  8
0
100
AcDbLine
 10
-97.80805791881514
 20
0.7109685906118102
 30
0.0
 11
-96.66971740701737
 21
-2.353411045993188
 31
0.0
  0
LINE
  5
65
330
1F
100
AcDbEntity
  8
0
100
AcDbLine
 10
-96.66971740701737
 20
-2.353411045993188
 30
0.0
 11
-95.00163221672113
 21
-5.203850763460174
 31
0.0
  0
LINE
  5
66
330
1F
100
AcDbEntity
  8
0
100
AcDbLine
 10
-95.00163221672113
 20
-5.203850763460174
 30
0.0
 11
-92.86946486039261
 21
-7.679623943407844
 31
0.0
  0
LINE
  5
67
330
1F
100
AcDbEntity
  8
0
100
AcDbLine
 10
-92.86946486039261
 20
-7.679623943407844
 30
0.0
 11
-90.09061084106585
 21
-9.402342905238637
 31
0.0
  0
LINE
  5
68
330
1F
100
AcDbEntity
  8
0
100
AcDbLine
 10
-90.09061084106585
 20
-9.402342905238637
 30
0.0
 11
-87.0747637810679
 21
-10.60624420648245
 31
0.0
  0
LINE
  5
69
330
1F
100
AcDbEntity
  8
0
100
AcDbLine
 10
-87.0747637810679
 20
-10.60624420648245
 30
0.0
 11
-83.93133030886823
 21
-11.45949839831188
 31
0.0
  0
LINE
  5
6A
330
1F
100
AcDbEntity
  8
0
100
AcDbLine
 10
-83.93133030886823
 20
-11.45949839831188
 30
0.0
 11
-80.72858150393361
 21
-11.98549145283742
 31
0.0
  0
LINE
  5
6B
330
1F
100
AcDbEntity
  8
0
100
AcDbLine
 10
-89.70971318026794
 20
-9.53915201319491
 30
0.0
 11
-91.87691355889443
 21
-7.657133128683546
 31
0.0
  0
LINE
  5
6C
330
1F
100
AcDbEntity
  8
0
100
AcDbLine
 10
-91.87691355889443
 20
-7.657133128683546
 30
0.0
 11
-93.87887005866101
 21
-5.592260297201929
 31
0.0
  0
LINE
  5
6D
330
1F
100
AcDbEntity
  8
0
100
AcDbLine
 10
-93.87887005866101
 20
-5.592260297201929
 30
0.0
 11
-95.44798363342179
 21
-3.169944153131405
 31
0.0
  0
LINE
  5
6E
330
1F
100
AcDbEntity
  8
0
100
AcDbLine
 10
-95.44798363342179
 20
-3.169944153131405
 30
0.0
 11
-96.50181683492204
 21
-0.4689470812290591
 31
0.0
  0
LINE
  5
6F
330
1F
100
AcDbEntity
  8
0
100
AcDbLine
 10
-96.50181683492204
 20
-0.4689470812290591
 30
0.0
 11
-97.14531973833998
 21
2.356077423421987
 31
0.0
  0
LINE
  5
70
330
1F
100
AcDbEntity
  8
0
100
AcDbLine
 10
-97.14531973833998
 20
2.356077423421987
 30
0.0
 11
-97.62230794813478
 21
5.21810678323924
 31
0.0
  0
LINE
  5
71
330
1F
100
AcDbEntity
  8
0
100
AcDbLine
 10
-97.62230794813478
 20
5.21810678323924
 30
0.0
 11
-98.01708746492974
 21
8.087983540087691
 31
0.0
  0
LINE
  5
72
330
1F
100
AcDbEntity
  8
0
100
AcDbLine
 10
-98.01708746492974
 20
8.087983540087691
 30
0.0
 11
-98.25710409375705
 21
10.97873067265593
 31
0.0
  0
LINE
  5
73
330
1F
100
AcDbEntity
  8
0
100
AcDbLine
 10
-98.25710409375705
 20
10.97873067265593
 30
0.0
 11
-98.32870331518221
 21
13.8781972428535
 31
0.0
  0
LINE
  5
74
330
1F
100
AcDbEntity
  8
0
100
AcDbLine
 10
-89.47373751664908
 20
37.20733820071753
 30
0.0
 11
-91.6598277768061
 21
35.34729466971396
 31
0.0
  0
LINE
  5
75
330
1F
100
AcDbEntity
  8
0
100
AcDbLine
 10
-91.6598277768061
 20
35.34729466971396
 30
0.0
 11
-93.68252862098308
 21
33.30273825521373
 31
0.0
  0
LINE
  5
76
330
1F
100
AcDbEntity
  8
0
100
AcDbLine
 10
-93.68252862098308
 20
33.30273825521373
 30
0.0
 11
-95.27601724542528
 21
30.89638688515945
 31
0.0
  0
LINE
  5
77
330
1F
100
AcDbEntity
  8
0
100
AcDbLine
 10
-95.27601724542528
 20
30.89638688515945
 30
0.0
 11
-96.35706524042095
 21
28.20616666527494
 31
0.0
  0
LINE
  5
78
330
1F
100
AcDbEntity
  8
0
100
AcDbLine
 10
-96.35706524042095
 20
28.20616666527494
 30
0.0
 11
-97.02905599478899
 21
25.38778275519668
 31
0.0
  0
LINE
  5
79
330
1F
100
AcDbEntity
  8
0
100
AcDbLine
 10
-97.02905599478899
 20
25.38778275519668
 30
0.0
 11
-97.53491413215268
 21
22.53071479072635
 31
0.0
  0
LINE
  5
7A
330
1F
100
AcDbEntity
  8
0
100
AcDbLine
 10
-97.53491413215268
 20
22.53071479072635
 30
0.0
 11
-97.95864699121944
 21
19.66496987347954
 31
0.0
  0
LINE
  5
7B
330
1F
100
AcDbEntity
  8
0
100
AcDbLine
 10
-97.95864699121944
 20
19.66496987347954
 30
0.0
 11
-98.22783555088853
 21
16.77679320198439
 31
0.0
  0
LINE
  5
7C
330
1F
100
AcDbEntity
  8
0
100
AcDbLine
 10
-98.22783555088853
 20
16.77679320198439
 30
0.0
 11
-98.32870331518221
 21
13.8781972428535
 31
0.0
  0
LINE
  5
7D
330
1F
100
AcDbEntity
  8
0
100
AcDbLine
 10
-99.09721070251106
 20
13.88207665795573
 30
0.0
 11
-98.92552639851839
 21
17.17347981553282
 31
0.0
  0
LINE
  5
7E
330
1F
100
AcDbEntity
  8
0
100
AcDbLine
 10
-98.92552639851839
 20
17.17347981553282
 30
0.0
 11
-98.6487645222741
 21
20.48593477300467
 31
0.0
  0
LINE
  5
7F
330
1F
100
AcDbEntity
  8
0
100
AcDbLine
 10
-98.6487645222741
 20
20.48593477300467
 30
0.0
 11
-98.31022193583544
 21
23.80577510005072
 31
0.0
  0
LINE
  5
80
330
1F
100
AcDbEntity
  8
0
100
AcDbLine
 10
-98.31022193583544
 20
23.80577510005072
 30
0.0
 11
-97.67515184812001
 21
27.0394985648806
 31
0.0
  0
LINE
  5
81
330
1F
100
AcDbEntity
  8
0
100
AcDbLine
 10
-97.67515184812001
 20
27.0394985648806
 30
0.0
 11
-96.50593224231427
 21
30.09222966855875
 31
0.0
  0
LINE
  5
82
330
1F
100
AcDbEntity
  8
0
100
AcDbLine
 10
-96.50593224231427
 20
30.09222966855875
 30
0.0
 11
-94.80915483211227
 21
32.9256836041777
 31
0.0
  0
LINE
  5
83
330
1F
100
AcDbEntity
  8
0
100
AcDbLine
 10
-94.80915483211227
 20
32.9256836041777
 30
0.0
 11
-92.65210143398221
 21
35.379804854537
 31
0.0
  0
LINE
  5
84
330
1F
100
AcDbEntity
  8
0
100
AcDbLine
 10
-92.65210143398221
 20
35.379804854537
 30
0.0
 11
-89.85599695168182
 21
37.07438149966202
 31
0.0
  0
LINE
  5
85
330
1F
100
AcDbEntity
  8
0
100
AcDbLine
 10
-89.85599695168182
 20
37.07438149966202
 30
0.0
 11
-86.82814934249004
 21
38.24777431026013
 31
0.0
  0
LINE
  5
86
330
1F
100
AcDbEntity
  8
0
100
AcDbLine
 10
-86.82814934249004
 20
38.24777431026013
 30
0.0
 11
-83.67626185700689
 21
39.0692498052462
 31
0.0
  0
LINE
  5
87
330
1F
100
AcDbEntity
  8
0
100
AcDbLine
 10
-83.67626185700689
 20
39.0692498052462
 30
0.0
 11
-80.46836599725438
 21
39.56288201038699
 31
0.0
  0
LINE
  5
88
330
1F
100
AcDbEntity
  8
0
100
AcDbLine
 10
-57.44955847002257
 20
39.95094416991173
 30
0.0
 11
-57.4475880852682
 21
39.80392942534377
 31
0.0
  0
LINE
  5
89
330
1F
100
AcDbEntity
  8
0
100
AcDbLine
 10
-57.4475880852682
 20
39.80392942534377
 30
0.0
 11
-57.44400355023582
 21
39.65750374827332
 31
0.0
  0
LINE
  5
8A
330
1F
100
AcDbEntity
  8
0
100
AcDbLine
 10
-57.44400355023582
 20
39.65750374827332
 30
0.0
 11
-57.43894842084838
 21
39.511485585172
 31
0.0
  0
LINE
  5
8B
330
1F
100
AcDbEntity
  8
0
100
AcDbLine
 10
-57.43894842084838
 20
39.511485585172
 30
0.0
 11
-57.43256625300801
 21
39.36569338255319
 31
0.0
  0
LINE
  5
8C
330
1F
100
AcDbEntity
  8
0
100
AcDbLine
 10
-57.43256625300801
 20
39.36569338255319
 30
0.0
 11
-57.4250006026238
 21
39.2199455868537
 31
0.0
  0
LINE
  5
8D
330
1F
100
AcDbEntity
  8
0
100
AcDbLine
 10
-57.4250006026238
 20
39.2199455868537
 30
0.0
 11
-57.41639502558395
 21
39.07406064457298
 31
0.0
  0
LINE
  5
8E
330
1F
100
AcDbEntity
  8
0
100
AcDbLine
 10
-57.41639502558395
 20
39.07406064457298
 30
0.0
 11
-57.40689307779056
 21
38.92785700223137
 31
0.0
  0
LINE
  5
8F
330
1F
100
AcDbEntity
  8
0
100
AcDbLine
 10
-57.40689307779056
 20
38.92785700223137
 30
0.0
 11
-57.39663831516665
 21
38.78115310623787
 31
0.0
  0
LINE
  5
90
330
1F
100
AcDbEntity
  8
0
100
AcDbLine
 10
-57.39663831516665
 20
38.78115310623787
 30
0.0
 11
-57.38577429358648
 21
38.63376740311973
 31
0.0
  0
LINE
  5
91
330
1F
100
AcDbEntity
  8
0
100
AcDbLine
 10
-57.38577429358648
 20
38.63376740311973
 30
0.0
 11
-57.37444456897305
 21
38.48551833936252
 31
0.0
  0
LINE
  5
92
330
1F
100
AcDbEntity
  8
0
100
AcDbLine
 10
-57.37444456897305
 20
38.48551833936252
 30
0.0
 11
-57.36279269722151
 21
38.33622436141697
 31
0.0
  0
LINE
  5
93
330
1F
100
AcDbEntity
  8
0
100
AcDbLine
 10
-57.36279269722151
 20
38.33622436141697
 30
0.0
 11
-57.35096223424097
 21
38.18570391576165
 31
0.0
  0
LINE
  5
94
330
1F
100
AcDbEntity
  8
0
100
AcDbLine
 10
-57.35096223424097
 20
38.18570391576165
 30
0.0
 11
-57.33891926024799
 21
38.03391282941676
 31
0.0
  0
LINE
  5
95
330
1F
100
AcDbEntity
  8
0
100
AcDbLine
 10
-57.33891926024799
 20
38.03391282941676
 30
0.0
 11
-57.32569887742147
 21
37.88152758143104
 31
0.0
  0
LINE
  5
96
330
1F
100
AcDbEntity
  8
0
100
AcDbLine
 10
-57.32569887742147
 20
37.88152758143104
 30
0.0
 11
-57.3100319703121
 21
37.72946013990817
 31
0.0
  0
LINE
  5
97
330
1F
100
AcDbEntity
  8
0
100
AcDbLine
 10
-57.3100319703121
 20
37.72946013990817
 30
0.0
 11
-57.29064925208246
 21
37.57862260558206
 31
0.0
  0
LINE
  5
98
330
1F
100
AcDbEntity
  8
0
100
AcDbLine
 10
-57.29064925208246
 20
37.57862260558206
 30
0.0
 11
-57.26628143590895
 21
37.42992707920749
 31
0.0
  0
LINE
  5
99
330
1F
100
AcDbEntity
  8
0
100
AcDbLine
 10
-57.26628143590895
 20
37.42992707920749
 30
0.0
 11
-57.235659234975
 21
37.28428566150443
 31
0.0
  0
LINE
  5
9A
330
1F
100
AcDbEntity
  8
0
100
AcDbLine
 10
-57.235659234975
 20
37.28428566150443
 30
0.0
 11
-57.19751336243617
 21
37.14261045324157
 31
0.0
  0
LINE
  5
9B
330
1F
100
AcDbEntity
  8
0
100
AcDbLine
 10
-57.19751336243617
 20
37.14261045324157
 30
0.0
 11
-57.15057453147583
 21
37.00581355513194
 31
0.0
  0
LINE
  5
9C
330
1F
100
AcDbEntity
  8
0
100
AcDbLine
 10
-57.15057453147583
 20
37.00581355513194
 30
0.0
 11
-57.09357345526353
 21
36.87480706793031
 31
0.0
  0
LINE
  5
9D
330
1F
100
AcDbEntity
  8
0
100
AcDbLine
 10
-57.09357345526353
 20
36.87480706793031
 30
0.0
 11
-57.02524110799919
 21
36.750502924934
 31
0.0
  0
LINE
  5
9E
330
1F
100
AcDbEntity
  8
0
100
AcDbLine
 10
-57.02524110799919
 20
36.750502924934
 30
0.0
 11
-56.94496838791532
 21
36.63338975812951
 31
0.0
  0
LINE
  5
9F
330
1F
100
AcDbEntity
  8
0
100
AcDbLine
 10
-56.94496838791532
 20
36.63338975812951
 30
0.0
 11
-56.8542308009629
 21
36.52261904975107
 31
0.0
  0
LINE
  5
A0
330
1F
100
AcDbEntity
  8
0
100
AcDbLine
 10
-56.8542308009629
 20
36.52261904975107
 30
0.0
 11
-56.75491446807906
 21
36.41707889738417
 31
0.0
  0
LINE
  5
A1
330
1F
100
AcDbEntity
  8
0
100
AcDbLine
 10
-56.75491446807906
 20
36.41707889738417
 30
0.0
 11
-56.64890551018002
 21
36.31565739860733
 31
0.0
  0
LINE
  5
A2
330
1F
100
AcDbEntity
  8
0
100
AcDbLine
 10
-56.64890551018002
 20
36.31565739860733
 30
0.0
 11
-56.53809004819593
 21
36.21724265101994
 31
0.0
  0
LINE
  5
A3
330
1F
100
AcDbEntity
  8
0
100
AcDbLine
 10
-56.53809004819593
 20
36.21724265101994
 30
0.0
 11
-56.42435420304999
 21
36.12072275218664
 31
0.0
  0
LINE
  5
A4
330
1F
100
AcDbEntity
  8
0
100
AcDbLine
 10
-13.07521153011937
 20
33.39198253544637
 30
0.0
 11
-13.98695898309685
 21
33.30071904527919
 31
0.0
  0
LINE
  5
A5
330
1F
100
AcDbEntity
  8
0
100
AcDbLine
 10
-13.98695898309685
 20
33.30071904527919
 30
0.0
 11
-14.82153411479238
 21
32.96474632037141
 31
0.0
  0
LINE
  5
A6
330
1F
100
AcDbEntity
  8
0
100
AcDbLine
 10
-14.82153411479238
 20
32.96474632037141
 30
0.0
 11
-15.51134979828104
 21
32.36852488747488
 31
0.0
  0
LINE
  5
A7
330
1F
100
AcDbEntity
  8
0
100
AcDbLine
 10
-15.51134979828104
 20
32.36852488747488
 30
0.0
 11
-16.08223413810447
 21
31.60962557947355
 31
0.0
  0
LINE
  5
A8
330
1F
100
AcDbEntity
  8
0
100
AcDbLine
 10
-16.08223413810447
 20
31.60962557947355
 30
0.0
 11
-16.52109025813835
 21
30.77129615073333
 31
0.0
  0
LINE
  5
A9
330
1F
100
AcDbEntity
  8
0
100
AcDbLine
 10
-16.52109025813835
 20
30.77129615073333
 30
0.0
 11
-16.69136386289551
 21
29.87482945564227
 31
0.0
  0
LINE
  5
AA
330
1F
100
AcDbEntity
  8
0
100
AcDbLine
 10
0.3893073263868774
 20
33.93594426149367
 30
0.0
 11
-0.6517989617483048
 21
34.20046513051108
 31
0.0
  0
LINE
  5
AB
330
1F
100
AcDbEntity
  8
0
100
AcDbLine
 10
-0.6517989617483048
 20
34.20046513051108
 30
0.0
 11
-1.675286376996683
 21
34.51315757931398
 31
0.0
  0
LINE
  5
AC
330
1F
100
AcDbEntity
  8
0
100
AcDbLine
 10
-1.675286376996683
 20
34.51315757931398
 30
0.0
 11
-2.668570525447079
 21
34.90234353617272
 31
0.0
  0
LINE
  5
AD
330
1F
100
AcDbEntity
  8
0
100
AcDbLine
 10
-2.668570525447079
 20
34.90234353617272
 30
0.0
 11
-3.668706059366971
 21
35.29651299234453
 31
0.0
  0
LINE
  5
AE
330
1F
100
AcDbEntity
  8
0
100
AcDbLine
 10
-3.668706059366971
 20
35.29651299234453
 30
0.0
 11
-4.717187855703933
 21
35.59873587805397
 31
0.0
  0
LINE
  5
AF
330
1F
100
AcDbEntity
  8
0
100
AcDbLine
 10
-4.717187855703933
 20
35.59873587805397
 30
0.0
 11
-5.788863837344771
 21
35.56885129504422
 31
0.0
  0
LINE
  5
B0
330
1F
100
AcDbEntity
  8
0
100
AcDbLine
 10
-5.788863837344771
 20
35.56885129504422
 30
0.0
 11
-6.663261775565543
 21
34.94537608264441
 31
0.0
  0
LINE
  5
B1
330
1F
100
AcDbEntity
  8
0
100
AcDbLine
 10
-6.663261775565543
 20
34.94537608264441
 30
0.0
 11
-6.885526973057243
 21
33.88363110662985
 31
0.0
  0
LINE
  5
B2
330
1F
100
AcDbEntity
  8
0
100
AcDbLine
 10
-6.885526973057243
 20
33.88363110662985
 30
0.0
 11
-6.593664182907042
 21
32.88122068100942
 31
0.0
  0
LINE
  5
B3
330
1F
100
AcDbEntity
  8
0
100
AcDbLine
 10
-6.593664182907042
 20
32.88122068100942
 30
0.0
 11
-5.876730856505961
 21
32.05098704544977
 31
0.0
  0
LINE
  5
B4
330
1F
100
AcDbEntity
  8
0
100
AcDbLine
 10
-5.876730856505961
 20
32.05098704544977
 30
0.0
 11
-5.198720213563504
 21
31.1903817588435
 31
0.0
  0
LINE
  5
B5
330
1F
100
AcDbEntity
  8
0
100
AcDbLine
 10
-5.198720213563504
 20
31.1903817588435
 30
0.0
 11
-4.651162579179996
 21
30.2652801318478
 31
0.0
  0
LINE
  5
B6
330
1F
100
AcDbEntity
  8
0
100
AcDbLine
 10
4.177617468460852
 20
32.39016745276883
 30
0.0
 11
3.517912552003081
 21
32.43271315313522
 31
0.0
  0
LINE
  5
B7
330
1F
100
AcDbEntity
  8
0
100
AcDbLine
 10
3.517912552003081
 20
32.43271315313522
 30
0.0
 11
2.871411572616963
 21
32.52702254253759
 31
0.0
  0
LINE
  5
B8
330
1F
100
AcDbEntity
  8
0
100
AcDbLine
 10
2.871411572616963
 20
32.52702254253759
 30
0.0
 11
2.294954679911068
 21
32.79271567364258
 31
0.0
  0
LINE
  5
B9
330
1F
100
AcDbEntity
  8
0
100
AcDbLine
 10
2.294954679911068
 20
32.79271567364258
 30
0.0
 11
1.775411561656299
 21
33.19845476142361
 31
0.0
  0
LINE
  5
BA
330
1F
100
AcDbEntity
  8
0
100
AcDbLine
 10
1.775411561656299
 20
33.19845476142361
 30
0.0
 11
1.22505783970681
 21
33.55196898416357
 31
0.0
  0
LINE
  5
BB
330
1F
100
AcDbEntity
  8
0
100
AcDbLine
 10
2.926998650904598
 20
28.81199146539101
 30
0.0
 11
2.94519574235583
 21
28.66368325519586
 31
0.0
  0
LINE
  5
BC
330
1F
100
AcDbEntity
  8
0
100
AcDbLine
 10
2.94519574235583
 20
28.66368325519586
 30
0.0
 11
2.962530347849656
 21
28.51509389778462
 31
0.0
  0
LINE
  5
BD
330
1F
100
AcDbEntity
  8
0
100
AcDbLine
 10
2.962530347849656
 20
28.51509389778462
 30
0.0
 11
2.979027594943649
 21
28.36625484281455
 31
0.0
  0
LINE
  5
BE
330
1F
100
AcDbEntity
  8
0
100
AcDbLine
 10
2.979027594943649
 20
28.36625484281455
 30
0.0
 11
2.994712611160594
 21
28.21719753997077
 31
0.0
  0
LINE
  5
BF
330
1F
100
AcDbEntity
  8
0
100
AcDbLine
 10
2.994712611160594
 20
28.21719753997077
 30
0.0
 11
3.009610524037192
 21
28.06795343888966
 31
0.0
  0
LINE
  5
C0
330
1F
100
AcDbEntity
  8
0
100
AcDbLine
 10
3.009610524037192
 20
28.06795343888966
 30
0.0
 11
3.0237464610684
 21
27.91855398922156
 31
0.0
  0
LINE
  5
C1
330
1F
100
AcDbEntity
  8
0
100
AcDbLine
 10
3.0237464610684
 20
27.91855398922156
 30
0.0
 11
3.037145549804833
 21
27.76903064061678
 31
0.0
  0
LINE
  5
C2
330
1F
100
AcDbEntity
  8
0
100
AcDbLine
 10
3.037145549804833
 20
27.76903064061678
 30
0.0
 11
3.049832917769277
 21
27.61941484275348
 31
0.0
  0
LINE
  5
C3
330
1F
100
AcDbEntity
  8
0
100
AcDbLine
 10
3.049832917769277
 20
27.61941484275348
 30
0.0
 11
3.061833692484518
 21
27.46973804528197
 31
0.0
  0
LINE
  5
C4
330
1F
100
AcDbEntity
  8
0
100
AcDbLine
 10
3.061833692484518
 20
27.46973804528197
 30
0.0
 11
3.073173001480299
 21
27.32003169783864
 31
0.0
  0
LINE
  5
C5
330
1F
100
AcDbEntity
  8
0
100
AcDbLine
 10
3.073173001480299
 20
27.32003169783864
 30
0.0
 11
3.083875972279407
 21
27.17032725010166
 31
0.0
  0
LINE
  5
C6
330
1F
100
AcDbEntity
  8
0
100
AcDbLine
 10
1.22505783970681
 20
33.55196898416357
 30
0.0
 11
1.350848851703111
 21
33.49085366079497
 31
0.0
  0
LINE
  5
C7
330
1F
100
AcDbEntity
  8
0
100
AcDbLine
 10
1.350848851703111
 20
33.49085366079497
 30
0.0
 11
1.463990534275949
 21
33.41014767919528
 31
0.0
  0
LINE
  5
C8
330
1F
100
AcDbEntity
  8
0
100
AcDbLine
 10
1.463990534275949
 20
33.41014767919528
 30
0.0
 11
1.565801352376767
 21
33.3126370994016
 31
0.0
  0
LINE
  5
C9
330
1F
100
AcDbEntity
  8
0
100
AcDbLine
 10
1.565801352376767
 20
33.3126370994016
 30
0.0
 11
1.657599770963964
 21
33.2011079814997
 31
0.0
  0
LINE
  5
CA
330
1F
100
AcDbEntity
  8
0
100
AcDbLine
 10
1.657599770963964
 20
33.2011079814997
 30
0.0
 11
1.740704254988985
 21
33.07834638551277
 31
0.0
  0
LINE
  5
CB
330
1F
100
AcDbEntity
  8
0
100
AcDbLine
 10
1.740704254988985
 20
33.07834638551277
 30
0.0
 11
1.816433269417185
 21
32.94713837154048
 31
0.0
  0
LINE
  5
CC
330
1F
100
AcDbEntity
  8
0
100
AcDbLine
 10
1.816433269417185
 20
32.94713837154048
 30
0.0
 11
1.886105279213922
 21
32.81026999961996
 31
0.0
  0
LINE
  5
CD
330
1F
100
AcDbEntity
  8
0
100
AcDbLine
 10
1.886105279213922
 20
32.81026999961996
 30
0.0
 11
1.951038749337596
 21
32.67052732983696
 31
0.0
  0
LINE
  5
CE
330
1F
100
AcDbEntity
  8
0
100
AcDbLine
 10
1.951038749337596
 20
32.67052732983696
 30
0.0
 11
2.012492025406631
 21
32.53055275457454
 31
0.0
  0
LINE
  5
CF
330
1F
100
AcDbEntity
  8
0
100
AcDbLine
 10
2.012492025406631
 20
32.53055275457454
 30
0.0
 11
2.071031468474295
 21
32.3913350248442
 31
0.0
  0
LINE
  5
D0
330
1F
100
AcDbEntity
  8
0
100
AcDbLine
 10
2.071031468474295
 20
32.3913350248442
 30
0.0
 11
2.126780253917762
 21
32.25280380722239
 31
0.0
  0
LINE
  5
D1
330
1F
100
AcDbEntity
  8
0
100
AcDbLine
 10
2.126780253917762
 20
32.25280380722239
 30
0.0
 11
2.179854315612562
 21
32.11487146309197
 31
0.0
  0
LINE
  5
D2
330
1F
100
AcDbEntity
  8
0
100
AcDbLine
 10
2.179854315612562
 20
32.11487146309197
 30
0.0
 11
2.230369587413357
 21
31.97745035386367
 31
0.0
  0
LINE
  5
D3
330
1F
100
AcDbEntity
  8
0
100
AcDbLine
 10
2.230369587413357
 20
31.97745035386367
 30
0.0
 11
2.278442003181764
 21
31.8404528409621
 31
0.0
  0
LINE
  5
D4
330
1F
100
AcDbEntity
  8
0
100
AcDbLine
 10
2.278442003181764
 20
31.8404528409621
 30
0.0
 11
2.324187496786359
 21
31.70379128579102
 31
0.0
  0
LINE
  5
D5
330
1F
100
AcDbEntity
  8
0
100
AcDbLine
 10
11.98112398939515
 20
35.92273082555327
 30
0.0
 11
14.69084314535983
 21
35.74972780017733
 31
0.0
  0
LINE
  5
D6
330
1F
100
AcDbEntity
  8
0
100
AcDbLine
 10
14.69084314535983
 20
35.74972780017733
 30
0.0
 11
17.39561634613901
 21
35.50804684439122
 31
0.0
  0
LINE
  5
D7
330
1F
100
AcDbEntity
  8
0
100
AcDbLine
 10
17.39561634613901
 20
35.50804684439122
 30
0.0
 11
20.09370882073237
 21
35.25353865272627
 31
0.0
  0
LINE
  5
D8
330
1F
100
AcDbEntity
  8
0
100
AcDbLine
 10
20.09370882073237
 20
35.25353865272627
 30
0.0
 11
22.79290682183431
 21
34.96655603003906
 31
0.0
  0
LINE
  5
D9
330
1F
100
AcDbEntity
  8
0
100
AcDbLine
 10
22.79290682183431
 20
34.96655603003906
 30
0.0
 11
25.4937167199967
 21
34.53304301643079
 31
0.0
  0
LINE
  5
DA
330
1F
100
AcDbEntity
  8
0
100
AcDbLine
 10
25.4937167199967
 20
34.53304301643079
 30
0.0
 11
28.07042410363931
 21
33.80516188012935
 31
0.0
  0
LINE
  5
DB
330
1F
100
AcDbEntity
  8
0
100
AcDbLine
 10
28.07042410363931
 20
33.80516188012935
 30
0.0
 11
30.68605781635952
 21
32.70210529124528
 31
0.0
  0
LINE
  5
DC
330
1F
100
AcDbEntity
  8
0
100
AcDbLine
 10
30.68605781635952
 20
32.70210529124528
 30
0.0
 11
32.58159181534443
 21
30.78564986979765
 31
0.0
  0
LINE
  5
DD
330
1F
100
AcDbEntity
  8
0
100
AcDbLine
 10
2.566313953509591
 20
35.20692992730029
 30
0.0
 11
2.470841395891489
 21
35.09343350415664
 31
0.0
  0
LINE
  5
DE
330
1F
100
AcDbEntity
  8
0
100
AcDbLine
 10
2.470841395891489
 20
35.09343350415664
 30
0.0
 11
2.374785080519801
 21
34.98051895284921
 31
0.0
  0
LINE
  5
DF
330
1F
100
AcDbEntity
  8
0
100
AcDbLine
 10
2.374785080519801
 20
34.98051895284921
 30
0.0
 11
2.278159974118166
 21
34.86815860144812
 31
0.0
  0
LINE
  5
E0
330
1F
100
AcDbEntity
  8
0
100
AcDbLine
 10
2.278159974118166
 20
34.86815860144812
 30
0.0
 11
2.180981043438056
 21
34.75632477807219
 31
0.0
  0
LINE
  5
E1
330
1F
100
AcDbEntity
  8
0
100
AcDbLine
 10
2.180981043438056
 20
34.75632477807219
 30
0.0
 11
2.083263255196152
 21
34.64498981082632
 31
0.0
  0
LINE
  5
E2
330
1F
100
AcDbEntity
  8
0
100
AcDbLine
 10
2.083263255196152
 20
34.64498981082632
 30
0.0
 11
1.985021576136968
 21
34.53412602778065
 31
0.0
  0
LINE
  5
E3
330
1F
100
AcDbEntity
  8
0
100
AcDbLine
 10
1.985021576136968
 20
34.53412602778065
 30
0.0
 11
1.886270972998059
 21
34.42370575706094
 31
0.0
  0
LINE
  5
E4
330
1F
100
AcDbEntity
  8
0
100
AcDbLine
 10
1.886270972998059
 20
34.42370575706094
 30
0.0
 11
1.78702641251698
 21
34.31370132675818
 31
0.0
  0
LINE
  5
E5
330
1F
100
AcDbEntity
  8
0
100
AcDbLine
 10
1.78702641251698
 20
34.31370132675818
 30
0.0
 11
1.687302861445199
 21
34.20408506500511
 31
0.0
  0
LINE
  5
E6
330
1F
100
AcDbEntity
  8
0
100
AcDbLine
 10
1.687302861445199
 20
34.20408506500511
 30
0.0
 11
1.587115286492445
 21
34.09482929984403
 31
0.0
  0
LINE
  5
E7
330
1F
100
AcDbEntity
  8
0
100
AcDbLine
 10
1.587115286492445
 20
34.09482929984403
 30
0.0
 11
1.486478654410187
 21
33.98590635940766
 31
0.0
  0
LINE
  5
E8
330
1F
100
AcDbEntity
  8
0
100
AcDbLine
 10
1.486478654410187
 20
33.98590635940766
 30
0.0
 11
1.385407931935978
 21
33.87728857182178
 31
0.0
  0
LINE
  5
E9
330
1F
100
AcDbEntity
  8
0
100
AcDbLine
 10
1.385407931935978
 20
33.87728857182178
 30
0.0
 11
1.283918085793462
 21
33.76894826512868
 31
0.0
  0
LINE
  5
EA
330
1F
100
AcDbEntity
  8
0
100
AcDbLine
 10
1.283918085793462
 20
33.76894826512868
 30
0.0
 11
1.182024082734105
 21
33.66085776746806
 31
0.0
  0
LINE
  5
EB
330
1F
100
AcDbEntity
  8
0
100
AcDbLine
 10
1.182024082734105
 20
33.66085776746806
 30
0.0
 11
1.079740889488508
 21
33.5529894069309
 31
0.0
  0
LINE
  5
EC
330
1F
100
AcDbEntity
  8
0
100
AcDbLine
 10
1.079740889488508
 20
33.5529894069309
 30
0.0
 11
0.9770815882126227
 21
33.44531970557902
 31
0.0
  0
LINE
  5
ED
330
1F
100
AcDbEntity
  8
0
100
AcDbLine
 10
0.9770815882126227
 20
33.44531970557902
 30
0.0
 11
0.8740434299257639
 21
33.33786041632356
 31
0.0
  0
LINE
  5
EE
330
1F
100
AcDbEntity
  8
0
100
AcDbLine
 10
0.8740434299257639
 20
33.33786041632356
 30
0.0
 11
0.7706157504198246
 21
33.23064090671412
 31
0.0
  0
LINE
  5
EF
330
1F
100
AcDbEntity
  8
0
100
AcDbLine
 10
0.7706157504198246
 20
33.23064090671412
 30
0.0
 11
0.6667878267896253
 21
33.12369067480863
 31
0.0
  0
LINE
  5
F0
330
1F
100
AcDbEntity
  8
0
100
AcDbLine
 10
0.6667878267896253
 20
33.12369067480863
 30
0.0
 11
0.5625489361439016
 21
33.01703921876238
 31
0.0
  0
LINE
  5
F1
330
1F
100
AcDbEntity
  8
0
100
AcDbLine
 10
0.5625489361439016
 20
33.01703921876238
 30
0.0
 11
0.4578883556053026
 21
32.91071603672374
 31
0.0
  0
LINE
  5
F2
330
1F
100
AcDbEntity
  8
0
100
AcDbLine
 10
0.4578883556053026
 20
32.91071603672374
 30
0.0
 11
0.3527953622616924
 21
32.80475062677844
 31
0.0
  0
LINE
  5
F3
330
1F
100
AcDbEntity
  8
0
100
AcDbLine
 10
0.3527953622616924
 20
32.80475062677844
 30
0.0
 11
0.2472592332565917
 21
32.69917248708178
 31
0.0
  0
LINE
  5
F4
330
1F
100
AcDbEntity
  8
0
100
AcDbLine
 10
0.2472592332565917
 20
32.69917248708178
 30
0.0
 11
0.1412692456361217
 21
32.59401111573342
 31
0.0
  0
LINE
  5
F5
330
1F
100
AcDbEntity
  8
0
100
AcDbLine
 10
0.1412692456361217
 20
32.59401111573342
 30
0.0
 11
0.0348146765716316
 21
32.48929601088867
 31
0.0
  0
LINE
  5
F6
330
1F
100
AcDbEntity
  8
0
100
AcDbLine
 10
0.0348146765716316
 20
32.48929601088867
 30
0.0
 11
-0.072115196862929
 21
32.38505667064717
 31
0.0
  0
LINE
  5
F7
330
1F
100
AcDbEntity
  8
0
100
AcDbLine
 10
-0.072115196862929
 20
32.38505667064717
 30
0.0
 11
-0.179531097572739
 21
32.2813225931364
 31
0.0
  0
LINE
  5
F8
330
1F
100
AcDbEntity
  8
0
100
AcDbLine
 10
-0.179531097572739
 20
32.2813225931364
 30
0.0
 11
-0.2874437484142777
 21
32.17812327648385
 31
0.0
  0
LINE
  5
F9
330
1F
100
AcDbEntity
  8
0
100
AcDbLine
 10
-0.2874437484142777
 20
32.17812327648385
 30
0.0
 11
-0.3958638722996812
 21
32.075488218817
 31
0.0
  0
LINE
  5
FA
330
1F
100
AcDbEntity
  8
0
100
AcDbLine
 10
-0.3958638722996812
 20
32.075488218817
 30
0.0
 11
-0.5048021921271716
 21
31.97344691827027
 31
0.0
  0
LINE
  5
FB
330
1F
100
AcDbEntity
  8
0
100
AcDbLine
 10
-0.5048021921271716
 20
31.97344691827027
 30
0.0
 11
-0.6142694307810562
 21
31.87202887293637
 31
0.0
  0
LINE
  5
FC
330
1F
100
AcDbEntity
  8
0
100
AcDbLine
 10
-0.6142694307810562
 20
31.87202887293637
 30
0.0
 11
-0.7242763111595573
 21
31.77126358097756
 31
0.0
  0
LINE
  5
FD
330
1F
100
AcDbEntity
  8
0
100
AcDbLine
 10
-0.7242763111595573
 20
31.77126358097756
 30
0.0
 11
-0.8348335561400251
 21
31.67118054048654
 31
0.0
  0
LINE
  5
FE
330
1F
100
AcDbEntity
  8
0
100
AcDbLine
 10
-0.8348335561400251
 20
31.67118054048654
 30
0.0
 11
-0.9459518886415531
 21
31.57180924960469
 31
0.0
  0
LINE
  5
FF
330
1F
100
AcDbEntity
  8
0
100
AcDbLine
 10
-0.9459518886415531
 20
31.57180924960469
 30
0.0
 11
-1.057642031527578
 21
31.47317920644559
 31
0.0
  0
LINE
  5
100
330
1F
100
AcDbEntity
  8
0
100
AcDbLine
 10
-1.057642031527578
 20
31.47317920644559
 30
0.0
 11
-1.169914707703278
 21
31.37531990916453
 31
0.0
  0
LINE
  5
101
330
1F
100
AcDbEntity
  8
0
100
AcDbLine
 10
-1.169914707703278
 20
31.37531990916453
 30
0.0
 11
-1.282780640066875
 21
31.27826085585423
 31
0.0
  0
LINE
  5
102
330
1F
100
AcDbEntity
  8
0
100
AcDbLine
 10
-1.282780640066875
 20
31.27826085585423
 30
0.0
 11
-1.396250551516592
 21
31.18203154464215
 31
0.0
  0
LINE
  5
103
330
1F
100
AcDbEntity
  8
0
100
AcDbLine
 10
-1.396250551516592
 20
31.18203154464215
 30
0.0
 11
-1.510335164922821
 21
31.08666147365577
 31
0.0
  0
LINE
  5
104
330
1F
100
AcDbEntity
  8
0
100
AcDbLine
 10
-1.510335164922821
 20
31.08666147365577
 30
0.0
 11
-1.6250452031977
 21
30.99218014102258
 31
0.0
  0
LINE
  5
105
330
1F
100
AcDbEntity
  8
0
100
AcDbLine
 10
-1.6250452031977
 20
30.99218014102258
 30
0.0
 11
-1.740391389225535
 21
30.89861704487004
 31
0.0
  0
LINE
  5
106
330
1F
100
AcDbEntity
  8
0
100
AcDbLine
 10
-1.740391389225535
 20
30.89861704487004
 30
0.0
 11
-1.856384445904548
 21
30.8060016833187
 31
0.0
  0
LINE
  5
107
330
1F
100
AcDbEntity
  8
0
100
AcDbLine
 10
-1.856384445904548
 20
30.8060016833187
 30
0.0
 11
-1.973035096112091
 21
30.71436355448906
 31
0.0
  0
LINE
  5
108
330
1F
100
AcDbEntity
  8
0
100
AcDbLine
 10
3.73655263417192
 20
39.8613334788684
 30
0.0
 11
3.633239353213402
 21
38.10877486517181
 31
0.0
  0
LINE
  5
109
330
1F
100
AcDbEntity
  8
0
100
AcDbLine
 10
3.633239353213402
 20
38.10877486517181
 30
0.0
 11
2.760050571637046
 21
36.60812099283785
 31
0.0
  0
LINE
  5
10A
330
1F
100
AcDbEntity
  8
0
100
AcDbLine
 10
2.760050571637046
 20
36.60812099283785
 30
0.0
 11
1.666125317771127
 21
35.25496358935153
 31
0.0
  0
LINE
  5
10B
330
1F
100
AcDbEntity
  8
0
100
AcDbLine
 10
1.666125317771127
 20
35.25496358935153
 30
0.0
 11
0.5182232914774226
 21
33.95342238834761
 31
0.0
  0
LINE
  5
10C
330
1F
100
AcDbEntity
  8
0
100
AcDbLine
 10
0.5182232914774226
 20
33.95342238834761
 30
0.0
 11
-0.7078689582308914
 21
32.71206692843622
 31
0.0
  0
LINE
  5
10D
330
1F
100
AcDbEntity
  8
0
100
AcDbLine
 10
-0.7078689582308914
 20
32.71206692843622
 30
0.0
 11
-2.010718465898618
 21
31.55250169617218
 31
0.0
  0
LINE
  5
10E
330
1F
100
AcDbEntity
  8
0
100
AcDbLine
 10
-2.010718465898618
 20
31.55250169617218
 30
0.0
 11
-3.388892266098388
 21
30.49633117812426
 31
0.0
  0
LINE
  5
10F
330
1F
100
AcDbEntity
  8
0
100
AcDbLine
 10
-11.42530481734551
 20
35.90265227646883
 30
0.0
 11
-8.337655913164637
 21
35.81736427853154
 31
0.0
  0
LINE
  5
110
330
1F
100
AcDbEntity
  8
0
100
AcDbLine
 10
-8.337655913164637
 20
35.81736427853154
 30
0.0
 11
-5.249155729164908
 21
35.71380918987602
 31
0.0
  0
LINE
  5
111
330
1F
100
AcDbEntity
  8
0
100
AcDbLine
 10
-5.249155729164908
 20
35.71380918987602
 30
0.0
 11
-2.159330139565025
 21
35.63829930845974
 31
0.0
  0
LINE
  5
112
330
1F
100
AcDbEntity
  8
0
100
AcDbLine
 10
-2.159330139565025
 20
35.63829930845974
 30
0.0
 11
0.9213865036953043
 21
35.42513280343633
 31
0.0
  0
LINE
  5
113
330
1F
100
AcDbEntity
  8
0
100
AcDbLine
 10
0.9213865036953043
 20
35.42513280343633
 30
0.0
 11
3.990528471523805
 21
35.08886916443141
 31
0.0
  0
LINE
  5
114
330
1F
100
AcDbEntity
  8
0
100
AcDbLine
 10
3.990528471523805
 20
35.08886916443141
 30
0.0
 11
7.057091497926376
 21
34.73232626301664
 31
0.0
  0
LINE
  5
115
330
1F
100
AcDbEntity
  8
0
100
AcDbLine
 10
7.057091497926376
 20
34.73232626301664
 30
0.0
 11
10.12654513418904
 21
34.29248989211008
 31
0.0
  0
LINE
  5
116
330
1F
100
AcDbEntity
  8
0
100
AcDbLine
 10
10.12654513418904
 20
34.29248989211008
 30
0.0
 11
13.11567019190515
 21
33.50649812915546
 31
0.0
  0
LINE
  5
117
330
1F
100
AcDbEntity
  8
0
100
AcDbLine
 10
-16.51193632120642
 20
37.39099786908253
 30
0.0
 11
-12.94476045237197
 21
37.35173828270846
 31
0.0
  0
LINE
  5
118
330
1F
100
AcDbEntity
  8
0
100
AcDbLine
 10
-12.94476045237197
 20
37.35173828270846
 30
0.0
 11
-9.378103417891134
 21
37.26810155518311
 31
0.0
  0
LINE
  5
119
330
1F
100
AcDbEntity
  8
0
100
AcDbLine
 10
-9.378103417891134
 20
37.26810155518311
 30
0.0
 11
-5.813377464725101
 21
37.13232033581365
 31
0.0
  0
LINE
  5
11A
330
1F
100
AcDbEntity
  8
0
100
AcDbLine
 10
-5.813377464725101
 20
37.13232033581365
 30
0.0
 11
-2.251856473437258
 21
36.93812422229439
 31
0.0
  0
LINE
  5
11B
330
1F
100
AcDbEntity
  8
0
100
AcDbLine
 10
-2.251856473437258
 20
36.93812422229439
 30
0.0
 11
1.307934663552725
 21
36.70898335293103
 31
0.0
  0
LINE
  5
11C
330
1F
100
AcDbEntity
  8
0
100
AcDbLine
 10
1.307934663552725
 20
36.70898335293103
 30
0.0
 11
4.869608818855713
 21
36.49139170443028
 31
0.0
  0
LINE
  5
11D
330
1F
100
AcDbEntity
  8
0
100
AcDbLine
 10
4.869608818855713
 20
36.49139170443028
 30
0.0
 11
8.430196909155775
 21
36.25885390843336
 31
0.0
  0
LINE
  5
11E
330
1F
100
AcDbEntity
  8
0
100
AcDbLine
 10
8.430196909155775
 20
36.25885390843336
 30
0.0
 11
11.98112398939515
 21
35.92273082555327
 31
0.0
  0
LINE
  5
11F
330
1F
100
AcDbEntity
  8
0
100
AcDbLine
 10
-37.89822998989337
 20
31.23138035005287
 30
0.0
 11
-37.74899371178156
 21
31.24409722481335
 31
0.0
  0
LINE
  5
120
330
1F
100
AcDbEntity
  8
0
100
AcDbLine
 10
-37.74899371178156
 20
31.24409722481335
 30
0.0
 11
-37.59956725486513
 21
31.25544196571977
 31
0.0
  0
LINE
  5
121
330
1F
100
AcDbEntity
  8
0
100
AcDbLine
 10
-37.59956725486513
 20
31.25544196571977
 30
0.0
 11
-37.44996967340879
 21
31.26548228780679
 31
0.0
  0
LINE
  5
122
330
1F
100
AcDbEntity
  8
0
100
AcDbLine
 10
-37.44996967340879
 20
31.26548228780679
 30
0.0
 11
-37.30022002169815
 21
31.27428590615081
 31
0.0
  0
LINE
  5
123
330
1F
100
AcDbEntity
  8
0
100
AcDbLine
 10
-37.30022002169815
 20
31.27428590615081
 30
0.0
 11
-37.15033735401878
 21
31.28192053577951
 31
0.0
  0
LINE
  5
124
330
1F
100
AcDbEntity
  8
0
100
AcDbLine
 10
-37.15033735401878
 20
31.28192053577951
 30
0.0
 11
-37.00034072463539
 21
31.28845389178318
 31
0.0
  0
LINE
  5
125
330
1F
100
AcDbEntity
  8
0
100
AcDbLine
 10
-37.00034072463539
 20
31.28845389178318
 30
0.0
 11
-36.8502491878475
 21
31.29395368917563
 31
0.0
  0
LINE
  5
126
330
1F
100
AcDbEntity
  8
0
100
AcDbLine
 10
-36.8502491878475
 20
31.29395368917563
 30
0.0
 11
-36.7000817979198
 21
31.29848764299844
 31
0.0
  0
LINE
  5
127
330
1F
100
AcDbEntity
  8
0
100
AcDbLine
 10
-36.7000817979198
 20
31.29848764299844
 30
0.0
 11
-36.5498576091379
 21
31.30212346833497
 31
0.0
  0
LINE
  5
128
330
1F
100
AcDbEntity
  8
0
100
AcDbLine
 10
-36.5498576091379
 20
31.30212346833497
 30
0.0
 11
-36.39959567578737
 21
31.30492888022681
 31
0.0
  0
LINE
  5
129
330
1F
100
AcDbEntity
  8
0
100
AcDbLine
 10
-36.39959567578737
 20
31.30492888022681
 30
0.0
 11
-36.24931505213292
 21
31.30697159372951
 31
0.0
  0
LINE
  5
12A
330
1F
100
AcDbEntity
  8
0
100
AcDbLine
 10
-36.24931505213292
 20
31.30697159372951
 30
0.0
 11
-36.09903479248103
 21
31.30831932388465
 31
0.0
  0
LINE
  5
12B
330
1F
100
AcDbEntity
  8
0
100
AcDbLine
 10
-36.09903479248103
 20
31.30831932388465
 30
0.0
 11
-35.94877395108248
 21
31.30903978573384
 31
0.0
  0
LINE
  5
12C
330
1F
100
AcDbEntity
  8
0
100
AcDbLine
 10
-35.94877395108248
 20
31.30903978573384
 30
0.0
 11
-35.79855158222982
 21
31.3092006943326
 31
0.0
  0
LINE
  5
12D
330
1F
100
AcDbEntity
  8
0
100
AcDbLine
 10
-35.79855158222982
 20
31.3092006943326
 30
0.0
 11
-35.64838674020169
 21
31.30886976476429
 31
0.0
  0
LINE
  5
12E
330
1F
100
AcDbEntity
  8
0
100
AcDbLine
 10
-35.64838674020169
 20
31.30886976476429
 30
0.0
 11
-35.49829847926974
 21
31.30811471204962
 31
0.0
  0
LINE
  5
12F
330
1F
100
AcDbEntity
  8
0
100
AcDbLine
 10
-35.49829847926974
 20
31.30811471204962
 30
0.0
 11
-35.34830585374044
 21
31.30700325123022
 31
0.0
  0
LINE
  5
130
330
1F
100
AcDbEntity
  8
0
100
AcDbLine
 10
-35.34830585374044
 20
31.30700325123022
 30
0.0
 11
-35.19842791787156
 21
31.30560309738246
 31
0.0
  0
LINE
  5
131
330
1F
100
AcDbEntity
  8
0
100
AcDbLine
 10
-35.19842791787156
 20
31.30560309738246
 30
0.0
 11
-35.04868372594171
 21
31.30398196554797
 31
0.0
  0
LINE
  5
132
330
1F
100
AcDbEntity
  8
0
100
AcDbLine
 10
-35.04868372594171
 20
31.30398196554797
 30
0.0
 11
-34.89909233223648
 21
31.30220757077528
 31
0.0
  0
LINE
  5
133
330
1F
100
AcDbEntity
  8
0
100
AcDbLine
 10
-34.89909233223648
 20
31.30220757077528
 30
0.0
 11
-34.74967279104147
 21
31.30034762812689
 31
0.0
  0
LINE
  5
134
330
1F
100
AcDbEntity
  8
0
100
AcDbLine
 10
-34.74967279104147
 20
31.30034762812689
 30
0.0
 11
-34.60044415662833
 21
31.29846985263049
 31
0.0
  0
LINE
  5
135
330
1F
100
AcDbEntity
  8
0
100
AcDbLine
 10
-34.60044415662833
 20
31.29846985263049
 30
0.0
 11
-34.45142548328266
 21
31.29664195935551
 31
0.0
  0
LINE
  5
136
330
1F
100
AcDbEntity
  8
0
100
AcDbLine
 10
-34.45142548328266
 20
31.29664195935551
 30
0.0
 11
-34.30263582529005
 21
31.29493166334355
 31
0.0
  0
LINE
  5
137
330
1F
100
AcDbEntity
  8
0
100
AcDbLine
 10
-34.30263582529005
 20
31.29493166334355
 30
0.0
 11
-34.15409423690127
 21
31.29340667966405
 31
0.0
  0
LINE
  5
138
330
1F
100
AcDbEntity
  8
0
100
AcDbLine
 10
-34.15409423690127
 20
31.29340667966405
 30
0.0
 11
-34.00581977242283
 21
31.2921347233447
 31
0.0
  0
LINE
  5
139
330
1F
100
AcDbEntity
  8
0
100
AcDbLine
 10
-34.00581977242283
 20
31.2921347233447
 30
0.0
 11
-33.85782482705941
 21
31.29117576409212
 31
0.0
  0
LINE
  5
13A
330
1F
100
AcDbEntity
  8
0
100
AcDbLine
 10
-33.85782482705941
 20
31.29117576409212
 30
0.0
 11
-33.71007940371321
 21
31.2905404639925
 31
0.0
  0
LINE
  5
13B
330
1F
100
AcDbEntity
  8
0
100
AcDbLine
 10
-33.71007940371321
 20
31.2905404639925
 30
0.0
 11
-33.56253688074097
 21
31.29022014861769
 31
0.0
  0
LINE
  5
13C
330
1F
100
AcDbEntity
  8
0
100
AcDbLine
 10
-33.56253688074097
 20
31.29022014861769
 30
0.0
 11
-33.41515059736572
 21
31.29020609806092
 31
0.0
  0
LINE
  5
13D
330
1F
100
AcDbEntity
  8
0
100
AcDbLine
 10
-33.41515059736572
 20
31.29020609806092
 30
0.0
 11
-33.26787389284531
 21
31.29048959247114
 31
0.0
  0
LINE
  5
13E
330
1F
100
AcDbEntity
  8
0
100
AcDbLine
 10
-33.26787389284531
 20
31.29048959247114
 30
0.0
 11
-33.12066010640969
 21
31.29106191191377
 31
0.0
  0
LINE
  5
13F
330
1F
100
AcDbEntity
  8
0
100
AcDbLine
 10
-33.12066010640969
 20
31.29106191191377
 30
0.0
 11
-32.97346257730976
 21
31.29191433649598
 31
0.0
  0
LINE
  5
140
330
1F
100
AcDbEntity
  8
0
100
AcDbLine
 10
-32.97346257730976
 20
31.29191433649598
 30
0.0
 11
-32.82623464476855
 21
31.2930381463319
 31
0.0
  0
LINE
  5
141
330
1F
100
AcDbEntity
  8
0
100
AcDbLine
 10
-32.82623464476855
 20
31.2930381463319
 30
0.0
 11
-32.67892964803693
 21
31.29442462152872
 31
0.0
  0
LINE
  5
142
330
1F
100
AcDbEntity
  8
0
100
AcDbLine
 10
-32.67892964803693
 20
31.29442462152872
 30
0.0
 11
-32.53150092636575
 21
31.29606504216576
 31
0.0
  0
LINE
  5
143
330
1F
100
AcDbEntity
  8
0
100
AcDbLine
 10
-32.53150092636575
 20
31.29606504216576
 30
0.0
 11
-32.38390181897806
 21
31.29795068837108
 31
0.0
  0
LINE
  5
144
330
1F
100
AcDbEntity
  8
0
100
AcDbLine
 10
-32.38390181897806
 20
31.29795068837108
 30
0.0
 11
-32.23608566511081
 21
31.30007284025882
 31
0.0
  0
LINE
  5
145
330
1F
100
AcDbEntity
  8
0
100
AcDbLine
 10
-32.23608566511081
 20
31.30007284025882
 30
0.0
 11
-32.08800580402183
 21
31.3024227778944
 31
0.0
  0
LINE
  5
146
330
1F
100
AcDbEntity
  8
0
100
AcDbLine
 10
-32.08800580402183
 20
31.3024227778944
 30
0.0
 11
-31.93961557494806
 21
31.30499178141283
 31
0.0
  0
LINE
  5
147
330
1F
100
AcDbEntity
  8
0
100
AcDbLine
 10
-31.93961557494806
 20
31.30499178141283
 30
0.0
 11
-31.79086831712645
 21
31.30777113090041
 31
0.0
  0
LINE
  5
148
330
1F
100
AcDbEntity
  8
0
100
AcDbLine
 10
-31.79086831712645
 20
31.30777113090041
 30
0.0
 11
-31.64171736978701
 21
31.31075210647822
 31
0.0
  0
LINE
  5
149
330
1F
100
AcDbEntity
  8
0
100
AcDbLine
 10
-31.64171736978701
 20
31.31075210647822
 30
0.0
 11
-31.49211607218756
 21
31.31392598823258
 31
0.0
  0
LINE
  5
14A
330
1F
100
AcDbEntity
  8
0
100
AcDbLine
 10
-31.49211607218756
 20
31.31392598823258
 30
0.0
 11
-31.34201776355808
 21
31.31728405629153
 31
0.0
  0
LINE
  5
14B
330
1F
100
AcDbEntity
  8
0
100
AcDbLine
 10
-31.34201776355808
 20
31.31728405629153
 30
0.0
 11
-31.19137578314945
 21
31.32081759072049
 31
0.0
  0
LINE
  5
14C
330
1F
100
AcDbEntity
  8
0
100
AcDbLine
 10
-31.19137578314945
 20
31.32081759072049
 30
0.0
 11
-31.0401434701847
 21
31.32451787166839
 31
0.0
  0
LINE
  5
14D
330
1F
100
AcDbEntity
  8
0
100
AcDbLine
 10
-31.0401434701847
 20
31.32451787166839
 30
0.0
 11
-30.88827416392166
 21
31.3283761791937
 31
0.0
  0
LINE
  5
14E
330
1F
100
AcDbEntity
  8
0
100
AcDbLine
 10
-30.88827416392166
 20
31.3283761791937
 30
0.0
 11
-30.73572120359031
 21
31.33238379343838
 31
0.0
  0
LINE
  5
14F
330
1F
100
AcDbEntity
  8
0
100
AcDbLine
 10
-30.73572120359031
 20
31.33238379343838
 30
0.0
 11
-30.58243792843458
 21
31.33653199447482
 31
0.0
  0
LINE
  5
150
330
1F
100
AcDbEntity
  8
0
100
AcDbLine
 10
-30.58243792843458
 20
31.33653199447482
 30
0.0
 11
-30.42837767769141
 21
31.34081206243802
 31
0.0
  0
LINE
  5
151
330
1F
100
AcDbEntity
  8
0
100
AcDbLine
 10
-30.42837767769141
 20
31.34081206243802
 30
0.0
 11
-30.27349379061168
 21
31.34521527740733
 31
0.0
  0
LINE
  5
152
330
1F
100
AcDbEntity
  8
0
100
AcDbLine
 10
-30.27349379061168
 20
31.34521527740733
 30
0.0
 11
-30.1177396064184
 21
31.34973291950384
 31
0.0
  0
LINE
  5
153
330
1F
100
AcDbEntity
  8
0
100
AcDbLine
 10
-30.1177396064184
 20
31.34973291950384
 30
0.0
 11
-29.9610894603405
 21
31.35431345112625
 31
0.0
  0
LINE
  5
154
330
1F
100
AcDbEntity
  8
0
100
AcDbLine
 10
-29.9610894603405
 20
31.35431345112625
 30
0.0
 11
-29.80420496976226
 21
31.35750374017663
 31
0.0
  0
LINE
  5
155
330
1F
100
AcDbEntity
  8
0
100
AcDbLine
 10
-29.80420496976226
 20
31.35750374017663
 30
0.0
 11
-29.64857239542422
 21
31.35616893552437
 31
0.0
  0
LINE
  5
156
330
1F
100
AcDbEntity
  8
0
100
AcDbLine
 10
-29.64857239542422
 20
31.35616893552437
 30
0.0
 11
-29.49572675241685
 21
31.34707475978775
 31
0.0
  0
LINE
  5
157
330
1F
100
AcDbEntity
  8
0
100
AcDbLine
 10
-29.49572675241685
 20
31.34707475978775
 30
0.0
 11
-29.34720305585841
 21
31.3269869355711
 31
0.0
  0
LINE
  5
158
330
1F
100
AcDbEntity
  8
0
100
AcDbLine
 10
-29.34720305585841
 20
31.3269869355711
 30
0.0
 11
-29.20453632088807
 21
31.29267118545792
 31
0.0
  0
LINE
  5
159
330
1F
100
AcDbEntity
  8
0
100
AcDbLine
 10
-29.20453632088807
 20
31.29267118545792
 30
0.0
 11
-29.06926156258934
 21
31.24089323208037
 31
0.0
  0
LINE
  5
15A
330
1F
100
AcDbEntity
  8
0
100
AcDbLine
 10
-29.06926156258934
 20
31.24089323208037
 30
0.0
 11
-28.94275833014109
 21
31.16894733333809
 31
0.0
  0
LINE
  5
15B
330
1F
100
AcDbEntity
  8
0
100
AcDbLine
 10
-28.94275833014109
 20
31.16894733333809
 30
0.0
 11
-28.82518071000763
 21
31.07829393428703
 31
0.0
  0
LINE
  5
15C
330
1F
100
AcDbEntity
  8
0
100
AcDbLine
 10
-28.82518071000763
 20
31.07829393428703
 30
0.0
 11
-28.71610211334815
 21
30.97236759315998
 31
0.0
  0
LINE
  5
15D
330
1F
100
AcDbEntity
  8
0
100
AcDbLine
 10
-28.71610211334815
 20
30.97236759315998
 30
0.0
 11
-28.61509246737205
 21
30.85461471253802
 31
0.0
  0
LINE
  5
15E
330
1F
100
AcDbEntity
  8
0
100
AcDbLine
 10
-28.61509246737205
 20
30.85461471253802
 30
0.0
 11
-28.52172169929565
 21
30.72848169494658
 31
0.0
  0
LINE
  5
15F
330
1F
100
AcDbEntity
  8
0
100
AcDbLine
 10
-28.52172169929565
 20
30.72848169494658
 30
0.0
 11
-28.43555990113512
 21
30.59741166901705
 31
0.0
  0
LINE
  5
160
330
1F
100
AcDbEntity
  8
0
100
AcDbLine
 10
-28.43555990113512
 20
30.59741166901705
 30
0.0
 11
-28.35622283730895
 21
30.46394048395354
 31
0.0
  0
LINE
  5
161
330
1F
100
AcDbEntity
  8
0
100
AcDbLine
 10
-28.35622283730895
 20
30.46394048395354
 30
0.0
 11
-28.28343402925494
 21
30.32846340039666
 31
0.0
  0
LINE
  5
162
330
1F
100
AcDbEntity
  8
0
100
AcDbLine
 10
-28.28343402925494
 20
30.32846340039666
 30
0.0
 11
-28.21693253170706
 21
30.19106711191772
 31
0.0
  0
LINE
  5
163
330
1F
100
AcDbEntity
  8
0
100
AcDbLine
 10
-28.21693253170706
 20
30.19106711191772
 30
0.0
 11
-28.15645739936445
 21
30.05183831212976
 31
0.0
  0
LINE
  5
164
330
1F
100
AcDbEntity
  8
0
100
AcDbLine
 10
-22.25270685719908
 20
36.29071849026577
 30
0.0
 11
-22.19521313819602
 21
36.15291267660988
 31
0.0
  0
LINE
  5
165
330
1F
100
AcDbEntity
  8
0
100
AcDbLine
 10
-22.19521313819602
 20
36.15291267660988
 30
0.0
 11
-22.13971240781606
 21
36.01438609607761
 31
0.0
  0
LINE
  5
166
330
1F
100
AcDbEntity
  8
0
100
AcDbLine
 10
-22.13971240781606
 20
36.01438609607761
 30
0.0
 11
-22.08607486751373
 21
35.87518054725933
 31
0.0
  0
LINE
  5
167
330
1F
100
AcDbEntity
  8
0
100
AcDbLine
 10
-22.08607486751373
 20
35.87518054725933
 30
0.0
 11
-22.03417071877833
 21
35.73533782873847
 31
0.0
  0
LINE
  5
168
330
1F
100
AcDbEntity
  8
0
100
AcDbLine
 10
-22.03417071877833
 20
35.73533782873847
 30
0.0
 11
-21.98387016303655
 21
35.59489973909844
 31
0.0
  0
LINE
  5
169
330
1F
100
AcDbEntity
  8
0
100
AcDbLine
 10
-21.98387016303655
 20
35.59489973909844
 30
0.0
 11
-21.93504340176379
 21
35.45390807692966
 31
0.0
  0
LINE
  5
16A
330
1F
100
AcDbEntity
  8
0
100
AcDbLine
 10
-21.93504340176379
 20
35.45390807692966
 30
0.0
 11
-21.88756063641458
 21
35.31240464082944
 31
0.0
  0
LINE
  5
16B
330
1F
100
AcDbEntity
  8
0
100
AcDbLine
 10
-21.88756063641458
 20
35.31240464082944
 30
0.0
 11
-21.84129206847823
 21
35.17043122935337
 31
0.0
  0
LINE
  5
16C
330
1F
100
AcDbEntity
  8
0
100
AcDbLine
 10
-21.84129206847823
 20
35.17043122935337
 30
0.0
 11
-21.79610789939534
 21
35.02802964111272
 31
0.0
  0
LINE
  5
16D
330
1F
100
AcDbEntity
  8
0
100
AcDbLine
 10
-21.79610789939534
 20
35.02802964111272
 30
0.0
 11
-21.75187833064131
 21
34.88524167465611
 31
0.0
  0
LINE
  5
16E
330
1F
100
AcDbEntity
  8
0
100
AcDbLine
 10
-21.75187833064131
 20
34.88524167465611
 30
0.0
 11
-21.70847356364284
 21
34.74210912862264
 31
0.0
  0
LINE
  5
16F
330
1F
100
AcDbEntity
  8
0
100
AcDbLine
 10
-21.70847356364284
 20
34.74210912862264
 30
0.0
 11
-21.66576379990315
 21
34.59867380156788
 31
0.0
  0
LINE
  5
170
330
1F
100
AcDbEntity
  8
0
100
AcDbLine
 10
-21.66576379990315
 20
34.59867380156788
 30
0.0
 11
-21.62361924087676
 21
34.45497749208223
 31
0.0
  0
LINE
  5
171
330
1F
100
AcDbEntity
  8
0
100
AcDbLine
 10
-21.62361924087676
 20
34.45497749208223
 30
0.0
 11
-21.58191008801124
 21
34.31106199874215
 31
0.0
  0
LINE
  5
172
330
1F
100
AcDbEntity
  8
0
100
AcDbLine
 10
-21.58191008801124
 20
34.31106199874215
 30
0.0
 11
-21.54050654277503
 21
34.16696912013106
 31
0.0
  0
LINE
  5
173
330
1F
100
AcDbEntity
  8
0
100
AcDbLine
 10
-21.54050654277503
 20
34.16696912013106
 30
0.0
 11
-21.49927880662961
 21
34.02274065486022
 31
0.0
  0
LINE
  5
174
330
1F
100
AcDbEntity
  8
0
100
AcDbLine
 10
-21.49927880662961
 20
34.02274065486022
 30
0.0
 11
-21.45809708103647
 21
33.87841840149914
 31
0.0
  0
LINE
  5
175
330
1F
100
AcDbEntity
  8
0
100
AcDbLine
 10
-21.45809708103647
 20
33.87841840149914
 30
0.0
 11
-21.41683156747099
 21
33.73404415861732
 31
0.0
  0
LINE
  5
176
330
1F
100
AcDbEntity
  8
0
100
AcDbLine
 10
-21.41683156747099
 20
33.73404415861732
 30
0.0
 11
-21.37535246737378
 21
33.58965972483297
 31
0.0
  0
LINE
  5
177
330
1F
100
AcDbEntity
  8
0
100
AcDbLine
 10
-21.37535246737378
 20
33.58965972483297
 30
0.0
 11
-21.33352998222721
 21
33.44530689870169
 31
0.0
  0
LINE
  5
178
330
1F
100
AcDbEntity
  8
0
100
AcDbLine
 10
-21.33352998222721
 20
33.44530689870169
 30
0.0
 11
-21.29123851390584
 21
33.30102655256614
 31
0.0
  0
LINE
  5
179
330
1F
100
AcDbEntity
  8
0
100
AcDbLine
 10
-21.29123851390584
 20
33.30102655256614
 30
0.0
 11
-21.24849167045996
 21
33.1568288617171
 31
0.0
  0
LINE
  5
17A
330
1F
100
AcDbEntity
  8
0
100
AcDbLine
 10
-21.24849167045996
 20
33.1568288617171
 30
0.0
 11
-21.20547107653343
 21
33.01268695125816
 31
0.0
  0
LINE
  5
17B
330
1F
100
AcDbEntity
  8
0
100
AcDbLine
 10
-21.20547107653343
 20
33.01268695125816
 30
0.0
 11
-21.16236838325548
 21
32.86857173531885
 31
0.0
  0
LINE
  5
17C
330
1F
100
AcDbEntity
  8
0
100
AcDbLine
 10
-21.16236838325548
 20
32.86857173531885
 30
0.0
 11
-21.11937524179009
 21
32.72445412802174
 31
0.0
  0
LINE
  5
17D
330
1F
100
AcDbEntity
  8
0
100
AcDbLine
 10
-21.11937524179009
 20
32.72445412802174
 30
0.0
 11
-21.07668330328734
 21
32.58030504347548
 31
0.0
  0
LINE
  5
17E
330
1F
100
AcDbEntity
  8
0
100
AcDbLine
 10
-21.07668330328734
 20
32.58030504347548
 30
0.0
 11
-21.03448421889036
 21
32.43609539579569
 31
0.0
  0
LINE
  5
17F
330
1F
100
AcDbEntity
  8
0
100
AcDbLine
 10
-21.03448421889036
 20
32.43609539579569
 30
0.0
 11
-20.99296963972835
 21
32.29179609911191
 31
0.0
  0
LINE
  5
180
330
1F
100
AcDbEntity
  8
0
100
AcDbLine
 10
-20.99296963972835
 20
32.29179609911191
 30
0.0
 11
-20.95233121699314
 21
32.14737806754669
 31
0.0
  0
LINE
  5
181
330
1F
100
AcDbEntity
  8
0
100
AcDbLine
 10
-20.95233121699314
 20
32.14737806754669
 30
0.0
 11
-20.91276060179306
 21
32.00281221521566
 31
0.0
  0
LINE
  5
182
330
1F
100
AcDbEntity
  8
0
100
AcDbLine
 10
-20.91276060179306
 20
32.00281221521566
 30
0.0
 11
-20.87444944529907
 21
31.85806945621356
 31
0.0
  0
LINE
  5
183
330
1F
100
AcDbEntity
  8
0
100
AcDbLine
 10
-20.87444944529907
 20
31.85806945621356
 30
0.0
 11
-20.83758939864037
 21
31.71312070470471
 31
0.0
  0
LINE
  5
184
330
1F
100
AcDbEntity
  8
0
100
AcDbLine
 10
-20.83758939864037
 20
31.71312070470471
 30
0.0
 11
-20.802372112974
 21
31.56793687478384
 31
0.0
  0
LINE
  5
185
330
1F
100
AcDbEntity
  8
0
100
AcDbLine
 10
-20.802372112974
 20
31.56793687478384
 30
0.0
 11
-20.768989239457
 21
31.42248888056657
 31
0.0
  0
LINE
  5
186
330
1F
100
AcDbEntity
  8
0
100
AcDbLine
 10
-20.768989239457
 20
31.42248888056657
 30
0.0
 11
-20.73763242921857
 21
31.27674763617548
 31
0.0
  0
LINE
  5
187
330
1F
100
AcDbEntity
  8
0
100
AcDbLine
 10
-20.73763242921857
 20
31.27674763617548
 30
0.0
 11
-20.70849333342272
 21
31.13068405573313
 31
0.0
  0
LINE
  5
188
330
1F
100
AcDbEntity
  8
0
100
AcDbLine
 10
-20.70849333342272
 20
31.13068405573313
 30
0.0
 11
-20.68176360321256
 21
30.98426905336906
 31
0.0
  0
LINE
  5
189
330
1F
100
AcDbEntity
  8
0
100
AcDbLine
 10
-20.68176360321256
 20
30.98426905336906
 30
0.0
 11
-20.65763488973121
 21
30.83747354317105
 31
0.0
  0
LINE
  5
18A
330
1F
100
AcDbEntity
  8
0
100
AcDbLine
 10
-20.65763488973121
 20
30.83747354317105
 30
0.0
 11
-20.63628176722557
 21
30.69027109828006
 31
0.0
  0
LINE
  5
18B
330
1F
100
AcDbEntity
  8
0
100
AcDbLine
 10
-20.63628176722557
 20
30.69027109828006
 30
0.0
 11
-20.61767921867943
 21
30.54266636954679
 31
0.0
  0
LINE
  5
18C
330
1F
100
AcDbEntity
  8
0
100
AcDbLine
 10
-20.61767921867943
 20
30.54266636954679
 30
0.0
 11
-20.60167294773277
 21
30.39468413746681
 31
0.0
  0
LINE
  5
18D
330
1F
100
AcDbEntity
  8
0
100
AcDbLine
 10
-20.60167294773277
 20
30.39468413746681
 30
0.0
 11
-20.58810648022986
 21
30.24634952174311
 31
0.0
  0
LINE
  5
18E
330
1F
100
AcDbEntity
  8
0
100
AcDbLine
 10
-20.58810648022986
 20
30.24634952174311
 30
0.0
 11
-20.57682334208459
 21
30.09768764194651
 31
0.0
  0
LINE
  5
18F
330
1F
100
AcDbEntity
  8
0
100
AcDbLine
 10
-20.57682334208459
 20
30.09768764194651
 30
0.0
 11
-20.56766705916211
 21
29.94872361771742
 31
0.0
  0
LINE
  5
190
330
1F
100
AcDbEntity
  8
0
100
AcDbLine
 10
-24.81382143366844
 20
36.31323929684919
 30
0.0
 11
-24.22034035652923
 21
35.10032098078376
 31
0.0
  0
LINE
  5
191
330
1F
100
AcDbEntity
  8
0
100
AcDbLine
 10
-24.22034035652923
 20
35.10032098078376
 30
0.0
 11
-23.73988144472747
 21
33.82619660833874
 31
0.0
  0
LINE
  5
192
330
1F
100
AcDbEntity
  8
0
100
AcDbLine
 10
-23.73988144472747
 20
33.82619660833874
 30
0.0
 11
-23.25203372682126
 21
32.54890989254912
 31
0.0
  0
LINE
  5
193
330
1F
100
AcDbEntity
  8
0
100
AcDbLine
 10
-23.25203372682126
 20
32.54890989254912
 30
0.0
 11
-22.78961169453531
 21
31.26894578913638
 31
0.0
  0
LINE
  5
194
330
1F
100
AcDbEntity
  8
0
100
AcDbLine
 10
-22.78961169453531
 20
31.26894578913638
 30
0.0
 11
-22.47335344414492
 21
29.95376097442186
 31
0.0
  0
LINE
  5
195
330
1F
100
AcDbEntity
  8
0
100
AcDbLine
 10
-25.08068678798472
 20
39.87197236835519
 30
0.0
 11
-24.97798344153796
 21
39.75318049418502
 31
0.0
  0
LINE
  5
196
330
1F
100
AcDbEntity
  8
0
100
AcDbLine
 10
-24.97798344153796
 20
39.75318049418502
 30
0.0
 11
-24.87508151736662
 21
39.63421082135977
 31
0.0
  0
LINE
  5
197
330
1F
100
AcDbEntity
  8
0
100
AcDbLine
 10
-24.87508151736662
 20
39.63421082135977
 30
0.0
 11
-24.77278419672307
 21
39.5148028183662
 31
0.0
  0
LINE
  5
198
330
1F
100
AcDbEntity
  8
0
100
AcDbLine
 10
-24.77278419672307
 20
39.5148028183662
 30
0.0
 11
-24.67189466088054
 21
39.39469595360058
 31
0.0
  0
LINE
  5
199
330
1F
100
AcDbEntity
  8
0
100
AcDbLine
 10
-24.67189466088054
 20
39.39469595360058
 30
0.0
 11
-24.57321609108443
 21
39.27362969556355
 31
0.0
  0
LINE
  5
19A
330
1F
100
AcDbEntity
  8
0
100
AcDbLine
 10
-24.57321609108443
 20
39.27362969556355
 30
0.0
 11
-24.47755166860103
 21
39.15134351264444
 31
0.0
  0
LINE
  5
19B
330
1F
100
AcDbEntity
  8
0
100
AcDbLine
 10
-24.47755166860103
 20
39.15134351264444
 30
0.0
 11
-24.38570457468268
 21
39.02757687331609
 31
0.0
  0
LINE
  5
19C
330
1F
100
AcDbEntity
  8
0
100
AcDbLine
 10
-24.38570457468268
 20
39.02757687331609
 30
0.0
 11
-24.29847799063741
 21
38.9020692459678
 31
0.0
  0
LINE
  5
19D
330
1F
100
AcDbEntity
  8
0
100
AcDbLine
 10
-24.29847799063741
 20
38.9020692459678
 30
0.0
 11
-24.21667509766192
 21
38.77456009911415
 31
0.0
  0
LINE
  5
19E
330
1F
100
AcDbEntity
  8
0
100
AcDbLine
 10
-24.21667509766192
 20
38.77456009911415
 30
0.0
 11
-24.14094422135314
 21
38.6448380493081
 31
0.0
  0
LINE
  5
19F
330
1F
100
AcDbEntity
  8
0
100
AcDbLine
 10
-24.14094422135314
 20
38.6448380493081
 30
0.0
 11
-24.07107953882543
 21
38.5129628029717
 31
0.0
  0
LINE
  5
1A0
330
1F
100
AcDbEntity
  8
0
100
AcDbLine
 10
-24.07107953882543
 20
38.5129628029717
 30
0.0
 11
-24.00658232966787
 21
38.37908702645771
 31
0.0
  0
LINE
  5
1A1
330
1F
100
AcDbEntity
  8
0
100
AcDbLine
 10
-24.00658232966787
 20
38.37908702645771
 30
0.0
 11
-23.94695361193119
 21
38.2433634690823
 31
0.0
  0
LINE
  5
1A2
330
1F
100
AcDbEntity
  8
0
100
AcDbLine
 10
-23.94695361193119
 20
38.2433634690823
 30
0.0
 11
-23.8916944037218
 21
38.10594488021039
 31
0.0
  0
LINE
  5
1A3
330
1F
100
AcDbEntity
  8
0
100
AcDbLine
 10
-23.8916944037218
 20
38.10594488021039
 30
0.0
 11
-23.84030572310435
 21
37.96698400916512
 31
0.0
  0
LINE
  5
1A4
330
1F
100
AcDbEntity
  8
0
100
AcDbLine
 10
-23.84030572310435
 20
37.96698400916512
 30
0.0
 11
-23.79228858817131
 21
37.82663360524876
 31
0.0
  0
LINE
  5
1A5
330
1F
100
AcDbEntity
  8
0
100
AcDbLine
 10
-23.79228858817131
 20
37.82663360524876
 30
0.0
 11
-23.74714401696648
 21
37.68504641783318
 31
0.0
  0
LINE
  5
1A6
330
1F
100
AcDbEntity
  8
0
100
AcDbLine
 10
-23.74714401696648
 20
37.68504641783318
 30
0.0
 11
-23.70437302758928
 21
37.54237519624152
 31
0.0
  0
LINE
  5
1A7
330
1F
100
AcDbEntity
  8
0
100
AcDbLine
 10
-23.70437302758928
 20
37.54237519624152
 30
0.0
 11
-23.66347663811829
 21
37.39877268979692
 31
0.0
  0
LINE
  5
1A8
330
1F
100
AcDbEntity
  8
0
100
AcDbLine
 10
-23.66347663811829
 20
37.39877268979692
 30
0.0
 11
-23.62417309412151
 21
37.25437671993345
 31
0.0
  0
LINE
  5
1A9
330
1F
100
AcDbEntity
  8
0
100
AcDbLine
 10
-23.62417309412151
 20
37.25437671993345
 30
0.0
 11
-23.58717821669222
 21
37.10925655455273
 31
0.0
  0
LINE
  5
1AA
330
1F
100
AcDbEntity
  8
0
100
AcDbLine
 10
-23.58717821669222
 20
37.10925655455273
 30
0.0
 11
-23.55349401227842
 21
36.96346179484402
 31
0.0
  0
LINE
  5
1AB
330
1F
100
AcDbEntity
  8
0
100
AcDbLine
 10
-23.55349401227842
 20
36.96346179484402
 30
0.0
 11
-23.52412251156668
 21
36.81704204035473
 31
0.0
  0
LINE
  5
1AC
330
1F
100
AcDbEntity
  8
0
100
AcDbLine
 10
-23.52412251156668
 20
36.81704204035473
 30
0.0
 11
-23.50006574528529
 21
36.67004689059049
 31
0.0
  0
LINE
  5
1AD
330
1F
100
AcDbEntity
  8
0
100
AcDbLine
 10
-23.50006574528529
 20
36.67004689059049
 30
0.0
 11
-23.48232574414866
 21
36.52252594510568
 31
0.0
  0
LINE
  5
1AE
330
1F
100
AcDbEntity
  8
0
100
AcDbLine
 10
-23.48232574414866
 20
36.52252594510568
 30
0.0
 11
-23.47190453887812
 21
36.37452880341291
 31
0.0
  0
LINE
  5
1AF
330
1F
100
AcDbEntity
  8
0
100
AcDbLine
 10
-23.47190453887812
 20
36.37452880341291
 30
0.0
 11
-23.4698041601811
 21
36.22610506505261
 31
0.0
  0
LINE
  5
1B0
330
1F
100
AcDbEntity
  8
0
100
AcDbLine
 10
-50.818954683969
 20
37.26835800730207
 30
0.0
 11
-50.84296098306883
 21
37.02550254207563
 31
0.0
  0
LINE
  5
1B1
330
1F
100
AcDbEntity
  8
0
100
AcDbLine
 10
-50.84296098306883
 20
37.02550254207563
 30
0.0
 11
-50.87994279869866
 21
36.78457836841456
 31
0.0
  0
LINE
  5
1B2
330
1F
100
AcDbEntity
  8
0
100
AcDbLine
 10
-50.87994279869866
 20
36.78457836841456
 30
0.0
 11
-50.97828851417454
 21
36.59057414996139
 31
0.0
  0
LINE
  5
1B3
330
1F
100
AcDbEntity
  8
0
100
AcDbLine
 10
-50.97828851417454
 20
36.59057414996139
 30
0.0
 11
-51.16883677486322
 21
36.47658430138083
 31
0.0
  0
LINE
  5
1B4
330
1F
100
AcDbEntity
  8
0
100
AcDbLine
 10
-51.16883677486322
 20
36.47658430138083
 30
0.0
 11
-51.39868000177555
 21
36.41894464450994
 31
0.0
  0
LINE
  5
1B5
330
1F
100
AcDbEntity
  8
0
100
AcDbLine
 10
-46.5104035283558
 20
39.90520089703504
 30
0.0
 11
-47.32382588432917
 21
40.32101229658457
 31
0.0
  0
LINE
  5
1B6
330
1F
100
AcDbEntity
  8
0
100
AcDbLine
 10
-47.32382588432917
 20
40.32101229658457
 30
0.0
 11
-48.26910564507366
 21
40.29054689493953
 31
0.0
  0
LINE
  5
1B7
330
1F
100
AcDbEntity
  8
0
100
AcDbLine
 10
-48.26910564507366
 20
40.29054689493953
 30
0.0
 11
-49.08549344536713
 21
39.8601475153384
 31
0.0
  0
LINE
  5
1B8
330
1F
100
AcDbEntity
  8
0
100
AcDbLine
 10
-49.08549344536713
 20
39.8601475153384
 30
0.0
 11
-49.64791720152234
 21
39.15618699705347
 31
0.0
  0
LINE
  5
1B9
330
1F
100
AcDbEntity
  8
0
100
AcDbLine
 10
-49.64791720152234
 20
39.15618699705347
 30
0.0
 11
-50.25010154652426
 21
38.36735860261415
 31
0.0
  0
LINE
  5
1BA
330
1F
100
AcDbEntity
  8
0
100
AcDbLine
 10
-50.25010154652426
 20
38.36735860261415
 30
0.0
 11
-50.77836623544896
 21
37.57799180321427
 31
0.0
  0
LINE
  5
1BB
330
1F
100
AcDbEntity
  8
0
100
AcDbLine
 10
-50.77836623544896
 20
37.57799180321427
 30
0.0
 11
-50.59754789194117
 21
36.76047576207166
 31
0.0
  0
LINE
  5
1BC
330
1F
100
AcDbEntity
  8
0
100
AcDbLine
 10
-50.59754789194117
 20
36.76047576207166
 30
0.0
 11
-49.74343795939195
 21
36.23544922514765
 31
0.0
  0
LINE
  5
1BD
330
1F
100
AcDbEntity
  8
0
100
AcDbLine
 10
-49.74343795939195
 20
36.23544922514765
 30
0.0
 11
-48.85353732462654
 21
36.42912847685353
 31
0.0
  0
LINE
  5
1BE
330
1F
100
AcDbEntity
  8
0
100
AcDbLine
 10
9.19880833846699
 20
34.43949685588966
 30
0.0
 11
5.846873410047323
 21
32.92665608672912
 31
0.0
  0
LINE
  5
1BF
330
1F
100
AcDbEntity
  8
0
100
AcDbLine
 10
5.846873410047323
 20
32.92665608672912
 30
0.0
 11
2.324187496786359
 21
31.70379128579102
 31
0.0
  0
LINE
  5
1C0
330
1F
100
AcDbEntity
  8
0
100
AcDbLine
 10
2.324187496786359
 20
31.70379128579102
 30
0.0
 11
-1.253346970814602
 21
30.84674416247923
 31
0.0
  0
LINE
  5
1C1
330
1F
100
AcDbEntity
  8
0
100
AcDbLine
 10
-1.253346970814602
 20
30.84674416247923
 30
0.0
 11
-4.908252927593078
 21
30.27506235136162
 31
0.0
  0
LINE
  5
1C2
330
1F
100
AcDbEntity
  8
0
100
AcDbLine
 10
-4.908252927593078
 20
30.27506235136162
 30
0.0
 11
-8.592472591878288
 21
29.94159144390698
 31
0.0
  0
LINE
  5
1C3
330
1F
100
AcDbEntity
  8
0
100
AcDbLine
 10
-8.592472591878288
 20
29.94159144390698
 30
0.0
 11
-12.28819575902695
 21
29.83146635562668
 31
0.0
  0
LINE
  5
1C4
330
1F
100
AcDbEntity
  8
0
100
AcDbLine
 10
-12.28819575902695
 20
29.83146635562668
 30
0.0
 11
-15.98651821589424
 21
29.8682663485787
 31
0.0
  0
LINE
  5
1C5
330
1F
100
AcDbEntity
  8
0
100
AcDbLine
 10
-15.98651821589424
 20
29.8682663485787
 30
0.0
 11
-19.68571084178786
 21
29.9384328437895
 31
0.0
  0
LINE
  5
1C6
330
1F
100
AcDbEntity
  8
0
100
AcDbLine
 10
-19.68571084178786
 20
29.9384328437895
 30
0.0
 11
-23.38430757344388
 21
29.97079017329098
 31
0.0
  0
LINE
  5
1C7
330
1F
100
AcDbEntity
  8
0
100
AcDbLine
 10
-23.38430757344388
 20
29.97079017329098
 30
0.0
 11
-27.08133551305537
 21
30.02185441286066
 31
0.0
  0
LINE
  5
1C8
330
1F
100
AcDbEntity
  8
0
100
AcDbLine
 10
-27.08133551305537
 20
30.02185441286066
 30
0.0
 11
-30.77643127802257
 21
30.17540700717771
 31
0.0
  0
LINE
  5
1C9
330
1F
100
AcDbEntity
  8
0
100
AcDbLine
 10
-30.77643127802257
 20
30.17540700717771
 30
0.0
 11
-34.46287222908322
 21
30.52909180506913
 31
0.0
  0
LINE
  5
1CA
330
1F
100
AcDbEntity
  8
0
100
AcDbLine
 10
-34.46287222908322
 20
30.52909180506913
 30
0.0
 11
-38.10114443224684
 21
31.18773563779455
 31
0.0
  0
LINE
  5
1CB
330
1F
100
AcDbEntity
  8
0
100
AcDbLine
 10
-38.10114443224684
 20
31.18773563779455
 30
0.0
 11
-41.67268524629728
 21
32.157640648583
 31
0.0
  0
LINE
  5
1CC
330
1F
100
AcDbEntity
  8
0
100
AcDbLine
 10
-41.67268524629728
 20
32.157640648583
 30
0.0
 11
-45.2185341111533
 21
33.24329073800902
 31
0.0
  0
LINE
  5
1CD
330
1F
100
AcDbEntity
  8
0
100
AcDbLine
 10
-45.2185341111533
 20
33.24329073800902
 30
0.0
 11
-48.77526546620533
 21
34.27856833421934
 31
0.0
  0
LINE
  5
1CE
330
1F
100
AcDbEntity
  8
0
100
AcDbLine
 10
-48.77526546620533
 20
34.27856833421934
 30
0.0
 11
-52.34363814759332
 21
35.26252266049457
 31
0.0
  0
LINE
  5
1CF
330
1F
100
AcDbEntity
  8
0
100
AcDbLine
 10
-52.34363814759332
 20
35.26252266049457
 30
0.0
 11
-55.91755262145355
 21
36.22583091485863
 31
0.0
  0
LINE
  5
1D0
330
1F
100
AcDbEntity
  8
0
100
AcDbLine
 10
-40.57674724714755
 20
30.46166933776902
 30
0.0
 11
-36.97916495546765
 21
29.69745383085339
 31
0.0
  0
LINE
  5
1D1
330
1F
100
AcDbEntity
  8
0
100
AcDbLine
 10
-36.97916495546765
 20
29.69745383085339
 30
0.0
 11
-33.35125155110114
 21
29.12666294613937
 31
0.0
  0
LINE
  5
1D2
330
1F
100
AcDbEntity
  8
0
100
AcDbLine
 10
-33.35125155110114
 20
29.12666294613937
 30
0.0
 11
-29.68391412029496
 21
28.86744508821585
 31
0.0
  0
LINE
  5
1D3
330
1F
100
AcDbEntity
  8
0
100
AcDbLine
 10
-29.68391412029496
 20
28.86744508821585
 30
0.0
 11
-26.01409593976923
 21
28.70601997027707
 31
0.0
  0
LINE
  5
1D4
330
1F
100
AcDbEntity
  8
0
100
AcDbLine
 10
-26.01409593976923
 20
28.70601997027707
 30
0.0
 11
-22.34138150958063
 21
28.60845812722847
 31
0.0
  0
LINE
  5
1D5
330
1F
100
AcDbEntity
  8
0
100
AcDbLine
 10
-22.34138150958063
 20
28.60845812722847
 30
0.0
 11
-18.6672126864654
 21
28.5364317091205
 31
0.0
  0
LINE
  5
1D6
330
1F
100
AcDbEntity
  8
0
100
AcDbLine
 10
-18.6672126864654
 20
28.5364317091205
 30
0.0
 11
-14.99324631401008
 21
28.45102675317352
 31
0.0
  0
LINE
  5
1D7
330
1F
100
AcDbEntity
  8
0
100
AcDbLine
 10
-14.99324631401008
 20
28.45102675317352
 30
0.0
 11
-11.32014279116685
 21
28.34547555713728
 31
0.0
  0
LINE
  5
1D8
330
1F
100
AcDbEntity
  8
0
100
AcDbLine
 10
-11.32014279116685
 20
28.34547555713728
 30
0.0
 11
-7.646597463020106
 21
28.27640494587741
 31
0.0
  0
LINE
  5
1D9
330
1F
100
AcDbEntity
  8
0
100
AcDbLine
 10
-7.646597463020106
 20
28.27640494587741
 30
0.0
 11
-3.971190271675149
 21
28.30766968524019
 31
0.0
  0
LINE
  5
1DA
330
1F
100
AcDbEntity
  8
0
100
AcDbLine
 10
-3.971190271675149
 20
28.30766968524019
 30
0.0
 11
-0.2989490662396143
 21
28.49233601530078
 31
0.0
  0
LINE
  5
1DB
330
1F
100
AcDbEntity
  8
0
100
AcDbLine
 10
-0.2989490662396143
 20
28.49233601530078
 30
0.0
 11
3.355429252153224
 21
28.86680040880143
 31
0.0
  0
LINE
  5
1DC
330
1F
100
AcDbEntity
  8
0
100
AcDbLine
 10
3.355429252153224
 20
28.86680040880143
 30
0.0
 11
6.986603506101326
 21
29.42563739677094
 31
0.0
  0
LINE
  5
1DD
330
1F
100
AcDbEntity
  8
0
100
AcDbLine
 10
6.986603506101326
 20
29.42563739677094
 30
0.0
 11
10.60878800993067
 21
30.08546319783386
 31
0.0
  0
LINE
  5
1DE
330
1F
100
AcDbEntity
  8
0
100
AcDbLine
 10
10.60878800993067
 20
30.08546319783386
 30
0.0
 11
14.23758433533712
 21
30.71459987266365
 31
0.0
  0
LINE
  5
1DF
330
1F
100
AcDbEntity
  8
0
100
AcDbLine
 10
14.23758433533712
 20
30.71459987266365
 30
0.0
 11
17.88654344790401
 21
31.08645899422129
 31
0.0
  0
LINE
  5
1E0
330
1F
100
AcDbEntity
  8
0
100
AcDbLine
 10
17.88654344790401
 20
31.08645899422129
 30
0.0
 11
21.55970431780718
 21
31.10980766032496
 31
0.0
  0
LINE
  5
1E1
330
1F
100
AcDbEntity
  8
0
100
AcDbLine
 10
21.55970431780718
 20
31.10980766032496
 30
0.0
 11
25.23965609733709
 21
31.03954289209317
 31
0.0
  0
LINE
  5
1E2
330
1F
100
AcDbEntity
  8
0
100
AcDbLine
 10
25.23965609733709
 20
31.03954289209317
 30
0.0
 11
28.91413403092697
 21
30.97823034947161
 31
0.0
  0
LINE
  5
1E3
330
1F
100
AcDbEntity
  8
0
100
AcDbLine
 10
28.91413403092697
 20
30.97823034947161
 30
0.0
 11
32.58159181534443
 21
30.78564986979765
 31
0.0
  0
LINE
  5
1E4
330
1F
100
AcDbEntity
  8
0
100
AcDbLine
 10
-67.03298143711743
 20
39.9056540577487
 30
0.0
 11
-65.10390271337113
 21
38.91920680959391
 31
0.0
  0
LINE
  5
1E5
330
1F
100
AcDbEntity
  8
0
100
AcDbLine
 10
-65.10390271337113
 20
38.91920680959391
 30
0.0
 11
-62.98828567534761
 21
38.60905125067329
 31
0.0
  0
LINE
  5
1E6
330
1F
100
AcDbEntity
  8
0
100
AcDbLine
 10
-62.98828567534761
 20
38.60905125067329
 30
0.0
 11
-60.80112770218857
 21
38.57876127205552
 31
0.0
  0
LINE
  5
1E7
330
1F
100
AcDbEntity
  8
0
100
AcDbLine
 10
-60.80112770218857
 20
38.57876127205552
 30
0.0
 11
-58.63468015683591
 21
38.61685936385611
 31
0.0
  0
LINE
  5
1E8
330
1F
100
AcDbEntity
  8
0
100
AcDbLine
 10
-58.63468015683591
 20
38.61685936385611
 30
0.0
 11
-56.47451377518082
 21
38.66341562660187
 31
0.0
  0
LINE
  5
1E9
330
1F
100
AcDbEntity
  8
0
100
AcDbLine
 10
-56.47451377518082
 20
38.66341562660187
 30
0.0
 11
-54.30841854454787
 21
38.69149119448926
 31
0.0
  0
LINE
  5
1EA
330
1F
100
AcDbEntity
  8
0
100
AcDbLine
 10
-54.30841854454787
 20
38.69149119448926
 30
0.0
 11
-52.13903728900829
 21
38.70342604501146
 31
0.0
  0
LINE
  5
1EB
330
1F
100
AcDbEntity
  8
0
100
AcDbLine
 10
-52.13903728900829
 20
38.70342604501146
 30
0.0
 11
-49.97009340661807
 21
38.70369025080697
 31
0.0
  0
LINE
  5
1EC
330
1F
100
AcDbEntity
  8
0
100
AcDbLine
 10
-89.08801735745064
 20
34.76494910466263
 30
0.0
 11
-85.73363116460307
 21
35.77372727567476
 31
0.0
  0
LINE
  5
1ED
330
1F
100
AcDbEntity
  8
0
100
AcDbLine
 10
-85.73363116460307
 20
35.77372727567476
 30
0.0
 11
-82.28640071663516
 21
36.31437490542962
 31
0.0
  0
LINE
  5
1EE
330
1F
100
AcDbEntity
  8
0
100
AcDbLine
 10
-82.28640071663516
 20
36.31437490542962
 30
0.0
 11
-78.80076162345422
 21
36.67913113940488
 31
0.0
  0
LINE
  5
1EF
330
1F
100
AcDbEntity
  8
0
100
AcDbLine
 10
-78.80076162345422
 20
36.67913113940488
 30
0.0
 11
-75.30670802923292
 21
36.90883849164037
 31
0.0
  0
LINE
  5
1F0
330
1F
100
AcDbEntity
  8
0
100
AcDbLine
 10
-75.30670802923292
 20
36.90883849164037
 30
0.0
 11
-71.81161223853874
 21
37.05111262064031
 31
0.0
  0
LINE
  5
1F1
330
1F
100
AcDbEntity
  8
0
100
AcDbLine
 10
-71.81161223853874
 20
37.05111262064031
 30
0.0
 11
-68.3140448917478
 21
37.14795152582791
 31
0.0
  0
LINE
  5
1F2
330
1F
100
AcDbEntity
  8
0
100
AcDbLine
 10
-68.3140448917478
 20
37.14795152582791
 30
0.0
 11
-64.81512623492043
 21
37.21001557750148
 31
0.0
  0
LINE
  5
1F3
330
1F
100
AcDbEntity
  8
0
100
AcDbLine
 10
-64.81512623492043
 20
37.21001557750148
 30
0.0
 11
-61.31611642763504
 21
37.2421683706177
 31
0.0
  0
LINE
  5
1F4
330
1F
100
AcDbEntity
  8
0
100
AcDbLine
 10
-61.31611642763504
 20
37.2421683706177
 30
0.0
 11
-57.81710120348028
 21
37.25341986931596
 31
0.0
  0
LINE
  5
1F5
330
1F
100
AcDbEntity
  8
0
100
AcDbLine
 10
-57.81710120348028
 20
37.25341986931596
 30
0.0
 11
-54.31801092328875
 21
37.25492557778013
 31
0.0
  0
LINE
  5
1F6
330
1F
100
AcDbEntity
  8
0
100
AcDbLine
 10
-54.31801092328875
 20
37.25492557778013
 30
0.0
 11
-50.818954683969
 21
37.26835800730207
 31
0.0
  0
LINE
  5
1F7
330
1F
100
AcDbEntity
  8
0
100
AcDbLine
 10
-76.85287480390961
 20
39.87541356102678
 30
0.0
 11
-77.56181879982928
 21
38.99225859028313
 31
0.0
  0
LINE
  5
1F8
330
1F
100
AcDbEntity
  8
0
100
AcDbLine
 10
-77.56181879982928
 20
38.99225859028313
 30
0.0
 11
-78.57390185613916
 21
38.48140212061911
 31
0.0
  0
LINE
  5
1F9
330
1F
100
AcDbEntity
  8
0
100
AcDbLine
 10
-78.57390185613916
 20
38.48140212061911
 30
0.0
 11
-79.63875353458424
 21
38.15458400703692
 31
0.0
  0
LINE
  5
1FA
330
1F
100
AcDbEntity
  8
0
100
AcDbLine
 10
-79.63875353458424
 20
38.15458400703692
 30
0.0
 11
-80.73091531292599
 21
37.89509506538746
 31
0.0
  0
LINE
  5
1FB
330
1F
100
AcDbEntity
  8
0
100
AcDbLine
 10
-80.73091531292599
 20
37.89509506538746
 30
0.0
 11
-81.83599088278638
 21
37.692384903864
 31
0.0
  0
LINE
  5
1FC
330
1F
100
AcDbEntity
  8
0
100
AcDbLine
 10
-81.83599088278638
 20
37.692384903864
 30
0.0
 11
-82.94355954992878
 21
37.51961188411505
 31
0.0
  0
LINE
  5
1FD
330
1F
100
AcDbEntity
  8
0
100
AcDbLine
 10
-82.94355954992878
 20
37.51961188411505
 30
0.0
 11
-84.04666510172973
 21
37.32403911100062
 31
0.0
  0
LINE
  5
1FE
330
1F
100
AcDbEntity
  8
0
100
AcDbLine
 10
-84.04666510172973
 20
37.32403911100062
 30
0.0
 11
-85.14010849234786
 21
37.07388881243627
 31
0.0
  0
LINE
  5
1FF
330
1F
100
AcDbEntity
  8
0
100
AcDbLine
 10
-85.14010849234786
 20
37.07388881243627
 30
0.0
 11
-86.22500305151677
 21
36.78860135843963
 31
0.0
  0
LINE
  5
200
330
1F
100
AcDbEntity
  8
0
100
AcDbLine
 10
-90.32827732549251
 20
33.88216874580357
 30
0.0
 11
-90.68871121361853
 21
33.83016458014513
 31
0.0
  0
LINE
  5
201
330
1F
100
AcDbEntity
  8
0
100
AcDbLine
 10
-90.68871121361853
 20
33.83016458014513
 30
0.0
 11
-91.05551148187452
 21
33.83076984101473
 31
0.0
  0
LINE
  5
202
330
1F
100
AcDbEntity
  8
0
100
AcDbLine
 10
-91.05551148187452
 20
33.83076984101473
 30
0.0
 11
-91.42463905030151
 21
33.85892183666378
 31
0.0
  0
LINE
  5
203
330
1F
100
AcDbEntity
  8
0
100
AcDbLine
 10
-91.42463905030151
 20
33.85892183666378
 30
0.0
 11
-91.79205483894752
 21
33.88955787531586
 31
0.0
  0
LINE
  5
204
330
1F
100
AcDbEntity
  8
0
100
AcDbLine
 10
-85.91879752050524
 20
37.78481077713792
 30
0.0
 11
-86.29208996493921
 21
36.7206651252784
 31
0.0
  0
LINE
  5
205
330
1F
100
AcDbEntity
  8
0
100
AcDbLine
 10
-86.29208996493921
 20
36.7206651252784
 30
0.0
 11
-87.32798312081238
 21
36.15046071376543
 31
0.0
  0
LINE
  5
206
330
1F
100
AcDbEntity
  8
0
100
AcDbLine
 10
-87.32798312081238
 20
36.15046071376543
 30
0.0
 11
-88.27944267336618
 21
35.46833174438368
 31
0.0
  0
LINE
  5
207
330
1F
100
AcDbEntity
  8
0
100
AcDbLine
 10
-88.27944267336618
 20
35.46833174438368
 30
0.0
 11
-89.2382893546879
 21
34.77915414883769
 31
0.0
  0
LINE
  5
208
330
1F
100
AcDbEntity
  8
0
100
AcDbLine
 10
-89.2382893546879
 20
34.77915414883769
 30
0.0
 11
-90.16192152562874
 21
34.04683862268043
 31
0.0
  0
LINE
  5
209
330
1F
100
AcDbEntity
  8
0
100
AcDbLine
 10
-90.16192152562874
 20
34.04683862268043
 30
0.0
 11
-90.90372888585895
 21
33.14524095730663
 31
0.0
  0
LINE
  5
20A
330
1F
100
AcDbEntity
  8
0
100
AcDbLine
 10
-90.90372888585895
 20
33.14524095730663
 30
0.0
 11
-91.49347802748545
 21
32.10765025486099
 31
0.0
  0
LINE
  5
20B
330
1F
100
AcDbEntity
  8
0
100
AcDbLine
 10
-91.49347802748545
 20
32.10765025486099
 30
0.0
 11
-92.0438563744045
 21
31.04260379298361
 31
0.0
  0
LINE
  5
20C
330
1F
100
AcDbEntity
  8
0
100
AcDbLine
 10
-92.0438563744045
 20
31.04260379298361
 30
0.0
 11
-92.56946349429893
 21
29.97951116201323
 31
0.0
  0
LINE
  5
20D
330
1F
100
AcDbEntity
  8
0
100
AcDbLine
 10
-92.56946349429893
 20
29.97951116201323
 30
0.0
 11
-93.0062731143159
 21
28.88430828629782
 31
0.0
  0
LINE
  5
20E
330
1F
100
AcDbEntity
  8
0
100
AcDbLine
 10
-93.0062731143159
 20
28.88430828629782
 30
0.0
 11
-93.3389000333427
 21
27.74431712149615
 31
0.0
  0
LINE
  5
20F
330
1F
100
AcDbEntity
  8
0
100
AcDbLine
 10
-93.3389000333427
 20
27.74431712149615
 30
0.0
 11
-93.70197570551578
 21
26.61510503038641
 31
0.0
  0
LINE
  5
210
330
1F
100
AcDbEntity
  8
0
100
AcDbLine
 10
-93.70197570551578
 20
26.61510503038641
 30
0.0
 11
-94.31482581531833
 21
25.61269854964472
 31
0.0
  0
LINE
  5
211
330
1F
100
AcDbEntity
  8
0
100
AcDbLine
 10
-94.31482581531833
 20
25.61269854964472
 30
0.0
 11
-95.41172318615854
 21
25.16966133828213
 31
0.0
  0
LINE
  5
212
330
1F
100
AcDbEntity
  8
0
100
AcDbLine
 10
-58.67996936092317
 20
35.29053955853336
 30
0.0
 11
-62.19899139218302
 21
35.45411479860335
 31
0.0
  0
LINE
  5
213
330
1F
100
AcDbEntity
  8
0
100
AcDbLine
 10
-62.19899139218302
 20
35.45411479860335
 30
0.0
 11
-65.7242083166305
 21
35.46371879112723
 31
0.0
  0
LINE
  5
214
330
1F
100
AcDbEntity
  8
0
100
AcDbLine
 10
-65.7242083166305
 20
35.46371879112723
 30
0.0
 11
-69.24850760316552
 21
35.39341941151347
 31
0.0
  0
LINE
  5
215
330
1F
100
AcDbEntity
  8
0
100
AcDbLine
 10
-69.24850760316552
 20
35.39341941151347
 30
0.0
 11
-72.76969458280936
 21
35.27417805381299
 31
0.0
  0
LINE
  5
216
330
1F
100
AcDbEntity
  8
0
100
AcDbLine
 10
-72.76969458280936
 20
35.27417805381299
 30
0.0
 11
-76.28879924712082
 21
35.10869102162731
 31
0.0
  0
LINE
  5
217
330
1F
100
AcDbEntity
  8
0
100
AcDbLine
 10
-76.28879924712082
 20
35.10869102162731
 30
0.0
 11
-79.80622560817683
 21
34.89615267071594
 31
0.0
  0
LINE
  5
218
330
1F
100
AcDbEntity
  8
0
100
AcDbLine
 10
-79.80622560817683
 20
34.89615267071594
 30
0.0
 11
-83.31973306859585
 21
34.62408707337315
 31
0.0
  0
LINE
  5
219
330
1F
100
AcDbEntity
  8
0
100
AcDbLine
 10
-83.31973306859585
 20
34.62408707337315
 30
0.0
 11
-86.82650451905779
 21
34.27775200297232
 31
0.0
  0
LINE
  5
21A
330
1F
100
AcDbEntity
  8
0
100
AcDbLine
 10
-86.82650451905779
 20
34.27775200297232
 30
0.0
 11
-90.32827732549251
 21
33.88216874580357
 31
0.0
  0
LINE
  5
21B
330
1F
100
AcDbEntity
  8
0
100
AcDbLine
 10
-80.46836599725438
 20
39.56288201038699
 30
0.0
 11
-76.9801580170656
 21
39.86326723053472
 31
0.0
  0
LINE
  5
21C
330
1F
100
AcDbEntity
  8
0
100
AcDbLine
 10
-76.9801580170656
 20
39.86326723053472
 30
0.0
 11
-73.4746834664722
 21
39.9359316401808
 31
0.0
  0
LINE
  5
21D
330
1F
100
AcDbEntity
  8
0
100
AcDbLine
 10
-73.4746834664722
 20
39.9359316401808
 30
0.0
 11
-69.97627322920243
 21
39.96633310269583
 31
0.0
  0
LINE
  5
21E
330
1F
100
AcDbEntity
  8
0
100
AcDbLine
 10
-69.97627322920243
 20
39.96633310269583
 30
0.0
 11
-66.47908255153904
 21
39.96458240054358
 31
0.0
  0
LINE
  5
21F
330
1F
100
AcDbEntity
  8
0
100
AcDbLine
 10
-66.47908255153904
 20
39.96458240054358
 30
0.0
 11
-62.97930024227082
 21
39.94349309495231
 31
0.0
  0
LINE
  5
220
330
1F
100
AcDbEntity
  8
0
100
AcDbLine
 10
-62.97930024227082
 20
39.94349309495231
 30
0.0
 11
-59.47791703289455
 21
39.92226093812988
 31
0.0
  0
LINE
  5
221
330
1F
100
AcDbEntity
  8
0
100
AcDbLine
 10
-59.47791703289455
 20
39.92226093812988
 30
0.0
 11
-55.9765898239476
 21
39.92048359039427
 31
0.0
  0
LINE
  5
222
330
1F
100
AcDbEntity
  8
0
100
AcDbLine
 10
-55.9765898239476
 20
39.92048359039427
 30
0.0
 11
-52.47598150928253
 21
39.93842650618085
 31
0.0
  0
LINE
  5
223
330
1F
100
AcDbEntity
  8
0
100
AcDbLine
 10
-52.47598150928253
 20
39.93842650618085
 30
0.0
 11
-48.9754882401058
 21
39.95171855344984
 31
0.0
  0
LINE
  5
224
330
1F
100
AcDbEntity
  8
0
100
AcDbLine
 10
-50.39924438757338
 20
31.66324833694933
 30
0.0
 11
-50.44153915852858
 21
32.00345666211677
 31
0.0
  0
LINE
  5
225
330
1F
100
AcDbEntity
  8
0
100
AcDbLine
 10
-50.44153915852858
 20
32.00345666211677
 30
0.0
 11
-50.56897364388274
 21
32.3209246862048
 31
0.0
  0
LINE
  5
226
330
1F
100
AcDbEntity
  8
0
100
AcDbLine
 10
-50.56897364388274
 20
32.3209246862048
 30
0.0
 11
-50.77286339406687
 21
32.59401748800774
 31
0.0
  0
LINE
  5
227
330
1F
100
AcDbEntity
  8
0
100
AcDbLine
 10
-50.77286339406687
 20
32.59401748800774
 30
0.0
 11
-51.03931365954891
 21
32.80412424439685
 31
0.0
  0
LINE
  5
228
330
1F
100
AcDbEntity
  8
0
100
AcDbLine
 10
-51.03931365954891
 20
32.80412424439685
 30
0.0
 11
-51.35016629506305
 21
32.93692652713428
 31
0.0
  0
LINE
  5
229
330
1F
100
AcDbEntity
  8
0
100
AcDbLine
 10
-51.35016629506305
 20
32.93692652713428
 30
0.0
 11
-51.6842372072061
 21
32.98337408012035
 31
0.0
  0
LINE
  5
22A
330
1F
100
AcDbEntity
  8
0
100
AcDbLine
 10
-51.6842372072061
 20
32.98337408012035
 30
0.0
 11
-52.0187600153938
 21
32.94030157938608
 31
0.0
  0
LINE
  5
22B
330
1F
100
AcDbEntity
  8
0
100
AcDbLine
 10
-52.0187600153938
 20
32.94030157938608
 30
0.0
 11
-52.33093754307394
 21
32.81064434465792
 31
0.0
  0
LINE
  5
22C
330
1F
100
AcDbEntity
  8
0
100
AcDbLine
 10
-52.33093754307394
 20
32.81064434465792
 30
0.0
 11
-52.59949540763289
 21
32.6032383022279
 31
0.0
  0
LINE
  5
22D
330
1F
100
AcDbEntity
  8
0
100
AcDbLine
 10
-52.59949540763289
 20
32.6032383022279
 30
0.0
 11
-52.80613183442176
 21
32.33221783112594
 31
0.0
  0
LINE
  5
22E
330
1F
100
AcDbEntity
  8
0
100
AcDbLine
 10
-52.80613183442176
 20
32.33221783112594
 30
0.0
 11
-52.93676489242533
 21
32.01605252858177
 31
0.0
  0
LINE
  5
22F
330
1F
100
AcDbEntity
  8
0
100
AcDbLine
 10
-52.93676489242533
 20
32.01605252858177
 30
0.0
 11
-52.98249215462343
 21
31.67628853747146
 31
0.0
  0
LINE
  5
230
330
1F
100
AcDbEntity
  8
0
100
AcDbLine
 10
-52.98249215462343
 20
31.67628853747146
 30
0.0
 11
-52.94019738366823
 21
31.33608021230402
 31
0.0
  0
LINE
  5
231
330
1F
100
AcDbEntity
  8
0
100
AcDbLine
 10
-52.94019738366823
 20
31.33608021230402
 30
0.0
 11
-52.81276289831407
 21
31.01861218821598
 31
0.0
  0
LINE
  5
232
330
1F
100
AcDbEntity
  8
0
100
AcDbLine
 10
-52.81276289831407
 20
31.01861218821598
 30
0.0
 11
-52.60887314812995
 21
30.74551938641304
 31
0.0
  0
LINE
  5
233
330
1F
100
AcDbEntity
  8
0
100
AcDbLine
 10
-52.60887314812995
 20
30.74551938641304
 30
0.0
 11
-52.3424228826479
 21
30.53541263002393
 31
0.0
  0
LINE
  5
234
330
1F
100
AcDbEntity
  8
0
100
AcDbLine
 10
-52.3424228826479
 20
30.53541263002393
 30
0.0
 11
-52.03157024713375
 21
30.4026103472865
 31
0.0
  0
LINE
  5
235
330
1F
100
AcDbEntity
  8
0
100
AcDbLine
 10
-52.03157024713375
 20
30.4026103472865
 30
0.0
 11
-51.69749933499071
 21
30.35616279430043
 31
0.0
  0
LINE
  5
236
330
1F
100
AcDbEntity
  8
0
100
AcDbLine
 10
-51.69749933499071
 20
30.35616279430043
 30
0.0
 11
-51.36297652680302
 21
30.39923529503471
 31
0.0
  0
LINE
  5
237
330
1F
100
AcDbEntity
  8
0
100
AcDbLine
 10
-51.36297652680302
 20
30.39923529503471
 30
0.0
 11
-51.05079899912287
 21
30.52889252976287
 31
0.0
  0
LINE
  5
238
330
1F
100
AcDbEntity
  8
0
100
AcDbLine
 10
-51.05079899912287
 20
30.52889252976287
 30
0.0
 11
-50.78224113456393
 21
30.73629857219288
 31
0.0
  0
LINE
  5
239
330
1F
100
AcDbEntity
  8
0
100
AcDbLine
 10
-50.78224113456393
 20
30.73629857219288
 30
0.0
 11
-50.57560470777505
 21
31.00731904329485
 31
0.0
  0
LINE
  5
23A
330
1F
100
AcDbEntity
  8
0
100
AcDbLine
 10
-50.57560470777505
 20
31.00731904329485
 30
0.0
 11
-50.44497164977149
 21
31.32348434583902
 31
0.0
  0
LINE
  5
23B
330
1F
100
AcDbEntity
  8
0
100
AcDbLine
 10
-50.44497164977149
 20
31.32348434583902
 30
0.0
 11
-50.39924438757338
 21
31.66324833694933
 31
0.0
  0
LINE
  5
23C
330
1F
100
AcDbEntity
  8
0
100
AcDbLine
 10
-42.11045682389702
 20
7.850052205547413
 30
0.0
 11
-42.10414825933916
 21
7.998704385265041
 31
0.0
  0
LINE
  5
23D
330
1F
100
AcDbEntity
  8
0
100
AcDbLine
 10
-42.10414825933916
 20
7.998704385265041
 30
0.0
 11
-42.09097452727832
 21
8.144813847657625
 31
0.0
  0
LINE
  5
23E
330
1F
100
AcDbEntity
  8
0
100
AcDbLine
 10
-42.09097452727832
 20
8.144813847657625
 30
0.0
 11
-42.06881599170278
 21
8.287436915672982
 31
0.0
  0
LINE
  5
23F
330
1F
100
AcDbEntity
  8
0
100
AcDbLine
 10
-42.06881599170278
 20
8.287436915672982
 30
0.0
 11
-42.03555301650341
 21
8.425629912335461
 31
0.0
  0
LINE
  5
240
330
1F
100
AcDbEntity
  8
0
100
AcDbLine
 10
-42.03555301650341
 20
8.425629912335461
 30
0.0
 11
-41.98906945048799
 21
8.55845028488148
 31
0.0
  0
LINE
  5
241
330
1F
100
AcDbEntity
  8
0
100
AcDbLine
 10
-41.98906945048799
 20
8.55845028488148
 30
0.0
 11
-41.92823133779135
 21
8.68527237440547
 31
0.0
  0
LINE
  5
242
330
1F
100
AcDbEntity
  8
0
100
AcDbLine
 10
-41.92823133779135
 20
8.68527237440547
 30
0.0
 11
-41.85422979671105
 21
8.806220679741118
 31
0.0
  0
LINE
  5
243
330
1F
100
AcDbEntity
  8
0
100
AcDbLine
 10
-41.85422979671105
 20
8.806220679741118
 30
0.0
 11
-41.76859235964704
 21
8.921528239749387
 31
0.0
  0
LINE
  5
244
330
1F
100
AcDbEntity
  8
0
100
AcDbLine
 10
-41.76859235964704
 20
8.921528239749387
 30
0.0
 11
-41.67284655902021
 21
9.031428093277318
 31
0.0
  0
LINE
  5
245
330
1F
100
AcDbEntity
  8
0
100
AcDbLine
 10
-41.67284655902021
 20
9.031428093277318
 30
0.0
 11
-41.56851992720968
 21
9.136153279192825
 31
0.0
  0
LINE
  5
246
330
1F
100
AcDbEntity
  8
0
100
AcDbLine
 10
-41.56851992720968
 20
9.136153279192825
 30
0.0
 11
-41.45713999662936
 21
9.235936836349914
 31
0.0
  0
LINE
  5
247
330
1F
100
AcDbEntity
  8
0
100
AcDbLine
 10
-42.15064436590708
 20
-1.521094570855672
 30
0.0
 11
-42.18023112263943
 21
-1.373079248049303
 31
0.0
  0
LINE
  5
248
330
1F
100
AcDbEntity
  8
0
100
AcDbLine
 10
-42.18023112263943
 20
-1.373079248049303
 30
0.0
 11
-42.20496909972437
 21
-1.224282221601845
 31
0.0
  0
LINE
  5
249
330
1F
100
AcDbEntity
  8
0
100
AcDbLine
 10
-42.20496909972437
 20
-1.224282221601845
 30
0.0
 11
-42.2250397067548
 21
-1.074919218397532
 31
0.0
  0
LINE
  5
24A
330
1F
100
AcDbEntity
  8
0
100
AcDbLine
 10
-42.2250397067548
 20
-1.074919218397532
 30
0.0
 11
-42.24064977401174
 21
-0.925178020853193
 31
0.0
  0
LINE
  5
24B
330
1F
100
AcDbEntity
  8
0
100
AcDbLine
 10
-42.24064977401174
 20
-0.925178020853193
 30
0.0
 11
-42.25211391880151
 21
-0.7751279229456607
 31
0.0
  0
LINE
  5
24C
330
1F
100
AcDbEntity
  8
0
100
AcDbLine
 10
-42.25211391880151
 20
-0.7751279229456607
 30
0.0
 11
-42.25977532182946
 21
-0.6248068195239267
 31
0.0
  0
LINE
  5
24D
330
1F
100
AcDbEntity
  8
0
100
AcDbLine
 10
-42.25977532182946
 20
-0.6248068195239267
 30
0.0
 11
-42.26397716394009
 21
-0.4742526051656551
 31
0.0
  0
LINE
  5
24E
330
1F
100
AcDbEntity
  8
0
100
AcDbLine
 10
-42.26397716394009
 20
-0.4742526051656551
 30
0.0
 11
-42.26506262599184
 21
-0.3235031744693813
 31
0.0
  0
LINE
  5
24F
330
1F
100
AcDbEntity
  8
0
100
AcDbLine
 10
-42.26506262599184
 20
-0.3235031744693813
 30
0.0
 11
-42.26337488885703
 21
-0.1725964220614691
 31
0.0
  0
LINE
  5
250
330
1F
100
AcDbEntity
  8
0
100
AcDbLine
 10
-42.26337488885703
 20
-0.1725964220614691
 30
0.0
 11
-42.25925713338016
 21
-0.0215702424987113
 31
0.0
  0
LINE
  5
251
330
1F
100
AcDbEntity
  8
0
100
AcDbLine
 10
-42.25925713338016
 20
-0.0215702424987113
 30
0.0
 11
-42.2530525404475
 21
0.1295374695855711
 31
0.0
  0
LINE
  5
252
330
1F
100
AcDbEntity
  8
0
100
AcDbLine
 10
-42.2530525404475
 20
0.1295374695855711
 30
0.0
 11
-42.24510429090355
 21
0.2806888195928427
 31
0.0
  0
LINE
  5
253
330
1F
100
AcDbEntity
  8
0
100
AcDbLine
 10
-42.24510429090355
 20
0.2806888195928427
 30
0.0
 11
-42.23575556562062
 21
0.4318459129384823
 31
0.0
  0
LINE
  5
254
330
1F
100
AcDbEntity
  8
0
100
AcDbLine
 10
-42.23575556562062
 20
0.4318459129384823
 30
0.0
 11
-42.22534954547108
 21
0.582970854996126
 31
0.0
  0
LINE
  5
255
330
1F
100
AcDbEntity
  8
0
100
AcDbLine
 10
-42.22534954547108
 20
0.582970854996126
 30
0.0
 11
-42.21422941129245
 21
0.7340257511950669
 31
0.0
  0
LINE
  5
256
330
1F
100
AcDbEntity
  8
0
100
AcDbLine
 10
-42.21422941129245
 20
0.7340257511950669
 30
0.0
 11
-42.20273834397099
 21
0.884972706908941
 31
0.0
  0
LINE
  5
257
330
1F
100
AcDbEntity
  8
0
100
AcDbLine
 10
-42.20273834397099
 20
0.884972706908941
 30
0.0
 11
-42.19121952436512
 21
1.03577382754617
 31
0.0
  0
LINE
  5
258
330
1F
100
AcDbEntity
  8
0
100
AcDbLine
 10
-42.19121952436512
 20
1.03577382754617
 30
0.0
 11
-42.18001613331934
 21
1.186391218508219
 31
0.0
  0
LINE
  5
259
330
1F
100
AcDbEntity
  8
0
100
AcDbLine
 10
-42.18001613331934
 20
1.186391218508219
 30
0.0
 11
-42.16943675748024
 21
1.336792252912624
 31
0.0
  0
LINE
  5
25A
330
1F
100
AcDbEntity
  8
0
100
AcDbLine
 10
-42.16943675748024
 20
1.336792252912624
 30
0.0
 11
-42.15955755084055
 21
1.486979696638873
 31
0.0
  0
LINE
  5
25B
330
1F
100
AcDbEntity
  8
0
100
AcDbLine
 10
-42.15955755084055
 20
1.486979696638873
 30
0.0
 11
-42.15035893681021
 21
1.636970892657581
 31
0.0
  0
LINE
  5
25C
330
1F
100
AcDbEntity
  8
0
100
AcDbLine
 10
-42.15035893681021
 20
1.636970892657581
 30
0.0
 11
-42.14182104139005
 21
1.786783229125744
 31
0.0
  0
LINE
  5
25D
330
1F
100
AcDbEntity
  8
0
100
AcDbLine
 10
-42.14182104139005
 20
1.786783229125744
 30
0.0
 11
-42.13392399052518
 21
1.9364340942908
 31
0.0
  0
LINE
  5
25E
330
1F
100
AcDbEntity
  8
0
100
AcDbLine
 10
-42.13392399052518
 20
1.9364340942908
 30
0.0
 11
-42.12664791018859
 21
2.085940876379315
 31
0.0
  0
LINE
  5
25F
330
1F
100
AcDbEntity
  8
0
100
AcDbLine
 10
-42.12664791018859
 20
2.085940876379315
 30
0.0
 11
-42.11997292636716
 21
2.235320963569155
 31
0.0
  0
LINE
  5
260
330
1F
100
AcDbEntity
  8
0
100
AcDbLine
 10
-42.11997292636716
 20
2.235320963569155
 30
0.0
 11
-42.11387916501297
 21
2.384591744121673
 31
0.0
  0
LINE
  5
261
330
1F
100
AcDbEntity
  8
0
100
AcDbLine
 10
-42.11387916501297
 20
2.384591744121673
 30
0.0
 11
-42.10834675210597
 21
2.533770606207778
 31
0.0
  0
LINE
  5
262
330
1F
100
AcDbEntity
  8
0
100
AcDbLine
 10
-42.10834675210597
 20
2.533770606207778
 30
0.0
 11
-42.10335581361217
 21
2.682874938081865
 31
0.0
  0
LINE
  5
263
330
1F
100
AcDbEntity
  8
0
100
AcDbLine
 10
-42.10335581361217
 20
2.682874938081865
 30
0.0
 11
-42.09888647549756
 21
2.831922127935715
 31
0.0
  0
LINE
  5
264
330
1F
100
AcDbEntity
  8
0
100
AcDbLine
 10
-42.09888647549756
 20
2.831922127935715
 30
0.0
 11
-42.09491886374904
 21
2.980929563981978
 31
0.0
  0
LINE
  5
265
330
1F
100
AcDbEntity
  8
0
100
AcDbLine
 10
-42.09491886374904
 20
2.980929563981978
 30
0.0
 11
-42.09143310431175
 21
3.129914634454181
 31
0.0
  0
LINE
  5
266
330
1F
100
AcDbEntity
  8
0
100
AcDbLine
 10
-42.09143310431175
 20
3.129914634454181
 30
0.0
 11
-42.08840932317953
 21
3.278894727571931
 31
0.0
  0
LINE
  5
267
330
1F
100
AcDbEntity
  8
0
100
AcDbLine
 10
-42.08840932317953
 20
3.278894727571931
 30
0.0
 11
-42.08582764631144
 21
3.427887231527009
 31
0.0
  0
LINE
  5
268
330
1F
100
AcDbEntity
  8
0
100
AcDbLine
 10
-42.08582764631144
 20
3.427887231527009
 30
0.0
 11
-42.08366819967348
 21
3.57690953455294
 31
0.0
  0
LINE
  5
269
330
1F
100
AcDbEntity
  8
0
100
AcDbLine
 10
-42.08366819967348
 20
3.57690953455294
 30
0.0
 11
-42.08191110925254
 21
3.725979024848459
 31
0.0
  0
LINE
  5
26A
330
1F
100
AcDbEntity
  8
0
100
AcDbLine
 10
-42.08191110925254
 20
3.725979024848459
 30
0.0
 11
-42.08053650100072
 21
3.875113090647092
 31
0.0
  0
LINE
  5
26B
330
1F
100
AcDbEntity
  8
0
100
AcDbLine
 10
-42.08053650100072
 20
3.875113090647092
 30
0.0
 11
-42.07952450089793
 21
4.02432912016149
 31
0.0
  0
LINE
  5
26C
330
1F
100
AcDbEntity
  8
0
100
AcDbLine
 10
-42.07952450089793
 20
4.02432912016149
 30
0.0
 11
-42.07885523491021
 21
4.173644501611264
 31
0.0
  0
LINE
  5
26D
330
1F
100
AcDbEntity
  8
0
100
AcDbLine
 10
-42.07885523491021
 20
4.173644501611264
 30
0.0
 11
-42.07850882901052
 21
4.323076623181236
 31
0.0
  0
LINE
  5
26E
330
1F
100
AcDbEntity
  8
0
100
AcDbLine
 10
-42.07850882901052
 20
4.323076623181236
 30
0.0
 11
-42.07846540916485
 21
4.472642873118842
 31
0.0
  0
LINE
  5
26F
330
1F
100
AcDbEntity
  8
0
100
AcDbLine
 10
-42.07846540916485
 20
4.472642873118842
 30
0.0
 11
-42.07870510135315
 21
4.622360639636738
 31
0.0
  0
LINE
  5
270
330
1F
100
AcDbEntity
  8
0
100
AcDbLine
 10
-42.07870510135315
 20
4.622360639636738
 30
0.0
 11
-42.07920803153447
 21
4.772247310940616
 31
0.0
  0
LINE
  5
271
330
1F
100
AcDbEntity
  8
0
100
AcDbLine
 10
-42.07920803153447
 20
4.772247310940616
 30
0.0
 11
-42.07995432568874
 21
4.922320275250089
 31
0.0
  0
LINE
  5
272
330
1F
100
AcDbEntity
  8
0
100
AcDbLine
 10
-42.07995432568874
 20
4.922320275250089
 30
0.0
 11
-42.08092410978196
 21
5.07259692078476
 31
0.0
  0
LINE
  5
273
330
1F
100
AcDbEntity
  8
0
100
AcDbLine
 10
-42.08092410978196
 20
5.07259692078476
 30
0.0
 11
-42.08209750978015
 21
5.22309463575033
 31
0.0
  0
LINE
  5
274
330
1F
100
AcDbEntity
  8
0
100
AcDbLine
 10
-42.08209750978015
 20
5.22309463575033
 30
0.0
 11
-42.08345465165627
 21
5.373830808373363
 31
0.0
  0
LINE
  5
275
330
1F
100
AcDbEntity
  8
0
100
AcDbLine
 10
-42.08345465165627
 20
5.373830808373363
 30
0.0
 11
-42.08497566139026
 21
5.524822826852597
 31
0.0
  0
LINE
  5
276
330
1F
100
AcDbEntity
  8
0
100
AcDbLine
 10
-42.08497566139026
 20
5.524822826852597
 30
0.0
 11
-42.08664066492725
 21
5.676088079428513
 31
0.0
  0
LINE
  5
277
330
1F
100
AcDbEntity
  8
0
100
AcDbLine
 10
-42.08664066492725
 20
5.676088079428513
 30
0.0
 11
-42.08842978826806
 21
5.827643954306804
 31
0.0
  0
LINE
  5
278
330
1F
100
AcDbEntity
  8
0
100
AcDbLine
 10
-42.08842978826806
 20
5.827643954306804
 30
0.0
 11
-42.09032315736476
 21
5.979507839686211
 31
0.0
  0
LINE
  5
279
330
1F
100
AcDbEntity
  8
0
100
AcDbLine
 10
-42.09032315736476
 20
5.979507839686211
 30
0.0
 11
-42.09230089819728
 21
6.131697123800255
 31
0.0
  0
LINE
  5
27A
330
1F
100
AcDbEntity
  8
0
100
AcDbLine
 10
-42.09230089819728
 20
6.131697123800255
 30
0.0
 11
-42.09434313672469
 21
6.284229194868548
 31
0.0
  0
LINE
  5
27B
330
1F
100
AcDbEntity
  8
0
100
AcDbLine
 10
-42.09434313672469
 20
6.284229194868548
 30
0.0
 11
-42.0964299989269
 21
6.437121441089825
 31
0.0
  0
LINE
  5
27C
330
1F
100
AcDbEntity
  8
0
100
AcDbLine
 10
-45.1417192881401
 20
4.846410886223184
 30
0.0
 11
-45.06193096480934
 21
5.25046832277549
 31
0.0
  0
LINE
  5
27D
330
1F
100
AcDbEntity
  8
0
100
AcDbLine
 10
-45.06193096480934
 20
5.25046832277549
 30
0.0
 11
-44.96499153491374
 21
5.688756457794507
 31
0.0
  0
LINE
  5
27E
330
1F
100
AcDbEntity
  8
0
100
AcDbLine
 10
-44.96499153491374
 20
5.688756457794507
 30
0.0
 11
-44.87009620966995
 21
6.043277104032796
 31
0.0
  0
LINE
  5
27F
330
1F
100
AcDbEntity
  8
0
100
AcDbLine
 10
-44.87009620966995
 20
6.043277104032796
 30
0.0
 11
-44.78309029444475
 21
6.294742717108321
 31
0.0
  0
LINE
  5
280
330
1F
100
AcDbEntity
  8
0
100
AcDbLine
 10
-44.78309029444475
 20
6.294742717108321
 30
0.0
 11
-44.70280276785932
 21
6.472015158205575
 31
0.0
  0
LINE
  5
281
330
1F
100
AcDbEntity
  8
0
100
AcDbLine
 10
-44.70280276785932
 20
6.472015158205575
 30
0.0
 11
-44.6206460331428
 21
6.612682938775014
 31
0.0
  0
LINE
  5
282
330
1F
100
AcDbEntity
  8
0
100
AcDbLine
 10
-44.6206460331428
 20
6.612682938775014
 30
0.0
 11
-44.51911364648364
 21
6.756267446159462
 31
0.0
  0
LINE
  5
283
330
1F
100
AcDbEntity
  8
0
100
AcDbLine
 10
-44.51911364648364
 20
6.756267446159462
 30
0.0
 11
-44.38403527329523
 21
6.934093804029866
 31
0.0
  0
LINE
  5
284
330
1F
100
AcDbEntity
  8
0
100
AcDbLine
 10
-44.38403527329523
 20
6.934093804029866
 30
0.0
 11
-44.23309374862931
 21
7.131153457101715
 31
0.0
  0
LINE
  5
285
330
1F
100
AcDbEntity
  8
0
100
AcDbLine
 10
-44.23309374862931
 20
7.131153457101715
 30
0.0
 11
-44.08173316206024
 21
7.318808074946794
 31
0.0
  0
LINE
  5
286
330
1F
100
AcDbEntity
  8
0
100
AcDbLine
 10
-44.08173316206024
 20
7.318808074946794
 30
0.0
 11
-43.93223932550411
 21
7.482270908141635
 31
0.0
  0
LINE
  5
287
330
1F
100
AcDbEntity
  8
0
100
AcDbLine
 10
-43.93223932550411
 20
7.482270908141635
 30
0.0
 11
-43.79035379995623
 21
7.609488134080205
 31
0.0
  0
LINE
  5
288
330
1F
100
AcDbEntity
  8
0
100
AcDbLine
 10
-43.79035379995623
 20
7.609488134080205
 30
0.0
 11
-43.66395492874482
 21
7.693459037427361
 31
0.0
  0
LINE
  5
289
330
1F
100
AcDbEntity
  8
0
100
AcDbLine
 10
-43.66395492874482
 20
7.693459037427361
 30
0.0
 11
-43.53782527112767
 21
7.747007899923256
 31
0.0
  0
LINE
  5
28A
330
1F
100
AcDbEntity
  8
0
100
AcDbLine
 10
-43.53782527112767
 20
7.747007899923256
 30
0.0
 11
-43.40295183700853
 21
7.776861961784504
 31
0.0
  0
LINE
  5
28B
330
1F
100
AcDbEntity
  8
0
100
AcDbLine
 10
-43.40295183700853
 20
7.776861961784504
 30
0.0
 11
-43.26011577803811
 21
7.781211698274054
 31
0.0
  0
LINE
  5
28C
330
1F
100
AcDbEntity
  8
0
100
AcDbLine
 10
-43.26011577803811
 20
7.781211698274054
 30
0.0
 11
-43.12394039951821
 21
7.761334087166779
 31
0.0
  0
LINE
  5
28D
330
1F
100
AcDbEntity
  8
0
100
AcDbLine
 10
-43.12394039951821
 20
7.761334087166779
 30
0.0
 11
-43.01515798631385
 21
7.722394125709918
 31
0.0
  0
LINE
  5
28E
330
1F
100
AcDbEntity
  8
0
100
AcDbLine
 10
-43.01515798631385
 20
7.722394125709918
 30
0.0
 11
-42.92897305743019
 21
7.666112308456862
 31
0.0
  0
LINE
  5
28F
330
1F
100
AcDbEntity
  8
0
100
AcDbLine
 10
-42.92897305743019
 20
7.666112308456862
 30
0.0
 11
-42.82636497755529
 21
7.565550224382888
 31
0.0
  0
LINE
  5
290
330
1F
100
AcDbEntity
  8
0
100
AcDbLine
 10
-42.82636497755529
 20
7.565550224382888
 30
0.0
 11
-42.70621146775664
 21
7.411186785697533
 31
0.0
  0
LINE
  5
291
330
1F
100
AcDbEntity
  8
0
100
AcDbLine
 10
-42.70621146775664
 20
7.411186785697533
 30
0.0
 11
-42.57337845335575
 21
7.210448287490785
 31
0.0
  0
LINE
  5
292
330
1F
100
AcDbEntity
  8
0
100
AcDbLine
 10
-42.57337845335575
 20
7.210448287490785
 30
0.0
 11
-42.42764738925761
 21
6.975284704225085
 31
0.0
  0
LINE
  5
293
330
1F
100
AcDbEntity
  8
0
100
AcDbLine
 10
-42.42764738925761
 20
6.975284704225085
 30
0.0
 11
-42.27987209605899
 21
6.736581214757007
 31
0.0
  0
LINE
  5
294
330
1F
100
AcDbEntity
  8
0
100
AcDbLine
 10
-42.27987209605899
 20
6.736581214757007
 30
0.0
 11
-42.13983088312487
 21
6.509117186732327
 31
0.0
  0
LINE
  5
295
330
1F
100
AcDbEntity
  8
0
100
AcDbLine
 10
-42.13983088312487
 20
6.509117186732327
 30
0.0
 11
-42.01047373859171
 21
6.290676488129214
 31
0.0
  0
LINE
  5
296
330
1F
100
AcDbEntity
  8
0
100
AcDbLine
 10
-42.01047373859171
 20
6.290676488129214
 30
0.0
 11
-41.89392584669073
 21
6.079284297997043
 31
0.0
  0
LINE
  5
297
330
1F
100
AcDbEntity
  8
0
100
AcDbLine
 10
-41.89392584669073
 20
6.079284297997043
 30
0.0
 11
-41.79170838700662
 21
5.872827730236888
 31
0.0
  0
LINE
  5
298
330
1F
100
AcDbEntity
  8
0
100
AcDbLine
 10
-41.79170838700662
 20
5.872827730236888
 30
0.0
 11
-41.70305311656234
 21
5.664856540865348
 31
0.0
  0
LINE
  5
299
330
1F
100
AcDbEntity
  8
0
100
AcDbLine
 10
-41.70305311656234
 20
5.664856540865348
 30
0.0
 11
-41.62534633369583
 21
5.449349953964401
 31
0.0
  0
LINE
  5
29A
330
1F
100
AcDbEntity
  8
0
100
AcDbLine
 10
-41.62534633369583
 20
5.449349953964401
 30
0.0
 11
-41.55708653438418
 21
5.224270252789167
 31
0.0
  0
LINE
  5
29B
330
1F
100
AcDbEntity
  8
0
100
AcDbLine
 10
-41.55708653438418
 20
5.224270252789167
 30
0.0
 11
-41.49798437348899
 21
4.990790896751489
 31
0.0
  0
LINE
  5
29C
330
1F
100
AcDbEntity
  8
0
100
AcDbLine
 10
-41.49798437348899
 20
4.990790896751489
 30
0.0
 11
-41.44766911439859
 21
4.750173830977095
 31
0.0
  0
LINE
  5
29D
330
1F
100
AcDbEntity
  8
0
100
AcDbLine
 10
-41.44766911439859
 20
4.750173830977095
 30
0.0
 11
-41.40560528125251
 21
4.503321915345333
 31
0.0
  0
LINE
  5
29E
330
1F
100
AcDbEntity
  8
0
100
AcDbLine
 10
-41.40560528125251
 20
4.503321915345333
 30
0.0
 11
-41.37117256226961
 21
4.251362188538935
 31
0.0
  0
LINE
  5
29F
330
1F
100
AcDbEntity
  8
0
100
AcDbLine
 10
-41.37117256226961
 20
4.251362188538935
 30
0.0
 11
-41.3437784234092
 21
3.995700456995585
 31
0.0
  0
LINE
  5
2A0
330
1F
100
AcDbEntity
  8
0
100
AcDbLine
 10
-41.3437784234092
 20
3.995700456995585
 30
0.0
 11
-41.32283043409664
 21
3.737742966827911
 31
0.0
  0
LINE
  5
2A1
330
1F
100
AcDbEntity
  8
0
100
AcDbLine
 10
-41.32283043409664
 20
3.737742966827911
 30
0.0
 11
-41.30773616377117
 21
3.478895964120715
 31
0.0
  0
LINE
  5
2A2
330
1F
100
AcDbEntity
  8
0
100
AcDbLine
 10
-41.30773616377117
 20
3.478895964120715
 30
0.0
 11
-41.29808151386553
 21
3.220255888126922
 31
0.0
  0
LINE
  5
2A3
330
1F
100
AcDbEntity
  8
0
100
AcDbLine
 10
-41.29808151386553
 20
3.220255888126922
 30
0.0
 11
-41.2938108564267
 21
2.961795601229064
 31
0.0
  0
LINE
  5
2A4
330
1F
100
AcDbEntity
  8
0
100
AcDbLine
 10
-41.2938108564267
 20
2.961795601229064
 30
0.0
 11
-41.29475134379359
 21
2.703329505978718
 31
0.0
  0
LINE
  5
2A5
330
1F
100
AcDbEntity
  8
0
100
AcDbLine
 10
-41.29475134379359
 20
2.703329505978718
 30
0.0
 11
-41.30072694665531
 21
2.444674831333736
 31
0.0
  0
LINE
  5
2A6
330
1F
100
AcDbEntity
  8
0
100
AcDbLine
 10
-41.30072694665531
 20
2.444674831333736
 30
0.0
 11
-41.31156163574268
 21
2.185648806189359
 31
0.0
  0
LINE
  5
2A7
330
1F
100
AcDbEntity
  8
0
100
AcDbLine
 10
-41.31156163574268
 20
2.185648806189359
 30
0.0
 11
-41.32698243266734
 21
1.926274675553031
 31
0.0
  0
LINE
  5
2A8
330
1F
100
AcDbEntity
  8
0
100
AcDbLine
 10
-41.32698243266734
 20
1.926274675553031
 30
0.0
 11
-41.34682949661352
 21
1.667138743338621
 31
0.0
  0
LINE
  5
2A9
330
1F
100
AcDbEntity
  8
0
100
AcDbLine
 10
-41.34682949661352
 20
1.667138743338621
 30
0.0
 11
-41.37136136324099
 21
1.408652970348927
 31
0.0
  0
LINE
  5
2AA
330
1F
100
AcDbEntity
  8
0
100
AcDbLine
 10
-41.37136136324099
 20
1.408652970348927
 30
0.0
 11
-41.40084858480179
 21
1.151216770892879
 31
0.0
  0
LINE
  5
2AB
330
1F
100
AcDbEntity
  8
0
100
AcDbLine
 10
-41.40084858480179
 20
1.151216770892879
 30
0.0
 11
-41.43556171360362
 21
0.8952295592307083
 31
0.0
  0
LINE
  5
2AC
330
1F
100
AcDbEntity
  8
0
100
AcDbLine
 10
-41.43556171360362
 20
0.8952295592307083
 30
0.0
 11
-41.47577130190545
 21
0.641090749622647
 31
0.0
  0
LINE
  5
2AD
330
1F
100
AcDbEntity
  8
0
100
AcDbLine
 10
-41.47577130190545
 20
0.641090749622647
 30
0.0
 11
-41.52174790198714
 21
0.3891997563637113
 31
0.0
  0
LINE
  5
2AE
330
1F
100
AcDbEntity
  8
0
100
AcDbLine
 10
-41.52174790198714
 20
0.3891997563637113
 30
0.0
 11
-41.57376206612162
 21
0.1399559937280471
 31
0.0
  0
LINE
  5
2AF
330
1F
100
AcDbEntity
  8
0
100
AcDbLine
 10
-41.57376206612162
 20
0.1399559937280471
 30
0.0
 11
-41.63208434659569
 21
-0.1062411239962859
 31
0.0
  0
LINE
  5
2B0
330
1F
100
AcDbEntity
  8
0
100
AcDbLine
 10
-41.63208434659569
 20
-0.1062411239962859
 30
0.0
 11
-41.69698529566835
 21
-0.3489921825420993
 31
0.0
  0
LINE
  5
2B1
330
1F
100
AcDbEntity
  8
0
100
AcDbLine
 10
-41.69698529566835
 20
-0.3489921825420993
 30
0.0
 11
-41.76872739092827
 21
-0.5877310352392292
 31
0.0
  0
LINE
  5
2B2
330
1F
100
AcDbEntity
  8
0
100
AcDbLine
 10
-41.76872739092827
 20
-0.5877310352392292
 30
0.0
 11
-41.84766186244816
 21
-0.8213520932643307
 31
0.0
  0
LINE
  5
2B3
330
1F
100
AcDbEntity
  8
0
100
AcDbLine
 10
-41.84766186244816
 20
-0.8213520932643307
 30
0.0
 11
-41.93431714111802
 21
-1.049350435967386
 31
0.0
  0
LINE
  5
2B4
330
1F
100
AcDbEntity
  8
0
100
AcDbLine
 10
-41.93431714111802
 20
-1.049350435967386
 30
0.0
 11
-42.02923262526132
 21
-1.271296402606067
 31
0.0
  0
LINE
  5
2B5
330
1F
100
AcDbEntity
  8
0
100
AcDbLine
 10
-42.02923262526132
 20
-1.271296402606067
 30
0.0
 11
-42.13312180427759
 21
-1.487099231533965
 31
0.0
  0
LINE
  5
2B6
330
1F
100
AcDbEntity
  8
0
100
AcDbLine
 10
-42.13312180427759
 20
-1.487099231533965
 30
0.0
 11
-42.24652692766384
 21
-1.696457643121172
 31
0.0
  0
LINE
  5
2B7
330
1F
100
AcDbEntity
  8
0
100
AcDbLine
 10
-42.24652692766384
 20
-1.696457643121172
 30
0.0
 11
-42.36775332729303
 21
-1.894853781583784
 31
0.0
  0
LINE
  5
2B8
330
1F
100
AcDbEntity
  8
0
100
AcDbLine
 10
-42.36775332729303
 20
-1.894853781583784
 30
0.0
 11
-42.49396342699638
 21
-2.074067241298071
 31
0.0
  0
LINE
  5
2B9
330
1F
100
AcDbEntity
  8
0
100
AcDbLine
 10
-42.49396342699638
 20
-2.074067241298071
 30
0.0
 11
-42.62372160424829
 21
-2.228591899870773
 31
0.0
  0
LINE
  5
2BA
330
1F
100
AcDbEntity
  8
0
100
AcDbLine
 10
-42.62372160424829
 20
-2.228591899870773
 30
0.0
 11
-42.75615110970988
 21
-2.355375381067105
 31
0.0
  0
LINE
  5
2BB
330
1F
100
AcDbEntity
  8
0
100
AcDbLine
 10
-42.75615110970988
 20
-2.355375381067105
 30
0.0
 11
-42.89218080273083
 21
-2.454939878491426
 31
0.0
  0
LINE
  5
2BC
330
1F
100
AcDbEntity
  8
0
100
AcDbLine
 10
-42.89218080273083
 20
-2.454939878491426
 30
0.0
 11
-43.03122077443557
 21
-2.527023205925435
 31
0.0
  0
LINE
  5
2BD
330
1F
100
AcDbEntity
  8
0
100
AcDbLine
 10
-43.03122077443557
 20
-2.527023205925435
 30
0.0
 11
-43.15827359802299
 21
-2.567742476895507
 31
0.0
  0
LINE
  5
2BE
330
1F
100
AcDbEntity
  8
0
100
AcDbLine
 10
-43.15827359802299
 20
-2.567742476895507
 30
0.0
 11
-43.26136475188322
 21
-2.577686120501539
 31
0.0
  0
LINE
  5
2BF
330
1F
100
AcDbEntity
  8
0
100
AcDbLine
 10
-43.26136475188322
 20
-2.577686120501539
 30
0.0
 11
-43.40150662288606
 21
-2.559775042975108
 31
0.0
  0
LINE
  5
2C0
330
1F
100
AcDbEntity
  8
0
100
AcDbLine
 10
-43.40150662288606
 20
-2.559775042975108
 30
0.0
 11
-43.60070422586648
 21
-2.508307881228135
 31
0.0
  0
LINE
  5
2C1
330
1F
100
AcDbEntity
  8
0
100
AcDbLine
 10
-43.60070422586648
 20
-2.508307881228135
 30
0.0
 11
-43.77784612859304
 21
-2.44615146350993
 31
0.0
  0
LINE
  5
2C2
330
1F
100
AcDbEntity
  8
0
100
AcDbLine
 10
-43.77784612859304
 20
-2.44615146350993
 30
0.0
 11
-43.85365643698373
 21
-2.405203825560906
 31
0.0
  0
LINE
  5
2C3
330
1F
100
AcDbEntity
  8
0
100
AcDbLine
 10
-43.85365643698373
 20
-2.405203825560906
 30
0.0
 11
-43.92305148827563
 21
-2.332290911672964
 31
0.0
  0
LINE
  5
2C4
330
1F
100
AcDbEntity
  8
0
100
AcDbLine
 10
-43.92305148827563
 20
-2.332290911672964
 30
0.0
 11
-44.04772901154765
 21
-2.16015632555814
 31
0.0
  0
LINE
  5
2C5
330
1F
100
AcDbEntity
  8
0
100
AcDbLine
 10
-44.04772901154765
 20
-2.16015632555814
 30
0.0
 11
-44.20052493229826
 21
-1.935286898652159
 31
0.0
  0
LINE
  5
2C6
330
1F
100
AcDbEntity
  8
0
100
AcDbLine
 10
-44.20052493229826
 20
-1.935286898652159
 30
0.0
 11
-44.34180425387872
 21
-1.722068873649808
 31
0.0
  0
LINE
  5
2C7
330
1F
100
AcDbEntity
  8
0
100
AcDbLine
 10
-44.34180425387872
 20
-1.722068873649808
 30
0.0
 11
-44.46797012415234
 21
-1.518012541217844
 31
0.0
  0
LINE
  5
2C8
330
1F
100
AcDbEntity
  8
0
100
AcDbLine
 10
-44.46797012415234
 20
-1.518012541217844
 30
0.0
 11
-44.57804145383907
 21
-1.318061944268459
 31
0.0
  0
LINE
  5
2C9
330
1F
100
AcDbEntity
  8
0
100
AcDbLine
 10
-44.57804145383907
 20
-1.318061944268459
 30
0.0
 11
-44.67494025377051
 21
-1.110619706915648
 31
0.0
  0
LINE
  5
2CA
330
1F
100
AcDbEntity
  8
0
100
AcDbLine
 10
-44.67494025377051
 20
-1.110619706915648
 30
0.0
 11
-44.76349165522772
 21
-0.8862898228599465
 31
0.0
  0
LINE
  5
2CB
330
1F
100
AcDbEntity
  8
0
100
AcDbLine
 10
-44.76349165522772
 20
-0.8862898228599465
 30
0.0
 11
-44.84467169338553
 21
-0.6465505193437365
 31
0.0
  0
LINE
  5
2CC
330
1F
100
AcDbEntity
  8
0
100
AcDbLine
 10
-44.84467169338553
 20
-0.6465505193437365
 30
0.0
 11
-44.9182589315824
 21
-0.3969072640204272
 31
0.0
  0
LINE
  5
2CD
330
1F
100
AcDbEntity
  8
0
100
AcDbLine
 10
-44.9182589315824
 20
-0.3969072640204272
 30
0.0
 11
-44.9847050313669
 21
-0.1419306219068847
 31
0.0
  0
LINE
  5
2CE
330
1F
100
AcDbEntity
  8
0
100
AcDbLine
 10
-44.9847050313669
 20
-0.1419306219068847
 30
0.0
 11
-45.0450075189732
 21
0.1143413487023235
 31
0.0
  0
LINE
  5
2CF
330
1F
100
AcDbEntity
  8
0
100
AcDbLine
 10
-45.0450075189732
 20
0.1143413487023235
 30
0.0
 11
-45.10024484888397
 21
0.3679828886292169
 31
0.0
  0
LINE
  5
2D0
330
1F
100
AcDbEntity
  8
0
100
AcDbLine
 10
-45.10024484888397
 20
0.3679828886292169
 30
0.0
 11
-45.15170811018027
 21
0.6155348093075553
 31
0.0
  0
LINE
  5
2D1
330
1F
100
AcDbEntity
  8
0
100
AcDbLine
 10
-45.15170811018027
 20
0.6155348093075553
 30
0.0
 11
-45.20069841604914
 21
0.8531123164175615
 31
0.0
  0
LINE
  5
2D2
330
1F
100
AcDbEntity
  8
0
100
AcDbLine
 10
-45.20069841604914
 20
0.8531123164175615
 30
0.0
 11
-45.24623533261131
 21
1.071458949230737
 31
0.0
  0
LINE
  5
2D3
330
1F
100
AcDbEntity
  8
0
100
AcDbLine
 10
-45.24623533261131
 20
1.071458949230737
 30
0.0
 11
-45.28623932315932
 21
1.268186430028836
 31
0.0
  0
LINE
  5
2D4
330
1F
100
AcDbEntity
  8
0
100
AcDbLine
 10
-45.28623932315932
 20
1.268186430028836
 30
0.0
 11
-45.31965212103067
 21
1.451132832880779
 31
0.0
  0
LINE
  5
2D5
330
1F
100
AcDbEntity
  8
0
100
AcDbLine
 10
-45.31965212103067
 20
1.451132832880779
 30
0.0
 11
-45.34647956346374
 21
1.630254987842471
 31
0.0
  0
LINE
  5
2D6
330
1F
100
AcDbEntity
  8
0
100
AcDbLine
 10
-45.34647956346374
 20
1.630254987842471
 30
0.0
 11
-45.36641025266954
 21
1.817246190184526
 31
0.0
  0
LINE
  5
2D7
330
1F
100
AcDbEntity
  8
0
100
AcDbLine
 10
-45.36641025266954
 20
1.817246190184526
 30
0.0
 11
-45.37848169232123
 21
2.023417995129494
 31
0.0
  0
LINE
  5
2D8
330
1F
100
AcDbEntity
  8
0
100
AcDbLine
 10
-45.37848169232123
 20
2.023417995129494
 30
0.0
 11
-45.38173138609195
 21
2.26008195791384
 31
0.0
  0
LINE
  5
2D9
330
1F
100
AcDbEntity
  8
0
100
AcDbLine
 10
-45.38173138609195
 20
2.26008195791384
 30
0.0
 11
-45.37499234019459
 21
2.538071967391214
 31
0.0
  0
LINE
  5
2DA
330
1F
100
AcDbEntity
  8
0
100
AcDbLine
 10
-45.37499234019459
 20
2.538071967391214
 30
0.0
 11
-45.35619809200738
 21
2.86539937331341
 31
0.0
  0
LINE
  5
2DB
330
1F
100
AcDbEntity
  8
0
100
AcDbLine
 10
-45.35619809200738
 20
2.86539937331341
 30
0.0
 11
-45.32358906220605
 21
3.249720040228843
 31
0.0
  0
LINE
  5
2DC
330
1F
100
AcDbEntity
  8
0
100
AcDbLine
 10
-45.32358906220605
 20
3.249720040228843
 30
0.0
 11
-45.27560457956978
 21
3.698483970791802
 31
0.0
  0
LINE
  5
2DD
330
1F
100
AcDbEntity
  8
0
100
AcDbLine
 10
-45.27560457956978
 20
3.698483970791802
 30
0.0
 11
-45.21844862825693
 21
4.173918531447386
 31
0.0
  0
LINE
  5
2DE
330
1F
100
AcDbEntity
  8
0
100
AcDbLine
 10
-45.21844862825693
 20
4.173918531447386
 30
0.0
 11
-45.1689237046931
 21
4.575823979194467
 31
0.0
  0
LINE
  5
2DF
330
1F
100
AcDbEntity
  8
0
100
AcDbLine
 10
-45.1689237046931
 20
4.575823979194467
 30
0.0
 11
-45.1417192881401
 21
4.846410886223184
 31
0.0
  0
LINE
  5
2E0
330
1F
100
AcDbEntity
  8
0
100
AcDbLine
 10
-45.89786398314575
 20
4.786410296454901
 30
0.0
 11
-45.65020824357843
 21
5.984333611403337
 31
0.0
  0
LINE
  5
2E1
330
1F
100
AcDbEntity
  8
0
100
AcDbLine
 10
-45.65020824357843
 20
5.984333611403337
 30
0.0
 11
-45.1374977768056
 21
7.163933379910581
 31
0.0
  0
LINE
  5
2E2
330
1F
100
AcDbEntity
  8
0
100
AcDbLine
 10
-45.1374977768056
 20
7.163933379910581
 30
0.0
 11
-44.3984565907862
 21
8.063676929772653
 31
0.0
  0
LINE
  5
2E3
330
1F
100
AcDbEntity
  8
0
100
AcDbLine
 10
-44.3984565907862
 20
8.063676929772653
 30
0.0
 11
-43.29394283842083
 21
8.53083291835096
 31
0.0
  0
LINE
  5
2E4
330
1F
100
AcDbEntity
  8
0
100
AcDbLine
 10
-43.29394283842083
 20
8.53083291835096
 30
0.0
 11
-42.24058940955218
 21
8.020236580535549
 31
0.0
  0
LINE
  5
2E5
330
1F
100
AcDbEntity
  8
0
100
AcDbLine
 10
-42.24058940955218
 20
8.020236580535549
 30
0.0
 11
-41.55643269412188
 21
6.971442374777372
 31
0.0
  0
LINE
  5
2E6
330
1F
100
AcDbEntity
  8
0
100
AcDbLine
 10
-41.55643269412188
 20
6.971442374777372
 30
0.0
 11
-41.00211374803876
 21
5.895575511905716
 31
0.0
  0
LINE
  5
2E7
330
1F
100
AcDbEntity
  8
0
100
AcDbLine
 10
-41.00211374803876
 20
5.895575511905716
 30
0.0
 11
-40.69312321327308
 21
4.707533121736863
 31
0.0
  0
LINE
  5
2E8
330
1F
100
AcDbEntity
  8
0
100
AcDbLine
 10
-40.69312321327308
 20
4.707533121736863
 30
0.0
 11
-40.57123412552679
 21
3.471360202220036
 31
0.0
  0
LINE
  5
2E9
330
1F
100
AcDbEntity
  8
0
100
AcDbLine
 10
-40.57123412552679
 20
3.471360202220036
 30
0.0
 11
-40.57259753688605
 21
2.243646718324333
 31
0.0
  0
LINE
  5
2EA
330
1F
100
AcDbEntity
  8
0
100
AcDbLine
 10
-40.57259753688605
 20
2.243646718324333
 30
0.0
 11
-40.67614825675963
 21
1.02008620205411
 31
0.0
  0
LINE
  5
2EB
330
1F
100
AcDbEntity
  8
0
100
AcDbLine
 10
-40.67614825675963
 20
1.02008620205411
 30
0.0
 11
-40.89464363780384
 21
-0.1897154476885473
 31
0.0
  0
LINE
  5
2EC
330
1F
100
AcDbEntity
  8
0
100
AcDbLine
 10
-40.89464363780384
 20
-0.1897154476885473
 30
0.0
 11
-41.26459333751659
 21
-1.359234033753199
 31
0.0
  0
LINE
  5
2ED
330
1F
100
AcDbEntity
  8
0
100
AcDbLine
 10
-41.26459333751659
 20
-1.359234033753199
 30
0.0
 11
-41.8464772560888
 21
-2.442466169489097
 31
0.0
  0
LINE
  5
2EE
330
1F
100
AcDbEntity
  8
0
100
AcDbLine
 10
-41.8464772560888
 20
-2.442466169489097
 30
0.0
 11
-42.77064446333345
 21
-3.226890228983923
 31
0.0
  0
LINE
  5
2EF
330
1F
100
AcDbEntity
  8
0
100
AcDbLine
 10
-42.77064446333345
 20
-3.226890228983923
 30
0.0
 11
-43.95626215991066
 21
-3.177567858641608
 31
0.0
  0
LINE
  5
2F0
330
1F
100
AcDbEntity
  8
0
100
AcDbLine
 10
-43.95626215991066
 20
-3.177567858641608
 30
0.0
 11
-44.81383825515935
 21
-2.348166662177396
 31
0.0
  0
LINE
  5
2F1
330
1F
100
AcDbEntity
  8
0
100
AcDbLine
 10
-44.81383825515935
 20
-2.348166662177396
 30
0.0
 11
-45.40584324689055
 21
-1.270953174314124
 31
0.0
  0
LINE
  5
2F2
330
1F
100
AcDbEntity
  8
0
100
AcDbLine
 10
-45.40584324689055
 20
-1.270953174314124
 30
0.0
 11
-45.76302464165224
 21
-0.0475211707359948
 31
0.0
  0
LINE
  5
2F3
330
1F
100
AcDbEntity
  8
0
100
AcDbLine
 10
-45.76302464165224
 20
-0.0475211707359948
 30
0.0
 11
-45.98727752077813
 21
1.021139346028291
 31
0.0
  0
LINE
  5
2F4
330
1F
100
AcDbEntity
  8
0
100
AcDbLine
 10
-45.98727752077813
 20
1.021139346028291
 30
0.0
 11
-46.11277258555469
 21
1.99179833792894
 31
0.0
  0
LINE
  5
2F5
330
1F
100
AcDbEntity
  8
0
100
AcDbLine
 10
-46.11277258555469
 20
1.99179833792894
 30
0.0
 11
-46.03381705772478
 21
3.535290860583279
 31
0.0
  0
LINE
  5
2F6
330
1F
100
AcDbEntity
  8
0
100
AcDbLine
 10
-46.03381705772478
 20
3.535290860583279
 30
0.0
 11
-45.89786398314575
 21
4.786410296454901
 31
0.0
  0
LINE
  5
2F7
330
1F
100
AcDbEntity
  8
0
100
AcDbLine
 10
-49.02577695094965
 20
-3.117116254349186
 30
0.0
 11
-49.62330321931253
 21
-3.394247346994796
 31
0.0
  0
LINE
  5
2F8
330
1F
100
AcDbEntity
  8
0
100
AcDbLine
 10
-49.62330321931253
 20
-3.394247346994796
 30
0.0
 11
-49.7793315146774
 21
-2.943319954467524
 31
0.0
  0
LINE
  5
2F9
330
1F
100
AcDbEntity
  8
0
100
AcDbLine
 10
-49.7793315146774
 20
-2.943319954467524
 30
0.0
 11
-49.35278555042294
 21
-2.478340518977186
 31
0.0
  0
LINE
  5
2FA
330
1F
100
AcDbEntity
  8
0
100
AcDbLine
 10
-49.35278555042294
 20
-2.478340518977186
 30
0.0
 11
-49.08266309650057
 21
-1.902379335690092
 31
0.0
  0
LINE
  5
2FB
330
1F
100
AcDbEntity
  8
0
100
AcDbLine
 10
-49.08266309650057
 20
-1.902379335690092
 30
0.0
 11
-48.89524431719354
 21
-1.296436696739541
 31
0.0
  0
LINE
  5
2FC
330
1F
100
AcDbEntity
  8
0
100
AcDbLine
 10
-48.89524431719354
 20
-1.296436696739541
 30
0.0
 11
-48.75661454781442
 21
-0.6797086324157672
 31
0.0
  0
LINE
  5
2FD
330
1F
100
AcDbEntity
  8
0
100
AcDbLine
 10
-48.75661454781442
 20
-0.6797086324157672
 30
0.0
 11
-48.65573962425204
 21
-0.0531677580534539
 31
0.0
  0
LINE
  5
2FE
330
1F
100
AcDbEntity
  8
0
100
AcDbLine
 10
-48.65573962425204
 20
-0.0531677580534539
 30
0.0
 11
-48.58508400265523
 21
0.5797145384119101
 31
0.0
  0
LINE
  5
2FF
330
1F
100
AcDbEntity
  8
0
100
AcDbLine
 10
-48.58508400265523
 20
0.5797145384119101
 30
0.0
 11
-48.53723379543886
 21
1.215401985237737
 31
0.0
  0
LINE
  5
300
330
1F
100
AcDbEntity
  8
0
100
AcDbLine
 10
-48.53723379543886
 20
1.215401985237737
 30
0.0
 11
-48.50792941498518
 21
1.851345151446603
 31
0.0
  0
LINE
  5
301
330
1F
100
AcDbEntity
  8
0
100
AcDbLine
 10
-48.50792941498518
 20
1.851345151446603
 30
0.0
 11
-48.49936559025706
 21
2.487013875951934
 31
0.0
  0
LINE
  5
302
330
1F
100
AcDbEntity
  8
0
100
AcDbLine
 10
-48.49936559025706
 20
2.487013875951934
 30
0.0
 11
-48.51452656500067
 21
3.122125001888202
 31
0.0
  0
LINE
  5
303
330
1F
100
AcDbEntity
  8
0
100
AcDbLine
 10
-48.51452656500067
 20
3.122125001888202
 30
0.0
 11
-48.55639658296219
 21
3.756395372362046
 31
0.0
  0
LINE
  5
304
330
1F
100
AcDbEntity
  8
0
100
AcDbLine
 10
-48.55639658296219
 20
3.756395372362046
 30
0.0
 11
-48.62824660189187
 21
4.389361059312664
 31
0.0
  0
LINE
  5
305
330
1F
100
AcDbEntity
  8
0
100
AcDbLine
 10
-48.62824660189187
 20
4.389361059312664
 30
0.0
 11
-48.74208248389989
 21
5.015050838629795
 31
0.0
  0
LINE
  5
306
330
1F
100
AcDbEntity
  8
0
100
AcDbLine
 10
-48.74208248389989
 20
5.015050838629795
 30
0.0
 11
-48.91897754433893
 21
5.621576489636928
 31
0.0
  0
LINE
  5
307
330
1F
100
AcDbEntity
  8
0
100
AcDbLine
 10
-48.91897754433893
 20
5.621576489636928
 30
0.0
 11
-49.14972346719345
 21
6.210285607945801
 31
0.0
  0
LINE
  5
308
330
1F
100
AcDbEntity
  8
0
100
AcDbLine
 10
-49.14972346719345
 20
6.210285607945801
 30
0.0
 11
-49.39006953895372
 21
6.797966806061745
 31
0.0
  0
LINE
  5
309
330
1F
100
AcDbEntity
  8
0
100
AcDbLine
 10
-49.39006953895372
 20
6.797966806061745
 30
0.0
 11
-49.59877580502874
 21
7.399859605644253
 31
0.0
  0
LINE
  5
30A
330
1F
100
AcDbEntity
  8
0
100
AcDbLine
 10
-49.59877580502874
 20
7.399859605644253
 30
0.0
 11
-49.95199067819897
 21
7.92556089773054
 31
0.0
  0
LINE
  5
30B
330
1F
100
AcDbEntity
  8
0
100
AcDbLine
 10
-49.95199067819897
 20
7.92556089773054
 30
0.0
 11
-49.85871195789368
 21
8.294230184773115
 31
0.0
  0
LINE
  5
30C
330
1F
100
AcDbEntity
  8
0
100
AcDbLine
 10
-49.85871195789368
 20
8.294230184773115
 30
0.0
 11
-49.22878121226913
 21
8.341646366952554
 31
0.0
  0
LINE
  5
30D
330
1F
100
AcDbEntity
  8
0
100
AcDbLine
 10
-49.22878121226913
 20
8.341646366952554
 30
0.0
 11
-49.16139143519591
 21
8.927385324053814
 31
0.0
  0
LINE
  5
30E
330
1F
100
AcDbEntity
  8
0
100
AcDbLine
 10
-48.82331902181218
 20
-5.351728264241134
 30
0.0
 11
-48.83080475533664
 21
-4.79290092973104
 31
0.0
  0
LINE
  5
30F
330
1F
100
AcDbEntity
  8
0
100
AcDbLine
 10
-48.83080475533664
 20
-4.79290092973104
 30
0.0
 11
-48.89831288209045
 21
-4.234995301577231
 31
0.0
  0
LINE
  5
310
330
1F
100
AcDbEntity
  8
0
100
AcDbLine
 10
-48.89831288209045
 20
-4.234995301577231
 30
0.0
 11
-48.9789385609895
 21
-3.676803152277169
 31
0.0
  0
LINE
  5
311
330
1F
100
AcDbEntity
  8
0
100
AcDbLine
 10
-48.9789385609895
 20
-3.676803152277169
 30
0.0
 11
-49.02577695094965
 21
-3.117116254349186
 31
0.0
  0
LINE
  5
312
330
1F
100
AcDbEntity
  8
0
100
AcDbLine
 10
-49.32275619856117
 20
17.7045217416158
 30
0.0
 11
-49.49623584565536
 21
17.94933676171904
 31
0.0
  0
LINE
  5
313
330
1F
100
AcDbEntity
  8
0
100
AcDbLine
 10
-49.49623584565536
 20
17.94933676171904
 30
0.0
 11
-49.7532263590945
 21
18.1088968199494
 31
0.0
  0
LINE
  5
314
330
1F
100
AcDbEntity
  8
0
100
AcDbLine
 10
-49.7532263590945
 20
18.1088968199494
 30
0.0
 11
-50.03050773406785
 21
18.15092238661201
 31
0.0
  0
LINE
  5
315
330
1F
100
AcDbEntity
  8
0
100
AcDbLine
 10
-50.03050773406785
 20
18.15092238661201
 30
0.0
 11
-50.30657859201892
 21
18.08620009644708
 31
0.0
  0
LINE
  5
316
330
1F
100
AcDbEntity
  8
0
100
AcDbLine
 10
-50.30657859201892
 20
18.08620009644708
 30
0.0
 11
-50.57717264552917
 21
17.94330837992811
 31
0.0
  0
LINE
  5
317
330
1F
100
AcDbEntity
  8
0
100
AcDbLine
 10
-50.57717264552917
 20
17.94330837992811
 30
0.0
 11
-50.83807804598344
 21
17.75088186462129
 31
0.0
  0
LINE
  5
318
330
1F
100
AcDbEntity
  8
0
100
AcDbLine
 10
-50.83807804598344
 20
17.75088186462129
 30
0.0
 11
-51.08509312972772
 21
17.53750478638195
 31
0.0
  0
LINE
  5
319
330
1F
100
AcDbEntity
  8
0
100
AcDbLine
 10
-51.08509312972772
 20
17.53750478638195
 30
0.0
 11
-51.31578020349087
 21
17.32303389356086
 31
0.0
  0
LINE
  5
31A
330
1F
100
AcDbEntity
  8
0
100
AcDbLine
 10
-51.31578020349087
 20
17.32303389356086
 30
0.0
 11
-51.53145884675207
 21
17.10873630730523
 31
0.0
  0
LINE
  5
31B
330
1F
100
AcDbEntity
  8
0
100
AcDbLine
 10
-51.53145884675207
 20
17.10873630730523
 30
0.0
 11
-51.73393047867467
 21
16.89349518026618
 31
0.0
  0
LINE
  5
31C
330
1F
100
AcDbEntity
  8
0
100
AcDbLine
 10
-51.73393047867467
 20
16.89349518026618
 30
0.0
 11
-51.92499651840109
 21
16.67619366512962
 31
0.0
  0
LINE
  5
31D
330
1F
100
AcDbEntity
  8
0
100
AcDbLine
 10
-51.92499651840109
 20
16.67619366512962
 30
0.0
 11
-52.1064583850877
 21
16.45571491451191
 31
0.0
  0
LINE
  5
31E
330
1F
100
AcDbEntity
  8
0
100
AcDbLine
 10
-52.1064583850877
 20
16.45571491451191
 30
0.0
 11
-52.28011749789781
 21
16.230942081092
 31
0.0
  0
LINE
  5
31F
330
1F
100
AcDbEntity
  8
0
100
AcDbLine
 10
-52.28011749789781
 20
16.230942081092
 30
0.0
 11
-52.44777527598776
 21
16.00075831750712
 31
0.0
  0
LINE
  5
320
330
1F
100
AcDbEntity
  8
0
100
AcDbLine
 10
-52.44777527598776
 20
16.00075831750712
 30
0.0
 11
-52.61116067204976
 21
15.76413714906232
 31
0.0
  0
LINE
  5
321
330
1F
100
AcDbEntity
  8
0
100
AcDbLine
 10
-52.61116067204976
 20
15.76413714906232
 30
0.0
 11
-52.7710729748305
 21
15.52121148147716
 31
0.0
  0
LINE
  5
322
330
1F
100
AcDbEntity
  8
0
100
AcDbLine
 10
-52.7710729748305
 20
15.52121148147716
 30
0.0
 11
-52.92766748454422
 21
15.27291733620152
 31
0.0
  0
LINE
  5
323
330
1F
100
AcDbEntity
  8
0
100
AcDbLine
 10
-52.92766748454422
 20
15.27291733620152
 30
0.0
 11
-53.08108659529179
 21
15.02020682973962
 31
0.0
  0
LINE
  5
324
330
1F
100
AcDbEntity
  8
0
100
AcDbLine
 10
-53.08108659529179
 20
15.02020682973962
 30
0.0
 11
-53.23147270118096
 21
14.76403207868612
 31
0.0
  0
LINE
  5
325
330
1F
100
AcDbEntity
  8
0
100
AcDbLine
 10
-53.23147270118096
 20
14.76403207868612
 30
0.0
 11
-53.37896819631952
 21
14.50534519960784
 31
0.0
  0
LINE
  5
326
330
1F
100
AcDbEntity
  8
0
100
AcDbLine
 10
-53.37896819631952
 20
14.50534519960784
 30
0.0
 11
-53.52371547482222
 21
14.24509830902291
 31
0.0
  0
LINE
  5
327
330
1F
100
AcDbEntity
  8
0
100
AcDbLine
 10
-53.52371547482222
 20
14.24509830902291
 30
0.0
 11
-53.66585111321922
 21
13.98408124995767
 31
0.0
  0
LINE
  5
328
330
1F
100
AcDbEntity
  8
0
100
AcDbLine
 10
-53.66585111321922
 20
13.98408124995767
 30
0.0
 11
-53.80548873124514
 21
13.72244351618711
 31
0.0
  0
LINE
  5
329
330
1F
100
AcDbEntity
  8
0
100
AcDbLine
 10
-53.80548873124514
 20
13.72244351618711
 30
0.0
 11
-53.94273628677781
 21
13.46017667095157
 31
0.0
  0
LINE
  5
32A
330
1F
100
AcDbEntity
  8
0
100
AcDbLine
 10
-53.94273628677781
 20
13.46017667095157
 30
0.0
 11
-54.07770173766026
 21
13.19727227755406
 31
0.0
  0
LINE
  5
32B
330
1F
100
AcDbEntity
  8
0
100
AcDbLine
 10
-54.07770173766026
 20
13.19727227755406
 30
0.0
 11
-54.21049304177726
 21
12.9337218992558
 31
0.0
  0
LINE
  5
32C
330
1F
100
AcDbEntity
  8
0
100
AcDbLine
 10
-54.21049304177726
 20
12.9337218992558
 30
0.0
 11
-54.34121815698578
 21
12.66951709935977
 31
0.0
  0
LINE
  5
32D
330
1F
100
AcDbEntity
  8
0
100
AcDbLine
 10
-54.34121815698578
 20
12.66951709935977
 30
0.0
 11
-54.46998504116362
 21
12.40464944109242
 31
0.0
  0
LINE
  5
32E
330
1F
100
AcDbEntity
  8
0
100
AcDbLine
 10
-54.46998504116362
 20
12.40464944109242
 30
0.0
 11
-54.59690165215383
 21
12.13911048776369
 31
0.0
  0
LINE
  5
32F
330
1F
100
AcDbEntity
  8
0
100
AcDbLine
 10
-54.59690165215383
 20
12.13911048776369
 30
0.0
 11
-54.72207594782726
 21
11.87289180264177
 31
0.0
  0
LINE
  5
330
330
1F
100
AcDbEntity
  8
0
100
AcDbLine
 10
-54.72207594782726
 20
11.87289180264177
 30
0.0
 11
-54.84561588606873
 21
11.60598494899486
 31
0.0
  0
LINE
  5
331
330
1F
100
AcDbEntity
  8
0
100
AcDbLine
 10
-54.84561588606873
 20
11.60598494899486
 30
0.0
 11
-54.96762942470731
 21
11.33838149012593
 31
0.0
  0
LINE
  5
332
330
1F
100
AcDbEntity
  8
0
100
AcDbLine
 10
-54.96762942470731
 20
11.33838149012593
 30
0.0
 11
-55.08822448889465
 21
11.07007303902559
 31
0.0
  0
LINE
  5
333
330
1F
100
AcDbEntity
  8
0
100
AcDbLine
 10
-55.08822448889465
 20
11.07007303902559
 30
0.0
 11
-55.20750097943974
 21
10.80106339914859
 31
0.0
  0
LINE
  5
334
330
1F
100
AcDbEntity
  8
0
100
AcDbLine
 10
-55.20750097943974
 20
10.80106339914859
 30
0.0
 11
-55.32554033103334
 21
10.53138442747664
 31
0.0
  0
LINE
  5
335
330
1F
100
AcDbEntity
  8
0
100
AcDbLine
 10
-55.32554033103334
 20
10.53138442747664
 30
0.0
 11
-55.44242139015718
 21
10.26107191295778
 31
0.0
  0
LINE
  5
336
330
1F
100
AcDbEntity
  8
0
100
AcDbLine
 10
-55.44242139015718
 20
10.26107191295778
 30
0.0
 11
-55.55822300325124
 21
9.990161644602695
 31
0.0
  0
LINE
  5
337
330
1F
100
AcDbEntity
  8
0
100
AcDbLine
 10
-55.55822300325124
 20
9.990161644602695
 30
0.0
 11
-55.67302401681124
 21
9.718689411366382
 31
0.0
  0
LINE
  5
338
330
1F
100
AcDbEntity
  8
0
100
AcDbLine
 10
-55.67302401681124
 20
9.718689411366382
 30
0.0
 11
-55.78690327729799
 21
9.44669100221081
 31
0.0
  0
LINE
  5
339
330
1F
100
AcDbEntity
  8
0
100
AcDbLine
 10
-55.78690327729799
 20
9.44669100221081
 30
0.0
 11
-55.89993963117239
 21
9.174202206125774
 31
0.0
  0
LINE
  5
33A
330
1F
100
AcDbEntity
  8
0
100
AcDbLine
 10
-55.89993963117239
 20
9.174202206125774
 30
0.0
 11
-56.01221192493009
 21
8.901258812066281
 31
0.0
  0
LINE
  5
33B
330
1F
100
AcDbEntity
  8
0
100
AcDbLine
 10
-56.01221192493009
 20
8.901258812066281
 30
0.0
 11
-56.12379900500414
 21
8.627896609022134
 31
0.0
  0
LINE
  5
33C
330
1F
100
AcDbEntity
  8
0
100
AcDbLine
 10
-56.12379900500414
 20
8.627896609022134
 30
0.0
 11
-56.2347797179041
 21
8.354151385941375
 31
0.0
  0
LINE
  5
33D
330
1F
100
AcDbEntity
  8
0
100
AcDbLine
 10
-56.2347797179041
 20
8.354151385941375
 30
0.0
 11
-56.34523291006303
 21
8.080058931827722
 31
0.0
  0
LINE
  5
33E
330
1F
100
AcDbEntity
  8
0
100
AcDbLine
 10
-56.34523291006303
 20
8.080058931827722
 30
0.0
 11
-56.45523742798354
 21
7.805655035615307
 31
0.0
  0
LINE
  5
33F
330
1F
100
AcDbEntity
  8
0
100
AcDbLine
 10
-56.45523742798354
 20
7.805655035615307
 30
0.0
 11
-56.56487211809866
 21
7.530975486321756
 31
0.0
  0
LINE
  5
340
330
1F
100
AcDbEntity
  8
0
100
AcDbLine
 10
-56.56487211809866
 20
7.530975486321756
 30
0.0
 11
-56.67421582690405
 21
7.256056072888164
 31
0.0
  0
LINE
  5
341
330
1F
100
AcDbEntity
  8
0
100
AcDbLine
 10
-56.67421582690405
 20
7.256056072888164
 30
0.0
 11
-56.78334740086756
 21
6.980932584297372
 31
0.0
  0
LINE
  5
342
330
1F
100
AcDbEntity
  8
0
100
AcDbLine
 10
-56.78334740086756
 20
6.980932584297372
 30
0.0
 11
-56.89234568645699
 21
6.705640809504385
 31
0.0
  0
LINE
  5
343
330
1F
100
AcDbEntity
  8
0
100
AcDbLine
 10
-56.89234568645699
 20
6.705640809504385
 30
0.0
 11
-57.00128953014018
 21
6.430216537505956
 31
0.0
  0
LINE
  5
344
330
1F
100
AcDbEntity
  8
0
100
AcDbLine
 10
-57.00128953014018
 20
6.430216537505956
 30
0.0
 11
-57.11020682430368
 21
6.154680457847602
 31
0.0
  0
LINE
  5
345
330
1F
100
AcDbEntity
  8
0
100
AcDbLine
 10
-57.11020682430368
 20
6.154680457847602
 30
0.0
 11
-57.21838851342048
 21
5.878834877671629
 31
0.0
  0
LINE
  5
346
330
1F
100
AcDbEntity
  8
0
100
AcDbLine
 10
-57.21838851342048
 20
5.878834877671629
 30
0.0
 11
-57.3245709918785
 21
5.602317772202888
 31
0.0
  0
LINE
  5
347
330
1F
100
AcDbEntity
  8
0
100
AcDbLine
 10
-57.3245709918785
 20
5.602317772202888
 30
0.0
 11
-57.42747710667429
 21
5.324763102188646
 31
0.0
  0
LINE
  5
348
330
1F
100
AcDbEntity
  8
0
100
AcDbLine
 10
-57.42747710667429
 20
5.324763102188646
 30
0.0
 11
-57.5258297048323
 21
5.045804828383125
 31
0.0
  0
LINE
  5
349
330
1F
100
AcDbEntity
  8
0
100
AcDbLine
 10
-57.5258297048323
 20
5.045804828383125
 30
0.0
 11
-57.61835163336999
 21
4.765076911505764
 31
0.0
  0
LINE
  5
34A
330
1F
100
AcDbEntity
  8
0
100
AcDbLine
 10
-57.61835163336999
 20
4.765076911505764
 30
0.0
 11
-57.70376573929786
 21
4.482213312262084
 31
0.0
  0
LINE
  5
34B
330
1F
100
AcDbEntity
  8
0
100
AcDbLine
 10
-57.70376573929786
 20
4.482213312262084
 30
0.0
 11
-57.78079486963337
 21
4.196847991420224
 31
0.0
  0
LINE
  5
34C
330
1F
100
AcDbEntity
  8
0
100
AcDbLine
 10
-57.78079486963337
 20
4.196847991420224
 30
0.0
 11
-57.84816187140095
 21
3.908614909685707
 31
0.0
  0
LINE
  5
34D
330
1F
100
AcDbEntity
  8
0
100
AcDbLine
 10
-57.84816187140095
 20
3.908614909685707
 30
0.0
 11
-57.90459837651805
 21
3.61716089959985
 31
0.0
  0
LINE
  5
34E
330
1F
100
AcDbEntity
  8
0
100
AcDbLine
 10
-57.90459837651805
 20
3.61716089959985
 30
0.0
 11
-57.94918101187364
 21
3.322638286756535
 31
0.0
  0
LINE
  5
34F
330
1F
100
AcDbEntity
  8
0
100
AcDbLine
 10
-57.94918101187364
 20
3.322638286756535
 30
0.0
 11
-57.98143658958037
 21
3.025859016499419
 31
0.0
  0
LINE
  5
350
330
1F
100
AcDbEntity
  8
0
100
AcDbLine
 10
-57.98143658958037
 20
3.025859016499419
 30
0.0
 11
-58.00092221294622
 21
2.727679417409512
 31
0.0
  0
LINE
  5
351
330
1F
100
AcDbEntity
  8
0
100
AcDbLine
 10
-58.00092221294622
 20
2.727679417409512
 30
0.0
 11
-58.00719498527229
 21
2.42895581800521
 31
0.0
  0
LINE
  5
352
330
1F
100
AcDbEntity
  8
0
100
AcDbLine
 10
-58.00719498527229
 20
2.42895581800521
 30
0.0
 11
-57.99981200983872
 21
2.130544546846654
 31
0.0
  0
LINE
  5
353
330
1F
100
AcDbEntity
  8
0
100
AcDbLine
 10
-57.99981200983872
 20
2.130544546846654
 30
0.0
 11
-57.97833038993964
 21
1.833301932493982
 31
0.0
  0
LINE
  5
354
330
1F
100
AcDbEntity
  8
0
100
AcDbLine
 10
-57.97833038993964
 20
1.833301932493982
 30
0.0
 11
-57.94230722888307
 21
1.538084303486463
 31
0.0
  0
LINE
  5
355
330
1F
100
AcDbEntity
  8
0
100
AcDbLine
 10
-57.94230722888307
 20
1.538084303486463
 30
0.0
 11
-57.89129962996309
 21
1.245747988349449
 31
0.0
  0
LINE
  5
356
330
1F
100
AcDbEntity
  8
0
100
AcDbLine
 10
-57.89129962996309
 20
1.245747988349449
 30
0.0
 11
-57.82491512532867
 21
0.9571242422743792
 31
0.0
  0
LINE
  5
357
330
1F
100
AcDbEntity
  8
0
100
AcDbLine
 10
-57.82491512532867
 20
0.9571242422743792
 30
0.0
 11
-57.74353804163675
 21
0.6726580953069017
 31
0.0
  0
LINE
  5
358
330
1F
100
AcDbEntity
  8
0
100
AcDbLine
 10
-57.74353804163675
 20
0.6726580953069017
 30
0.0
 11
-57.64816226048346
 21
0.3924915046487789
 31
0.0
  0
LINE
  5
359
330
1F
100
AcDbEntity
  8
0
100
AcDbLine
 10
-57.64816226048346
 20
0.3924915046487789
 30
0.0
 11
-57.53979802691037
 21
0.1167582915115817
 31
0.0
  0
LINE
  5
35A
330
1F
100
AcDbEntity
  8
0
100
AcDbLine
 10
-57.53979802691037
 20
0.1167582915115817
 30
0.0
 11
-57.41945558593815
 21
-0.1544077228931182
 31
0.0
  0
LINE
  5
35B
330
1F
100
AcDbEntity
  8
0
100
AcDbLine
 10
-57.41945558593815
 20
-0.1544077228931182
 30
0.0
 11
-57.28814518258748
 21
-0.4208727173467924
 31
0.0
  0
LINE
  5
35C
330
1F
100
AcDbEntity
  8
0
100
AcDbLine
 10
-57.28814518258748
 20
-0.4208727173467924
 30
0.0
 11
-57.14687706189296
 21
-0.6825028706169981
 31
0.0
  0
LINE
  5
35D
330
1F
100
AcDbEntity
  8
0
100
AcDbLine
 10
-57.14687706189296
 20
-0.6825028706169981
 30
0.0
 11
-56.99666146888222
 21
-0.9391643615130354
 31
0.0
  0
LINE
  5
35E
330
1F
100
AcDbEntity
  8
0
100
AcDbLine
 10
-56.99666146888222
 20
-0.9391643615130354
 30
0.0
 11
-56.83850864857594
 21
-1.19072336878159
 31
0.0
  0
LINE
  5
35F
330
1F
100
AcDbEntity
  8
0
100
AcDbLine
 10
-56.83850864857594
 20
-1.19072336878159
 30
0.0
 11
-56.67332423485188
 21
-1.437022951981099
 31
0.0
  0
LINE
  5
360
330
1F
100
AcDbEntity
  8
0
100
AcDbLine
 10
-56.67332423485188
 20
-1.437022951981099
 30
0.0
 11
-56.50128983475942
 21
-1.677746159370456
 31
0.0
  0
LINE
  5
361
330
1F
100
AcDbEntity
  8
0
100
AcDbLine
 10
-56.50128983475942
 20
-1.677746159370456
 30
0.0
 11
-56.32228081399618
 21
-1.912508359335102
 31
0.0
  0
LINE
  5
362
330
1F
100
AcDbEntity
  8
0
100
AcDbLine
 10
-56.32228081399618
 20
-1.912508359335102
 30
0.0
 11
-56.13617144467284
 21
-2.140924678542918
 31
0.0
  0
LINE
  5
363
330
1F
100
AcDbEntity
  8
0
100
AcDbLine
 10
-56.13617144467284
 20
-2.140924678542918
 30
0.0
 11
-55.94283599891406
 21
-2.362610243731355
 31
0.0
  0
LINE
  5
364
330
1F
100
AcDbEntity
  8
0
100
AcDbLine
 10
-55.94283599891406
 20
-2.362610243731355
 30
0.0
 11
-55.74214874884444
 21
-2.57718018157525
 31
0.0
  0
LINE
  5
365
330
1F
100
AcDbEntity
  8
0
100
AcDbLine
 10
-55.74214874884444
 20
-2.57718018157525
 30
0.0
 11
-55.53398396658167
 21
-2.784249618763355
 31
0.0
  0
LINE
  5
366
330
1F
100
AcDbEntity
  8
0
100
AcDbLine
 10
-55.53398396658167
 20
-2.784249618763355
 30
0.0
 11
-55.31821592686623
 21
-2.983433684809005
 31
0.0
  0
LINE
  5
367
330
1F
100
AcDbEntity
  8
0
100
AcDbLine
 10
-55.31821592686623
 20
-2.983433684809005
 30
0.0
 11
-55.09524757754713
 21
-3.17491775772666
 31
0.0
  0
LINE
  5
368
330
1F
100
AcDbEntity
  8
0
100
AcDbLine
 10
-55.09524757754713
 20
-3.17491775772666
 30
0.0
 11
-54.86748952161415
 21
-3.361052754656242
 31
0.0
  0
LINE
  5
369
330
1F
100
AcDbEntity
  8
0
100
AcDbLine
 10
-54.86748952161415
 20
-3.361052754656242
 30
0.0
 11
-54.63782885791446
 21
-3.544703560709578
 31
0.0
  0
LINE
  5
36A
330
1F
100
AcDbEntity
  8
0
100
AcDbLine
 10
-54.63782885791446
 20
-3.544703560709578
 30
0.0
 11
-54.40915268528822
 21
-3.728735060977624
 31
0.0
  0
LINE
  5
36B
330
1F
100
AcDbEntity
  8
0
100
AcDbLine
 10
-54.40915268528822
 20
-3.728735060977624
 30
0.0
 11
-54.18434810254777
 21
-3.91601214053742
 31
0.0
  0
LINE
  5
36C
330
1F
100
AcDbEntity
  8
0
100
AcDbLine
 10
-54.18434810254777
 20
-3.91601214053742
 30
0.0
 11
-53.96630220852632
 21
-4.109399684486876
 31
0.0
  0
LINE
  5
36D
330
1F
100
AcDbEntity
  8
0
100
AcDbLine
 10
-53.96630220852632
 20
-4.109399684486876
 30
0.0
 11
-53.75781777294051
 21
-4.311700048671537
 31
0.0
  0
LINE
  5
36E
330
1F
100
AcDbEntity
  8
0
100
AcDbLine
 10
-53.75781777294051
 20
-4.311700048671537
 30
0.0
 11
-53.55971165398214
 21
-4.524243054287827
 31
0.0
  0
LINE
  5
36F
330
1F
100
AcDbEntity
  8
0
100
AcDbLine
 10
-53.55971165398214
 20
-4.524243054287827
 30
0.0
 11
-53.37078870648556
 21
-4.746866640967835
 31
0.0
  0
LINE
  5
370
330
1F
100
AcDbEntity
  8
0
100
AcDbLine
 10
-53.37078870648556
 20
-4.746866640967835
 30
0.0
 11
-53.18976423754861
 21
-4.979342349613617
 31
0.0
  0
LINE
  5
371
330
1F
100
AcDbEntity
  8
0
100
AcDbLine
 10
-53.18976423754861
 20
-4.979342349613617
 30
0.0
 11
-53.01535355425527
 21
-5.221441721071574
 31
0.0
  0
LINE
  5
372
330
1F
100
AcDbEntity
  8
0
100
AcDbLine
 10
-53.01535355425527
 20
-5.221441721071574
 30
0.0
 11
-52.84644760868313
 21
-5.472936822875535
 31
0.0
  0
LINE
  5
373
330
1F
100
AcDbEntity
  8
0
100
AcDbLine
 10
-52.84644760868313
 20
-5.472936822875535
 30
0.0
 11
-52.68759626732193
 21
-5.733616690604741
 31
0.0
  0
LINE
  5
374
330
1F
100
AcDbEntity
  8
0
100
AcDbLine
 10
-52.68759626732193
 20
-5.733616690604741
 30
0.0
 11
-52.55008766332155
 21
-6.003290564286087
 31
0.0
  0
LINE
  5
375
330
1F
100
AcDbEntity
  8
0
100
AcDbLine
 10
-52.55008766332155
 20
-6.003290564286087
 30
0.0
 11
-52.44560350960876
 21
-6.281768864100589
 31
0.0
  0
LINE
  5
376
330
1F
100
AcDbEntity
  8
0
100
AcDbLine
 10
12.91182889127334
 20
-6.874214098876254
 30
0.0
 11
14.61388027906485
 21
-6.13224262490331
 31
0.0
  0
LINE
  5
377
330
1F
100
AcDbEntity
  8
0
100
AcDbLine
 10
14.61388027906485
 20
-6.13224262490331
 30
0.0
 11
16.1904518905903
 21
-5.13074459090019
 31
0.0
  0
LINE
  5
378
330
1F
100
AcDbEntity
  8
0
100
AcDbLine
 10
16.1904518905903
 20
-5.13074459090019
 30
0.0
 11
17.57585737733539
 21
-3.887687627293102
 31
0.0
  0
LINE
  5
379
330
1F
100
AcDbEntity
  8
0
100
AcDbLine
 10
17.57585737733539
 20
-3.887687627293102
 30
0.0
 11
18.72508548408207
 21
-2.405258143526367
 31
0.0
  0
LINE
  5
37A
330
1F
100
AcDbEntity
  8
0
100
AcDbLine
 10
18.72508548408207
 20
-2.405258143526367
 30
0.0
 11
19.67493434014166
 21
-0.7693800131492697
 31
0.0
  0
LINE
  5
37B
330
1F
100
AcDbEntity
  8
0
100
AcDbLine
 10
19.67493434014166
 20
-0.7693800131492697
 30
0.0
 11
20.45216998451403
 21
0.9482578054921273
 31
0.0
  0
LINE
  5
37C
330
1F
100
AcDbEntity
  8
0
100
AcDbLine
 10
20.45216998451403
 20
0.9482578054921273
 30
0.0
 11
21.03838581094376
 21
2.733585291545076
 31
0.0
  0
LINE
  5
37D
330
1F
100
AcDbEntity
  8
0
100
AcDbLine
 10
21.03838581094376
 20
2.733585291545076
 30
0.0
 11
21.42325625227626
 21
4.575942401959418
 31
0.0
  0
LINE
  5
37E
330
1F
100
AcDbEntity
  8
0
100
AcDbLine
 10
1.021363459995286
 20
-6.799638388125882
 30
0.0
 11
1.147765064262569
 21
-6.739796129760443
 31
0.0
  0
LINE
  5
37F
330
1F
100
AcDbEntity
  8
0
100
AcDbLine
 10
1.147765064262569
 20
-6.739796129760443
 30
0.0
 11
1.261715765479201
 21
-6.660236507488696
 31
0.0
  0
LINE
  5
380
330
1F
100
AcDbEntity
  8
0
100
AcDbLine
 10
1.261715765479201
 20
-6.660236507488696
 30
0.0
 11
1.364505834139665
 21
-6.56375875025874
 31
0.0
  0
LINE
  5
381
330
1F
100
AcDbEntity
  8
0
100
AcDbLine
 10
1.364505834139665
 20
-6.56375875025874
 30
0.0
 11
1.457425540731488
 21
-6.453162086983902
 31
0.0
  0
LINE
  5
382
330
1F
100
AcDbEntity
  8
0
100
AcDbLine
 10
1.457425540731488
 20
-6.453162086983902
 30
0.0
 11
1.54176515573524
 21
-6.331245746619238
 31
0.0
  0
LINE
  5
383
330
1F
100
AcDbEntity
  8
0
100
AcDbLine
 10
1.54176515573524
 20
-6.331245746619238
 30
0.0
 11
1.618814949673233
 21
-6.2008089580572
 31
0.0
  0
LINE
  5
384
330
1F
100
AcDbEntity
  8
0
100
AcDbLine
 10
1.618814949673233
 20
-6.2008089580572
 30
0.0
 11
1.689865193012122
 21
-6.064650950225023
 31
0.0
  0
LINE
  5
385
330
1F
100
AcDbEntity
  8
0
100
AcDbLine
 10
1.689865193012122
 20
-6.064650950225023
 30
0.0
 11
1.756206156274219
 21
-5.925570952029066
 31
0.0
  0
LINE
  5
386
330
1F
100
AcDbEntity
  8
0
100
AcDbLine
 10
1.756206156274219
 20
-5.925570952029066
 30
0.0
 11
1.819069444091836
 21
-5.78622392510987
 31
0.0
  0
LINE
  5
387
330
1F
100
AcDbEntity
  8
0
100
AcDbLine
 10
1.819069444091836
 20
-5.78622392510987
 30
0.0
 11
1.879011406505508
 21
-5.647604287964035
 31
0.0
  0
LINE
  5
388
330
1F
100
AcDbEntity
  8
0
100
AcDbLine
 10
1.879011406505508
 20
-5.647604287964035
 30
0.0
 11
1.936155922679828
 21
-5.50964295423553
 31
0.0
  0
LINE
  5
389
330
1F
100
AcDbEntity
  8
0
100
AcDbLine
 10
1.936155922679828
 20
-5.50964295423553
 30
0.0
 11
1.990619805374099
 21
-5.372253460215707
 31
0.0
  0
LINE
  5
38A
330
1F
100
AcDbEntity
  8
0
100
AcDbLine
 10
1.990619805374099
 20
-5.372253460215707
 30
0.0
 11
2.04251986728501
 21
-5.235349342237662
 31
0.0
  0
LINE
  5
38B
330
1F
100
AcDbEntity
  8
0
100
AcDbLine
 10
2.04251986728501
 20
-5.235349342237662
 30
0.0
 11
2.091972921157951
 21
-5.09884413661362
 31
0.0
  0
LINE
  5
38C
330
1F
100
AcDbEntity
  8
0
100
AcDbLine
 10
2.091972921157951
 20
-5.09884413661362
 30
0.0
 11
2.139095779717437
 21
-4.962651379648849
 31
0.0
  0
LINE
  5
38D
330
1F
100
AcDbEntity
  8
0
100
AcDbLine
 10
3.985501835936565
 20
-5.667704269918628
 30
0.0
 11
3.325401010728461
 21
-5.703587608358515
 31
0.0
  0
LINE
  5
38E
330
1F
100
AcDbEntity
  8
0
100
AcDbLine
 10
3.325401010728461
 20
-5.703587608358515
 30
0.0
 11
2.67798085816439
 21
-5.791365301040009
 31
0.0
  0
LINE
  5
38F
330
1F
100
AcDbEntity
  8
0
100
AcDbLine
 10
2.67798085816439
 20
-5.791365301040009
 30
0.0
 11
2.098870980998587
 21
-6.051225146389854
 31
0.0
  0
LINE
  5
390
330
1F
100
AcDbEntity
  8
0
100
AcDbLine
 10
2.098870980998587
 20
-6.051225146389854
 30
0.0
 11
1.57525811354054
 21
-6.451698396557984
 31
0.0
  0
LINE
  5
391
330
1F
100
AcDbEntity
  8
0
100
AcDbLine
 10
1.57525811354054
 20
-6.451698396557984
 30
0.0
 11
1.021363459995286
 21
-6.799638388125882
 31
0.0
  0
LINE
  5
392
330
1F
100
AcDbEntity
  8
0
100
AcDbLine
 10
2.771071003214517
 20
-2.077084744536014
 30
0.0
 11
2.790764444888179
 21
-1.928967805236614
 31
0.0
  0
LINE
  5
393
330
1F
100
AcDbEntity
  8
0
100
AcDbLine
 10
2.790764444888179
 20
-1.928967805236614
 30
0.0
 11
2.809598282959729
 21
-1.780561025654874
 31
0.0
  0
LINE
  5
394
330
1F
100
AcDbEntity
  8
0
100
AcDbLine
 10
2.809598282959729
 20
-1.780561025654874
 30
0.0
 11
2.827597326163614
 21
-1.631896107531713
 31
0.0
  0
LINE
  5
395
330
1F
100
AcDbEntity
  8
0
100
AcDbLine
 10
2.827597326163614
 20
-1.631896107531713
 30
0.0
 11
2.844786383262107
 21
-1.48300475255935
 31
0.0
  0
LINE
  5
396
330
1F
100
AcDbEntity
  8
0
100
AcDbLine
 10
2.844786383262107
 20
-1.48300475255935
 30
0.0
 11
2.861190262996614
 21
-1.33391866249262
 31
0.0
  0
LINE
  5
397
330
1F
100
AcDbEntity
  8
0
100
AcDbLine
 10
2.861190262996614
 20
-1.33391866249262
 30
0.0
 11
2.876833774066795
 21
-1.184669539086355
 31
0.0
  0
LINE
  5
398
330
1F
100
AcDbEntity
  8
0
100
AcDbLine
 10
2.876833774066795
 20
-1.184669539086355
 30
0.0
 11
2.891741725248838
 21
-1.035289084060604
 31
0.0
  0
LINE
  5
399
330
1F
100
AcDbEntity
  8
0
100
AcDbLine
 10
2.891741725248838
 20
-1.035289084060604
 30
0.0
 11
2.905938925263277
 21
-0.8858089991354152
 31
0.0
  0
LINE
  5
39A
330
1F
100
AcDbEntity
  8
0
100
AcDbLine
 10
2.905938925263277
 20
-0.8858089991354152
 30
0.0
 11
2.919450182865428
 21
-0.7362609860517074
 31
0.0
  0
LINE
  5
39B
330
1F
100
AcDbEntity
  8
0
100
AcDbLine
 10
2.919450182865428
 20
-0.7362609860517074
 30
0.0
 11
2.932300306782783
 21
-0.5866767465504003
 31
0.0
  0
LINE
  5
39C
330
1F
100
AcDbEntity
  8
0
100
AcDbLine
 10
2.932300306782783
 20
-0.5866767465504003
 30
0.0
 11
2.944514105749787
 21
-0.437087982372413
 31
0.0
  0
LINE
  5
39D
330
1F
100
AcDbEntity
  8
0
100
AcDbLine
 10
2.345843203204663
 20
-8.468055930571763
 30
0.0
 11
2.251521338848308
 21
-8.353601427699356
 31
0.0
  0
LINE
  5
39E
330
1F
100
AcDbEntity
  8
0
100
AcDbLine
 10
2.251521338848308
 20
-8.353601427699356
 30
0.0
 11
2.156609872069804
 21
-8.23972287355328
 31
0.0
  0
LINE
  5
39F
330
1F
100
AcDbEntity
  8
0
100
AcDbLine
 10
2.156609872069804
 20
-8.23972287355328
 30
0.0
 11
2.061124048203866
 21
-8.126392748717247
 31
0.0
  0
LINE
  5
3A0
330
1F
100
AcDbEntity
  8
0
100
AcDbLine
 10
2.061124048203866
 20
-8.126392748717247
 30
0.0
 11
1.965079112599124
 21
-8.013583533830637
 31
0.0
  0
LINE
  5
3A1
330
1F
100
AcDbEntity
  8
0
100
AcDbLine
 10
1.965079112599124
 20
-8.013583533830637
 30
0.0
 11
1.868490310604205
 21
-7.901267709463245
 31
0.0
  0
LINE
  5
3A2
330
1F
100
AcDbEntity
  8
0
100
AcDbLine
 10
1.868490310604205
 20
-7.901267709463245
 30
0.0
 11
1.771372887532954
 21
-7.789417756275322
 31
0.0
  0
LINE
  5
3A3
330
1F
100
AcDbEntity
  8
0
100
AcDbLine
 10
1.771372887532954
 20
-7.789417756275322
 30
0.0
 11
1.673742088747914
 21
-7.67800615484362
 31
0.0
  0
LINE
  5
3A4
330
1F
100
AcDbEntity
  8
0
100
AcDbLine
 10
1.673742088747914
 20
-7.67800615484362
 30
0.0
 11
1.575613159583801
 21
-7.567005385793599
 31
0.0
  0
LINE
  5
3A5
330
1F
100
AcDbEntity
  8
0
100
AcDbLine
 10
1.575613159583801
 20
-7.567005385793599
 30
0.0
 11
1.477001345396201
 21
-7.456387929715933
 31
0.0
  0
LINE
  5
3A6
330
1F
100
AcDbEntity
  8
0
100
AcDbLine
 10
1.477001345396201
 20
-7.456387929715933
 30
0.0
 11
1.377921891519828
 21
-7.346126267243038
 31
0.0
  0
LINE
  5
3A7
330
1F
100
AcDbEntity
  8
0
100
AcDbLine
 10
1.377921891519828
 20
-7.346126267243038
 30
0.0
 11
1.278390043289397
 21
-7.236192878979498
 31
0.0
  0
LINE
  5
3A8
330
1F
100
AcDbEntity
  8
0
100
AcDbLine
 10
1.278390043289397
 20
-7.236192878979498
 30
0.0
 11
1.178421046046581
 21
-7.126560245522946
 31
0.0
  0
LINE
  5
3A9
330
1F
100
AcDbEntity
  8
0
100
AcDbLine
 10
1.178421046046581
 20
-7.126560245522946
 30
0.0
 11
1.078030145133052
 21
-7.017200847505796
 31
0.0
  0
LINE
  5
3AA
330
1F
100
AcDbEntity
  8
0
100
AcDbLine
 10
1.078030145133052
 20
-7.017200847505796
 30
0.0
 11
0.9772325858974391
 21
-6.908087165518723
 31
0.0
  0
LINE
  5
3AB
330
1F
100
AcDbEntity
  8
0
100
AcDbLine
 10
0.9772325858974391
 20
-6.908087165518723
 30
0.0
 11
0.8760436136814139
 21
-6.79919168019414
 31
0.0
  0
LINE
  5
3AC
330
1F
100
AcDbEntity
  8
0
100
AcDbLine
 10
0.8760436136814139
 20
-6.79919168019414
 30
0.0
 11
0.774476546987608
 21
-6.690491046857154
 31
0.0
  0
LINE
  5
3AD
330
1F
100
AcDbEntity
  8
0
100
AcDbLine
 10
0.774476546987608
 20
-6.690491046857154
 30
0.0
 11
0.6725285183280558
 21
-6.581996990047833
 31
0.0
  0
LINE
  5
3AE
330
1F
100
AcDbEntity
  8
0
100
AcDbLine
 10
0.6725285183280558
 20
-6.581996990047833
 30
0.0
 11
0.5701885675603915
 21
-6.473738768117124
 31
0.0
  0
LINE
  5
3AF
330
1F
100
AcDbEntity
  8
0
100
AcDbLine
 10
0.5701885675603915
 20
-6.473738768117124
 30
0.0
 11
0.4674456745163707
 21
-6.365745769472047
 31
0.0
  0
LINE
  5
3B0
330
1F
100
AcDbEntity
  8
0
100
AcDbLine
 10
0.4674456745163707
 20
-6.365745769472047
 30
0.0
 11
0.3642888190347064
 21
-6.258047382463964
 31
0.0
  0
LINE
  5
3B1
330
1F
100
AcDbEntity
  8
0
100
AcDbLine
 10
0.3642888190347064
 20
-6.258047382463964
 30
0.0
 11
0.2607069809888971
 21
-6.150672995451197
 31
0.0
  0
LINE
  5
3B2
330
1F
100
AcDbEntity
  8
0
100
AcDbLine
 10
0.2607069809888971
 20
-6.150672995451197
 30
0.0
 11
0.1566891402315698
 21
-6.043651996799023
 31
0.0
  0
LINE
  5
3B3
330
1F
100
AcDbEntity
  8
0
100
AcDbLine
 10
0.1566891402315698
 20
-6.043651996799023
 30
0.0
 11
0.0522242765875233
 21
-5.937013774858804
 31
0.0
  0
LINE
  5
3B4
330
1F
100
AcDbEntity
  8
0
100
AcDbLine
 10
0.0522242765875233
 20
-5.937013774858804
 30
0.0
 11
-0.0526986300836582
 21
-5.830787718030604
 31
0.0
  0
LINE
  5
3B5
330
1F
100
AcDbEntity
  8
0
100
AcDbLine
 10
-0.0526986300836582
 20
-5.830787718030604
 30
0.0
 11
-0.1580905999154335
 21
-5.725003214644913
 31
0.0
  0
LINE
  5
3B6
330
1F
100
AcDbEntity
  8
0
100
AcDbLine
 10
-0.1580905999154335
 20
-5.725003214644913
 30
0.0
 11
-0.2639626530760467
 21
-5.619689653101796
 31
0.0
  0
LINE
  5
3B7
330
1F
100
AcDbEntity
  8
0
100
AcDbLine
 10
-0.2639626530760467
 20
-5.619689653101796
 30
0.0
 11
-0.3703258097267847
 21
-5.514876421745656
 31
0.0
  0
LINE
  5
3B8
330
1F
100
AcDbEntity
  8
0
100
AcDbLine
 10
-0.3703258097267847
 20
-5.514876421745656
 30
0.0
 11
-0.4771910899941495
 21
-5.41059290894873
 31
0.0
  0
LINE
  5
3B9
330
1F
100
AcDbEntity
  8
0
100
AcDbLine
 10
-0.4771910899941495
 20
-5.41059290894873
 30
0.0
 11
-0.5845695140533421
 21
-5.306868503069337
 31
0.0
  0
LINE
  5
3BA
330
1F
100
AcDbEntity
  8
0
100
AcDbLine
 10
-0.5845695140533421
 20
-5.306868503069337
 30
0.0
 11
-0.6924721020239071
 21
-5.203732592465797
 31
0.0
  0
LINE
  5
3BB
330
1F
100
AcDbEntity
  8
0
100
AcDbLine
 10
-0.6924721020239071
 20
-5.203732592465797
 30
0.0
 11
-0.8009098740880026
 21
-5.101214565538173
 31
0.0
  0
LINE
  5
3BC
330
1F
100
AcDbEntity
  8
0
100
AcDbLine
 10
-0.8009098740880026
 20
-5.101214565538173
 30
0.0
 11
-0.9098938503860449
 21
-4.999343810623913
 31
0.0
  0
LINE
  5
3BD
330
1F
100
AcDbEntity
  8
0
100
AcDbLine
 10
-0.9098938503860449
 20
-4.999343810623913
 30
0.0
 11
-1.019435051051492
 21
-4.898149716109168
 31
0.0
  0
LINE
  5
3BE
330
1F
100
AcDbEntity
  8
0
100
AcDbLine
 10
-1.019435051051492
 20
-4.898149716109168
 30
0.0
 11
-1.129544496266503
 21
-4.797661670331383
 31
0.0
  0
LINE
  5
3BF
330
1F
100
AcDbEntity
  8
0
100
AcDbLine
 10
-1.129544496266503
 20
-4.797661670331383
 30
0.0
 11
-1.24023320615758
 21
-4.697909061683667
 31
0.0
  0
LINE
  5
3C0
330
1F
100
AcDbEntity
  8
0
100
AcDbLine
 10
-1.24023320615758
 20
-4.697909061683667
 30
0.0
 11
-1.351512200872094
 21
-4.598921278503467
 31
0.0
  0
LINE
  5
3C1
330
1F
100
AcDbEntity
  8
0
100
AcDbLine
 10
-1.351512200872094
 20
-4.598921278503467
 30
0.0
 11
-1.463392500592205
 21
-4.50072770918389
 31
0.0
  0
LINE
  5
3C2
330
1F
100
AcDbEntity
  8
0
100
AcDbLine
 10
-1.463392500592205
 20
-4.50072770918389
 30
0.0
 11
-1.575885125437457
 21
-4.403357742076298
 31
0.0
  0
LINE
  5
3C3
330
1F
100
AcDbEntity
  8
0
100
AcDbLine
 10
-1.575885125437457
 20
-4.403357742076298
 30
0.0
 11
-1.689001095576094
 21
-4.306840765559881
 31
0.0
  0
LINE
  5
3C4
330
1F
100
AcDbEntity
  8
0
100
AcDbLine
 10
-1.689001095576094
 20
-4.306840765559881
 30
0.0
 11
-1.802751431148531
 21
-4.211206167986005
 31
0.0
  0
LINE
  5
3C5
330
1F
100
AcDbEntity
  8
0
100
AcDbLine
 10
-1.802751431148531
 20
-4.211206167986005
 30
0.0
 11
-1.917147152316057
 21
-4.11648333773386
 31
0.0
  0
LINE
  5
3C6
330
1F
100
AcDbEntity
  8
0
100
AcDbLine
 10
-1.917147152316057
 20
-4.11648333773386
 30
0.0
 11
-2.032199279219087
 21
-4.022701663147852
 31
0.0
  0
LINE
  5
3C7
330
1F
100
AcDbEntity
  8
0
100
AcDbLine
 10
-2.032199279219087
 20
-4.022701663147852
 30
0.0
 11
-2.14791883201195
 21
-3.929890532614129
 31
0.0
  0
LINE
  5
3C8
330
1F
100
AcDbEntity
  8
0
100
AcDbLine
 10
3.46903270735136
 20
-13.1340366772463
 30
0.0
 11
3.383418026036579
 21
-11.38052435768156
 31
0.0
  0
LINE
  5
3C9
330
1F
100
AcDbEntity
  8
0
100
AcDbLine
 10
3.383418026036579
 20
-11.38052435768156
 30
0.0
 11
2.525423920506389
 21
-9.8711314970643
 31
0.0
  0
LINE
  5
3CA
330
1F
100
AcDbEntity
  8
0
100
AcDbLine
 10
2.525423920506389
 20
-9.8711314970643
 30
0.0
 11
1.445215509591925
 21
-8.506999095642026
 31
0.0
  0
LINE
  5
3CB
330
1F
100
AcDbEntity
  8
0
100
AcDbLine
 10
1.445215509591925
 20
-8.506999095642026
 30
0.0
 11
0.3105119745380701
 21
-7.193935331979043
 31
0.0
  0
LINE
  5
3CC
330
1F
100
AcDbEntity
  8
0
100
AcDbLine
 10
0.3105119745380701
 20
-7.193935331979043
 30
0.0
 11
-0.9029854172763603
 21
-5.940264855861804
 31
0.0
  0
LINE
  5
3CD
330
1F
100
AcDbEntity
  8
0
100
AcDbLine
 10
-0.9029854172763603
 20
-5.940264855861804
 30
0.0
 11
-2.19406188620558
 21
-4.767605519614326
 31
0.0
  0
LINE
  5
3CE
330
1F
100
AcDbEntity
  8
0
100
AcDbLine
 10
-2.19406188620558
 20
-4.767605519614326
 30
0.0
 11
-3.561502652603803
 21
-3.697575175588459
 31
0.0
  0
LINE
  5
3CF
330
1F
100
AcDbEntity
  8
0
100
AcDbLine
 10
0.1817790336168796
 20
-7.175156596863673
 30
0.0
 11
-0.8619447242095566
 21
-7.429153271418611
 31
0.0
  0
LINE
  5
3D0
330
1F
100
AcDbEntity
  8
0
100
AcDbLine
 10
-0.8619447242095566
 20
-7.429153271418611
 30
0.0
 11
-1.888536833665209
 21
-7.731496945933902
 31
0.0
  0
LINE
  5
3D1
330
1F
100
AcDbEntity
  8
0
100
AcDbLine
 10
-1.888536833665209
 20
-7.731496945933902
 30
0.0
 11
-2.885699472326743
 21
-8.11063515374851
 31
0.0
  0
LINE
  5
3D2
330
1F
100
AcDbEntity
  8
0
100
AcDbLine
 10
-2.885699472326743
 20
-8.11063515374851
 30
0.0
 11
-3.889763459291137
 21
-8.494687437288539
 31
0.0
  0
LINE
  5
3D3
330
1F
100
AcDbEntity
  8
0
100
AcDbLine
 10
-3.889763459291137
 20
-8.494687437288539
 30
0.0
 11
-4.941242978300723
 21
-8.786309746078501
 31
0.0
  0
LINE
  5
3D4
330
1F
100
AcDbEntity
  8
0
100
AcDbLine
 10
-4.941242978300723
 20
-8.786309746078501
 30
0.0
 11
-6.012562637791819
 21
-8.745607349434724
 31
0.0
  0
LINE
  5
3D5
330
1F
100
AcDbEntity
  8
0
100
AcDbLine
 10
-6.012562637791819
 20
-8.745607349434724
 30
0.0
 11
-6.88062158522198
 21
-8.113336237769783
 31
0.0
  0
LINE
  5
3D6
330
1F
100
AcDbEntity
  8
0
100
AcDbLine
 10
-6.88062158522198
 20
-8.113336237769783
 30
0.0
 11
-7.092156379371622
 21
-7.04940144513268
 31
0.0
  0
LINE
  5
3D7
330
1F
100
AcDbEntity
  8
0
100
AcDbLine
 10
-7.092156379371622
 20
-7.04940144513268
 30
0.0
 11
-6.790188412213188
 21
-6.049988669309236
 31
0.0
  0
LINE
  5
3D8
330
1F
100
AcDbEntity
  8
0
100
AcDbLine
 10
-6.790188412213188
 20
-6.049988669309236
 30
0.0
 11
-6.06490981970364
 21
-5.227035300425056
 31
0.0
  0
LINE
  5
3D9
330
1F
100
AcDbEntity
  8
0
100
AcDbLine
 10
-6.06490981970364
 20
-5.227035300425056
 30
0.0
 11
-5.378245303461809
 21
-4.373318875952812
 31
0.0
  0
LINE
  5
3DA
330
1F
100
AcDbEntity
  8
0
100
AcDbLine
 10
-5.378245303461809
 20
-4.373318875952812
 30
0.0
 11
-4.821376010742246
 21
-3.45379238145657
 31
0.0
  0
LINE
  5
3DB
330
1F
100
AcDbEntity
  8
0
100
AcDbLine
 10
-25.3468455078317
 20
-12.85374435204094
 30
0.0
 11
-25.24294810640411
 21
-12.73599539569078
 31
0.0
  0
LINE
  5
3DC
330
1F
100
AcDbEntity
  8
0
100
AcDbLine
 10
-25.24294810640411
 20
-12.73599539569078
 30
0.0
 11
-25.13885034237259
 21
-12.61807065457881
 31
0.0
  0
LINE
  5
3DD
330
1F
100
AcDbEntity
  8
0
100
AcDbLine
 10
-25.13885034237259
 20
-12.61807065457881
 30
0.0
 11
-25.03535272579614
 21
-12.49970150168496
 31
0.0
  0
LINE
  5
3DE
330
1F
100
AcDbEntity
  8
0
100
AcDbLine
 10
-25.03535272579614
 20
-12.49970150168496
 30
0.0
 11
-24.93325576676167
 21
-12.3806193100935
 31
0.0
  0
LINE
  5
3DF
330
1F
100
AcDbEntity
  8
0
100
AcDbLine
 10
-24.93325576676167
 20
-12.3806193100935
 30
0.0
 11
-24.8333599753421
 21
-12.26055545278434
 31
0.0
  0
LINE
  5
3E0
330
1F
100
AcDbEntity
  8
0
100
AcDbLine
 10
-24.8333599753421
 20
-12.26055545278434
 30
0.0
 11
-24.73646586160343
 21
-12.13924130280003
 31
0.0
  0
LINE
  5
3E1
330
1F
100
AcDbEntity
  8
0
100
AcDbLine
 10
-24.73646586160343
 20
-12.13924130280003
 30
0.0
 11
-24.64337393562557
 21
-12.01640823316916
 31
0.0
  0
LINE
  5
3E2
330
1F
100
AcDbEntity
  8
0
100
AcDbLine
 10
-24.64337393562557
 20
-12.01640823316916
 30
0.0
 11
-24.55488470750929
 21
-11.89178761696211
 31
0.0
  0
LINE
  5
3E3
330
1F
100
AcDbEntity
  8
0
100
AcDbLine
 10
-24.55488470750929
 20
-11.89178761696211
 30
0.0
 11
-24.47179868729972
 21
-11.76511082715183
 31
0.0
  0
LINE
  5
3E4
330
1F
100
AcDbEntity
  8
0
100
AcDbLine
 10
-24.47179868729972
 20
-11.76511082715183
 30
0.0
 11
-24.39476203344947
 21
-11.63615994578431
 31
0.0
  0
LINE
  5
3E5
330
1F
100
AcDbEntity
  8
0
100
AcDbLine
 10
-24.39476203344947
 20
-11.63615994578431
 30
0.0
 11
-24.3235695363832
 21
-11.50499675423039
 31
0.0
  0
LINE
  5
3E6
330
1F
100
AcDbEntity
  8
0
100
AcDbLine
 10
-24.3235695363832
 20
-11.50499675423039
 30
0.0
 11
-24.25772404233204
 21
-11.37177894595445
 31
0.0
  0
LINE
  5
3E7
330
1F
100
AcDbEntity
  8
0
100
AcDbLine
 10
-24.25772404233204
 20
-11.37177894595445
 30
0.0
 11
-24.19672813694186
 21
-11.23666430009065
 31
0.0
  0
LINE
  5
3E8
330
1F
100
AcDbEntity
  8
0
100
AcDbLine
 10
-24.19672813694186
 20
-11.23666430009065
 30
0.0
 11
-24.14008440582378
 21
-11.0998105957662
 31
0.0
  0
LINE
  5
3E9
330
1F
100
AcDbEntity
  8
0
100
AcDbLine
 10
-24.14008440582378
 20
-11.0998105957662
 30
0.0
 11
-24.08729543461673
 21
-10.96137561211524
 31
0.0
  0
LINE
  5
3EA
330
1F
100
AcDbEntity
  8
0
100
AcDbLine
 10
-24.08729543461673
 20
-10.96137561211524
 30
0.0
 11
-24.03786380891094
 21
-10.82151712826497
 31
0.0
  0
LINE
  5
3EB
330
1F
100
AcDbEntity
  8
0
100
AcDbLine
 10
-24.03786380891094
 20
-10.82151712826497
 30
0.0
 11
-23.99129211434534
 21
-10.68039292334955
 31
0.0
  0
LINE
  5
3EC
330
1F
100
AcDbEntity
  8
0
100
AcDbLine
 10
-23.99129211434534
 20
-10.68039292334955
 30
0.0
 11
-23.947082936538
 21
-10.5381607764753
 31
0.0
  0
LINE
  5
3ED
330
1F
100
AcDbEntity
  8
0
100
AcDbLine
 10
-23.947082936538
 20
-10.5381607764753
 30
0.0
 11
-23.90473886112088
 21
-10.39497846680421
 31
0.0
  0
LINE
  5
3EE
330
1F
100
AcDbEntity
  8
0
100
AcDbLine
 10
-23.90473886112088
 20
-10.39497846680421
 30
0.0
 11
-23.86397953940019
 21
-10.2509866532384
 31
0.0
  0
LINE
  5
3EF
330
1F
100
AcDbEntity
  8
0
100
AcDbLine
 10
-23.86397953940019
 20
-10.2509866532384
 30
0.0
 11
-23.82552145533491
 21
-10.10624737339966
 31
0.0
  0
LINE
  5
3F0
330
1F
100
AcDbEntity
  8
0
100
AcDbLine
 10
-23.82552145533491
 20
-10.10624737339966
 30
0.0
 11
-23.79036706503842
 21
-9.960800110005112
 31
0.0
  0
LINE
  5
3F1
330
1F
100
AcDbEntity
  8
0
100
AcDbLine
 10
-23.79036706503842
 20
-9.960800110005112
 30
0.0
 11
-23.75951884889044
 21
-9.81468434383783
 31
0.0
  0
LINE
  5
3F2
330
1F
100
AcDbEntity
  8
0
100
AcDbLine
 10
-23.75951884889044
 20
-9.81468434383783
 30
0.0
 11
-23.73397928730551
 21
-9.667939555687836
 31
0.0
  0
LINE
  5
3F3
330
1F
100
AcDbEntity
  8
0
100
AcDbLine
 10
-23.73397928730551
 20
-9.667939555687836
 30
0.0
 11
-23.71475086063552
 21
-9.520605226331234
 31
0.0
  0
LINE
  5
3F4
330
1F
100
AcDbEntity
  8
0
100
AcDbLine
 10
-23.71475086063552
 20
-9.520605226331234
 30
0.0
 11
-23.70283604931587
 21
-9.372720836565007
 31
0.0
  0
LINE
  5
3F5
330
1F
100
AcDbEntity
  8
0
100
AcDbLine
 10
-23.70283604931587
 20
-9.372720836565007
 30
0.0
 11
-23.69923733370544
 21
-9.224325867158301
 31
0.0
  0
LINE
  5
3F6
330
1F
100
AcDbEntity
  8
0
100
AcDbLine
 10
-13.27656194681559
 20
-6.495288630851411
 30
0.0
 11
-14.18734156406417
 21
-6.394825048179233
 31
0.0
  0
LINE
  5
3F7
330
1F
100
AcDbEntity
  8
0
100
AcDbLine
 10
-14.18734156406417
 20
-6.394825048179233
 30
0.0
 11
-15.01848227796994
 21
-6.050443811718684
 31
0.0
  0
LINE
  5
3F8
330
1F
100
AcDbEntity
  8
0
100
AcDbLine
 10
-15.01848227796994
 20
-6.050443811718684
 30
0.0
 11
-15.70224352393526
 21
-5.447288580681168
 31
0.0
  0
LINE
  5
3F9
330
1F
100
AcDbEntity
  8
0
100
AcDbLine
 10
-15.70224352393526
 20
-5.447288580681168
 30
0.0
 11
-16.26543713767875
 21
-4.682664462188295
 31
0.0
  0
LINE
  5
3FA
330
1F
100
AcDbEntity
  8
0
100
AcDbLine
 10
-16.26543713767875
 20
-4.682664462188295
 30
0.0
 11
-16.69580735623095
 21
-3.839947190404917
 31
0.0
  0
LINE
  5
3FB
330
1F
100
AcDbEntity
  8
0
100
AcDbLine
 10
-16.69580735623095
 20
-3.839947190404917
 30
0.0
 11
-16.85702180994098
 21
-2.941807147978031
 31
0.0
  0
LINE
  5
3FC
330
1F
100
AcDbEntity
  8
0
100
AcDbLine
 10
-25.04406579446274
 20
-9.297886841285377
 30
0.0
 11
-24.43836968376309
 21
-8.091021955772309
 31
0.0
  0
LINE
  5
3FD
330
1F
100
AcDbEntity
  8
0
100
AcDbLine
 10
-24.43836968376309
 20
-8.091021955772309
 30
0.0
 11
-23.94507205947268
 21
-6.821813093440229
 31
0.0
  0
LINE
  5
3FE
330
1F
100
AcDbEntity
  8
0
100
AcDbLine
 10
-23.94507205947268
 20
-6.821813093440229
 30
0.0
 11
-23.4443540794957
 21
-5.549516644206612
 31
0.0
  0
LINE
  5
3FF
330
1F
100
AcDbEntity
  8
0
100
AcDbLine
 10
-23.4443540794957
 20
-5.549516644206612
 30
0.0
 11
-22.96903345924149
 21
-4.27428625329545
 31
0.0
  0
LINE
  5
400
330
1F
100
AcDbEntity
  8
0
100
AcDbLine
 10
-22.96903345924149
 20
-4.27428625329545
 30
0.0
 11
-22.63951359363099
 21
-2.962361317966784
 31
0.0
  0
LINE
  5
401
330
1F
100
AcDbEntity
  8
0
100
AcDbLine
 10
-22.48285437651444
 20
-9.301223468501336
 30
0.0
 11
-22.42397233917643
 21
-9.16400511811866
 31
0.0
  0
LINE
  5
402
330
1F
100
AcDbEntity
  8
0
100
AcDbLine
 10
-22.42397233917643
 20
-9.16400511811866
 30
0.0
 11
-22.36707591223195
 21
-9.026045916950707
 31
0.0
  0
LINE
  5
403
330
1F
100
AcDbEntity
  8
0
100
AcDbLine
 10
-22.36707591223195
 20
-9.026045916950707
 30
0.0
 11
-22.31203572574868
 21
-8.88738897185007
 31
0.0
  0
LINE
  5
404
330
1F
100
AcDbEntity
  8
0
100
AcDbLine
 10
-22.31203572574868
 20
-8.88738897185007
 30
0.0
 11
-22.25872240978733
 21
-8.748077389697164
 31
0.0
  0
LINE
  5
405
330
1F
100
AcDbEntity
  8
0
100
AcDbLine
 10
-22.25872240978733
 20
-8.748077389697164
 30
0.0
 11
-22.20700659440864
 21
-8.608154277358494
 31
0.0
  0
LINE
  5
406
330
1F
100
AcDbEntity
  8
0
100
AcDbLine
 10
-22.20700659440864
 20
-8.608154277358494
 30
0.0
 11
-22.15675890968029
 21
-8.467662741686645
 31
0.0
  0
LINE
  5
407
330
1F
100
AcDbEntity
  8
0
100
AcDbLine
 10
-22.15675890968029
 20
-8.467662741686645
 30
0.0
 11
-22.10784998566298
 21
-8.32664588952725
 31
0.0
  0
LINE
  5
408
330
1F
100
AcDbEntity
  8
0
100
AcDbLine
 10
-22.10784998566298
 20
-8.32664588952725
 30
0.0
 11
-22.06015045242442
 21
-8.185146827788556
 31
0.0
  0
LINE
  5
409
330
1F
100
AcDbEntity
  8
0
100
AcDbLine
 10
-22.06015045242442
 20
-8.185146827788556
 30
0.0
 11
-22.01353094003922
 21
-8.04320866331619
 31
0.0
  0
LINE
  5
40A
330
1F
100
AcDbEntity
  8
0
100
AcDbLine
 10
-22.01353094003922
 20
-8.04320866331619
 30
0.0
 11
-21.96786207856812
 21
-7.900874502976658
 31
0.0
  0
LINE
  5
40B
330
1F
100
AcDbEntity
  8
0
100
AcDbLine
 10
-21.96786207856812
 20
-7.900874502976658
 30
0.0
 11
-21.92301449803705
 21
-7.758187453608635
 31
0.0
  0
LINE
  5
40C
330
1F
100
AcDbEntity
  8
0
100
AcDbLine
 10
-21.92301449803705
 20
-7.758187453608635
 30
0.0
 11
-21.87885882855544
 21
-7.61519062210645
 31
0.0
  0
LINE
  5
40D
330
1F
100
AcDbEntity
  8
0
100
AcDbLine
 10
-21.87885882855544
 20
-7.61519062210645
 30
0.0
 11
-21.83526570017009
 21
-7.471927115322694
 31
0.0
  0
LINE
  5
40E
330
1F
100
AcDbEntity
  8
0
100
AcDbLine
 10
-21.83526570017009
 20
-7.471927115322694
 30
0.0
 11
-21.79210574294172
 21
-7.328440040130823
 31
0.0
  0
LINE
  5
40F
330
1F
100
AcDbEntity
  8
0
100
AcDbLine
 10
-21.79210574294172
 20
-7.328440040130823
 30
0.0
 11
-21.74924958694498
 21
-7.184772503390384
 31
0.0
  0
LINE
  5
410
330
1F
100
AcDbEntity
  8
0
100
AcDbLine
 10
-21.74924958694498
 20
-7.184772503390384
 30
0.0
 11
-21.70656786222667
 21
-7.040967611953969
 31
0.0
  0
LINE
  5
411
330
1F
100
AcDbEntity
  8
0
100
AcDbLine
 10
-21.70656786222667
 20
-7.040967611953969
 30
0.0
 11
-21.66393119886838
 21
-6.89706847270199
 31
0.0
  0
LINE
  5
412
330
1F
100
AcDbEntity
  8
0
100
AcDbLine
 10
-21.66393119886838
 20
-6.89706847270199
 30
0.0
 11
-21.62121022692389
 21
-6.753118192500953
 31
0.0
  0
LINE
  5
413
330
1F
100
AcDbEntity
  8
0
100
AcDbLine
 10
-21.62121022692389
 20
-6.753118192500953
 30
0.0
 11
-21.57827557644695
 21
-6.609159878203443
 31
0.0
  0
LINE
  5
414
330
1F
100
AcDbEntity
  8
0
100
AcDbLine
 10
-21.57827557644695
 20
-6.609159878203443
 30
0.0
 11
-21.53499787753307
 21
-6.465236636682925
 31
0.0
  0
LINE
  5
415
330
1F
100
AcDbEntity
  8
0
100
AcDbLine
 10
-21.53499787753307
 20
-6.465236636682925
 30
0.0
 11
-21.49125195108311
 21
-6.321390606175507
 31
0.0
  0
LINE
  5
416
330
1F
100
AcDbEntity
  8
0
100
AcDbLine
 10
-21.49125195108311
 20
-6.321390606175507
 30
0.0
 11
-21.44705150717324
 21
-6.177631824082214
 31
0.0
  0
LINE
  5
417
330
1F
100
AcDbEntity
  8
0
100
AcDbLine
 10
-21.44705150717324
 20
-6.177631824082214
 30
0.0
 11
-21.40257788987436
 21
-6.033931583249393
 31
0.0
  0
LINE
  5
418
330
1F
100
AcDbEntity
  8
0
100
AcDbLine
 10
-21.40257788987436
 20
-6.033931583249393
 30
0.0
 11
-21.35802244690949
 21
-5.890258864420898
 31
0.0
  0
LINE
  5
419
330
1F
100
AcDbEntity
  8
0
100
AcDbLine
 10
-21.35802244690949
 20
-5.890258864420898
 30
0.0
 11
-21.31357652603646
 21
-5.746582648354498
 31
0.0
  0
LINE
  5
41A
330
1F
100
AcDbEntity
  8
0
100
AcDbLine
 10
-21.31357652603646
 20
-5.746582648354498
 30
0.0
 11
-21.26943147498522
 21
-5.602871915773177
 31
0.0
  0
LINE
  5
41B
330
1F
100
AcDbEntity
  8
0
100
AcDbLine
 10
-21.26943147498522
 20
-5.602871915773177
 30
0.0
 11
-21.22577864149271
 21
-5.459095647448618
 31
0.0
  0
LINE
  5
41C
330
1F
100
AcDbEntity
  8
0
100
AcDbLine
 10
-21.22577864149271
 20
-5.459095647448618
 30
0.0
 11
-21.18280937330285
 21
-5.315222824096847
 31
0.0
  0
LINE
  5
41D
330
1F
100
AcDbEntity
  8
0
100
AcDbLine
 10
-21.18280937330285
 20
-5.315222824096847
 30
0.0
 11
-21.14071501814558
 21
-5.171222426503462
 31
0.0
  0
LINE
  5
41E
330
1F
100
AcDbEntity
  8
0
100
AcDbLine
 10
-21.14071501814558
 20
-5.171222426503462
 30
0.0
 11
-21.09968692375787
 21
-5.02706343538449
 31
0.0
  0
LINE
  5
41F
330
1F
100
AcDbEntity
  8
0
100
AcDbLine
 10
-21.09968692375787
 20
-5.02706343538449
 30
0.0
 11
-21.05991643789055
 21
-4.8827148314977
 31
0.0
  0
LINE
  5
420
330
1F
100
AcDbEntity
  8
0
100
AcDbLine
 10
-21.05991643789055
 20
-4.8827148314977
 30
0.0
 11
-21.02159490826665
 21
-4.738145595586946
 31
0.0
  0
LINE
  5
421
330
1F
100
AcDbEntity
  8
0
100
AcDbLine
 10
-21.02159490826665
 20
-4.738145595586946
 30
0.0
 11
-20.98491368263007
 21
-4.593324708389126
 31
0.0
  0
LINE
  5
422
330
1F
100
AcDbEntity
  8
0
100
AcDbLine
 10
-20.98491368263007
 20
-4.593324708389126
 30
0.0
 11
-20.95006410871773
 21
-4.448221150662008
 31
0.0
  0
LINE
  5
423
330
1F
100
AcDbEntity
  8
0
100
AcDbLine
 10
-20.95006410871773
 20
-4.448221150662008
 30
0.0
 11
-20.91723753427353
 21
-4.302803903149449
 31
0.0
  0
LINE
  5
424
330
1F
100
AcDbEntity
  8
0
100
AcDbLine
 10
-20.91723753427353
 20
-4.302803903149449
 30
0.0
 11
-20.88662530704137
 21
-4.157041946595303
 31
0.0
  0
LINE
  5
425
330
1F
100
AcDbEntity
  8
0
100
AcDbLine
 10
-20.88662530704137
 20
-4.157041946595303
 30
0.0
 11
-20.85841877473035
 21
-4.010904261743423
 31
0.0
  0
LINE
  5
426
330
1F
100
AcDbEntity
  8
0
100
AcDbLine
 10
-20.85841877473035
 20
-4.010904261743423
 30
0.0
 11
-20.8328092851122
 21
-3.864359829351581
 31
0.0
  0
LINE
  5
427
330
1F
100
AcDbEntity
  8
0
100
AcDbLine
 10
-20.8328092851122
 20
-3.864359829351581
 30
0.0
 11
-20.809971136696
 21
-3.717380461412049
 31
0.0
  0
LINE
  5
428
330
1F
100
AcDbEntity
  8
0
100
AcDbLine
 10
-20.809971136696
 20
-3.717380461412049
 30
0.0
 11
-20.78987936073397
 21
-3.569971061095701
 31
0.0
  0
LINE
  5
429
330
1F
100
AcDbEntity
  8
0
100
AcDbLine
 10
-20.78987936073397
 20
-3.569971061095701
 30
0.0
 11
-20.77237991889799
 21
-3.422157965452334
 31
0.0
  0
LINE
  5
42A
330
1F
100
AcDbEntity
  8
0
100
AcDbLine
 10
-20.77237991889799
 20
-3.422157965452334
 30
0.0
 11
-20.75731659858462
 21
-3.273967872480125
 31
0.0
  0
LINE
  5
42B
330
1F
100
AcDbEntity
  8
0
100
AcDbLine
 10
-20.75731659858462
 20
-3.273967872480125
 30
0.0
 11
-20.74453318730871
 21
-3.125427480316396
 31
0.0
  0
LINE
  5
42C
330
1F
100
AcDbEntity
  8
0
100
AcDbLine
 10
-20.74453318730871
 20
-3.125427480316396
 30
0.0
 11
-20.73387347249463
 21
-2.976563486987153
 31
0.0
  0
LINE
  5
42D
330
1F
100
AcDbEntity
  8
0
100
AcDbLine
 10
-38.07650252344241
 20
-4.084190405306694
 30
0.0
 11
-37.92740223682414
 21
-4.09841327908776
 31
0.0
  0
LINE
  5
42E
330
1F
100
AcDbEntity
  8
0
100
AcDbLine
 10
-37.92740223682414
 20
-4.09841327908776
 30
0.0
 11
-37.77809792841658
 21
-4.111266008933863
 31
0.0
  0
LINE
  5
42F
330
1F
100
AcDbEntity
  8
0
100
AcDbLine
 10
-37.77809792841658
 20
-4.111266008933863
 30
0.0
 11
-37.62860933515013
 21
-4.122816114085923
 31
0.0
  0
LINE
  5
430
330
1F
100
AcDbEntity
  8
0
100
AcDbLine
 10
-37.62860933515013
 20
-4.122816114085923
 30
0.0
 11
-37.47895619396907
 21
-4.133131113750076
 31
0.0
  0
LINE
  5
431
330
1F
100
AcDbEntity
  8
0
100
AcDbLine
 10
-37.47895619396907
 20
-4.133131113750076
 30
0.0
 11
-37.32915824182465
 21
-4.142278527195067
 31
0.0
  0
LINE
  5
432
330
1F
100
AcDbEntity
  8
0
100
AcDbLine
 10
-37.32915824182465
 20
-4.142278527195067
 30
0.0
 11
-37.17923521563332
 21
-4.150325873633989
 31
0.0
  0
LINE
  5
433
330
1F
100
AcDbEntity
  8
0
100
AcDbLine
 10
-37.17923521563332
 20
-4.150325873633989
 30
0.0
 11
-37.02920685236025
 21
-4.157340672286888
 31
0.0
  0
LINE
  5
434
330
1F
100
AcDbEntity
  8
0
100
AcDbLine
 10
-37.02920685236025
 20
-4.157340672286888
 30
0.0
 11
-36.87909288892885
 21
-4.163390442429471
 31
0.0
  0
LINE
  5
435
330
1F
100
AcDbEntity
  8
0
100
AcDbLine
 10
-36.87909288892885
 20
-4.163390442429471
 30
0.0
 11
-36.72891306229732
 21
-4.168542703260915
 31
0.0
  0
LINE
  5
436
330
1F
100
AcDbEntity
  8
0
100
AcDbLine
 10
-36.72891306229732
 20
-4.168542703260915
 30
0.0
 11
-36.57868710938907
 21
-4.172864974029094
 31
0.0
  0
LINE
  5
437
330
1F
100
AcDbEntity
  8
0
100
AcDbLine
 10
-36.57868710938907
 20
-4.172864974029094
 30
0.0
 11
-36.42843476714841
 21
-4.17642477395406
 31
0.0
  0
LINE
  5
438
330
1F
100
AcDbEntity
  8
0
100
AcDbLine
 10
-36.42843476714841
 20
-4.17642477395406
 30
0.0
 11
-36.27817577252657
 21
-4.17928962227673
 31
0.0
  0
LINE
  5
439
330
1F
100
AcDbEntity
  8
0
100
AcDbLine
 10
-36.27817577252657
 20
-4.17928962227673
 30
0.0
 11
-36.12792986246088
 21
-4.18152703824498
 31
0.0
  0
LINE
  5
43A
330
1F
100
AcDbEntity
  8
0
100
AcDbLine
 10
-36.12792986246088
 20
-4.18152703824498
 30
0.0
 11
-35.97771677388868
 21
-4.183204541078859
 31
0.0
  0
LINE
  5
43B
330
1F
100
AcDbEntity
  8
0
100
AcDbLine
 10
-35.97771677388868
 20
-4.183204541078859
 30
0.0
 11
-35.8275562437473
 21
-4.184389649991458
 31
0.0
  0
LINE
  5
43C
330
1F
100
AcDbEntity
  8
0
100
AcDbLine
 10
-35.8275562437473
 20
-4.184389649991458
 30
0.0
 11
-35.67746800897405
 21
-4.185149884244569
 31
0.0
  0
LINE
  5
43D
330
1F
100
AcDbEntity
  8
0
100
AcDbLine
 10
-35.67746800897405
 20
-4.185149884244569
 30
0.0
 11
-35.52747180653413
 21
-4.185552763072153
 31
0.0
  0
LINE
  5
43E
330
1F
100
AcDbEntity
  8
0
100
AcDbLine
 10
-35.52747180653413
 20
-4.185552763072153
 30
0.0
 11
-35.377587373337
 21
-4.185665805687302
 31
0.0
  0
LINE
  5
43F
330
1F
100
AcDbEntity
  8
0
100
AcDbLine
 10
-35.377587373337
 20
-4.185665805687302
 30
0.0
 11
-35.22783444634784
 21
-4.185556531344847
 31
0.0
  0
LINE
  5
440
330
1F
100
AcDbEntity
  8
0
100
AcDbLine
 10
-35.22783444634784
 20
-4.185556531344847
 30
0.0
 11
-35.07823276249006
 21
-4.18529245926484
 31
0.0
  0
LINE
  5
441
330
1F
100
AcDbEntity
  8
0
100
AcDbLine
 10
-35.07823276249006
 20
-4.18529245926484
 30
0.0
 11
-34.92880205871492
 21
-4.184941108695154
 31
0.0
  0
LINE
  5
442
330
1F
100
AcDbEntity
  8
0
100
AcDbLine
 10
-34.92880205871492
 20
-4.184941108695154
 30
0.0
 11
-34.77956207195973
 21
-4.18456999885584
 31
0.0
  0
LINE
  5
443
330
1F
100
AcDbEntity
  8
0
100
AcDbLine
 10
-34.77956207195973
 20
-4.18456999885584
 30
0.0
 11
-34.63053253916184
 21
-4.184246648973903
 31
0.0
  0
LINE
  5
444
330
1F
100
AcDbEntity
  8
0
100
AcDbLine
 10
-34.63053253916184
 20
-4.184246648973903
 30
0.0
 11
-34.48173319727944
 21
-4.184038578304174
 31
0.0
  0
LINE
  5
445
330
1F
100
AcDbEntity
  8
0
100
AcDbLine
 10
-34.48173319727944
 20
-4.184038578304174
 30
0.0
 11
-34.33318378322203
 21
-4.184013306059748
 31
0.0
  0
LINE
  5
446
330
1F
100
AcDbEntity
  8
0
100
AcDbLine
 10
-34.33318378322203
 20
-4.184013306059748
 30
0.0
 11
-34.18490403395479
 21
-4.18423835148154
 31
0.0
  0
LINE
  5
447
330
1F
100
AcDbEntity
  8
0
100
AcDbLine
 10
-34.18490403395479
 20
-4.18423835148154
 30
0.0
 11
-34.03690694947721
 21
-4.184773556077651
 31
0.0
  0
LINE
  5
448
330
1F
100
AcDbEntity
  8
0
100
AcDbLine
 10
-34.03690694947721
 20
-4.184773556077651
 30
0.0
 11
-33.88916264188325
 21
-4.185629884213408
 31
0.0
  0
LINE
  5
449
330
1F
100
AcDbEntity
  8
0
100
AcDbLine
 10
-33.88916264188325
 20
-4.185629884213408
 30
0.0
 11
-33.74162440431207
 21
-4.186799132623439
 31
0.0
  0
LINE
  5
44A
330
1F
100
AcDbEntity
  8
0
100
AcDbLine
 10
-33.74162440431207
 20
-4.186799132623439
 30
0.0
 11
-33.59424549034479
 21
-4.188273052897741
 31
0.0
  0
LINE
  5
44B
330
1F
100
AcDbEntity
  8
0
100
AcDbLine
 10
-33.59424549034479
 20
-4.188273052897741
 30
0.0
 11
-33.44697915356947
 21
-4.190043396661093
 31
0.0
  0
LINE
  5
44C
330
1F
100
AcDbEntity
  8
0
100
AcDbLine
 10
-33.44697915356947
 20
-4.190043396661093
 30
0.0
 11
-33.29977864756724
 21
-4.192101915559146
 31
0.0
  0
LINE
  5
44D
330
1F
100
AcDbEntity
  8
0
100
AcDbLine
 10
-33.29977864756724
 20
-4.192101915559146
 30
0.0
 11
-33.15259722592614
 21
-4.194440361188851
 31
0.0
  0
LINE
  5
44E
330
1F
100
AcDbEntity
  8
0
100
AcDbLine
 10
-33.15259722592614
 20
-4.194440361188851
 30
0.0
 11
-33.00538814224119
 21
-4.197050485181946
 31
0.0
  0
LINE
  5
44F
330
1F
100
AcDbEntity
  8
0
100
AcDbLine
 10
-33.00538814224119
 20
-4.197050485181946
 30
0.0
 11
-32.85810465007961
 21
-4.19992403916321
 31
0.0
  0
LINE
  5
450
330
1F
100
AcDbEntity
  8
0
100
AcDbLine
 10
-32.85810465007961
 20
-4.19992403916321
 30
0.0
 11
-32.71070000305032
 21
-4.203052774757423
 31
0.0
  0
LINE
  5
451
330
1F
100
AcDbEntity
  8
0
100
AcDbLine
 10
-32.71070000305032
 20
-4.203052774757423
 30
0.0
 11
-32.56312745471356
 21
-4.20642844357545
 31
0.0
  0
LINE
  5
452
330
1F
100
AcDbEntity
  8
0
100
AcDbLine
 10
-32.56312745471356
 20
-4.20642844357545
 30
0.0
 11
-32.41534025865045
 21
-4.210042797242071
 31
0.0
  0
LINE
  5
453
330
1F
100
AcDbEntity
  8
0
100
AcDbLine
 10
-32.41534025865045
 20
-4.210042797242071
 30
0.0
 11
-32.26729166846991
 21
-4.213887587389025
 31
0.0
  0
LINE
  5
454
330
1F
100
AcDbEntity
  8
0
100
AcDbLine
 10
-32.26729166846991
 20
-4.213887587389025
 30
0.0
 11
-32.11893493773915
 21
-4.217954565620217
 31
0.0
  0
LINE
  5
455
330
1F
100
AcDbEntity
  8
0
100
AcDbLine
 10
-32.11893493773915
 20
-4.217954565620217
 30
0.0
 11
-31.97022332004622
 21
-4.222235483588259
 31
0.0
  0
LINE
  5
456
330
1F
100
AcDbEntity
  8
0
100
AcDbLine
 10
-31.97022332004622
 20
-4.222235483588259
 30
0.0
 11
-31.82111006898616
 21
-4.226722092890099
 31
0.0
  0
LINE
  5
457
330
1F
100
AcDbEntity
  8
0
100
AcDbLine
 10
-31.82111006898616
 20
-4.226722092890099
 30
0.0
 11
-31.6715484381331
 21
-4.231406145150518
 31
0.0
  0
LINE
  5
458
330
1F
100
AcDbEntity
  8
0
100
AcDbLine
 10
-31.6715484381331
 20
-4.231406145150518
 30
0.0
 11
-31.52149168106818
 21
-4.236279391987339
 31
0.0
  0
LINE
  5
459
330
1F
100
AcDbEntity
  8
0
100
AcDbLine
 10
-31.52149168106818
 20
-4.236279391987339
 30
0.0
 11
-31.37089305139336
 21
-4.241333585039256
 31
0.0
  0
LINE
  5
45A
330
1F
100
AcDbEntity
  8
0
100
AcDbLine
 10
-31.37089305139336
 20
-4.241333585039256
 30
0.0
 11
-31.21970580267583
 21
-4.246560475910178
 31
0.0
  0
LINE
  5
45B
330
1F
100
AcDbEntity
  8
0
100
AcDbLine
 10
-31.21970580267583
 20
-4.246560475910178
 30
0.0
 11
-31.06788318851063
 21
-4.251951816238798
 31
0.0
  0
LINE
  5
45C
330
1F
100
AcDbEntity
  8
0
100
AcDbLine
 10
-31.06788318851063
 20
-4.251951816238798
 30
0.0
 11
-30.91537846247885
 21
-4.25749935764294
 31
0.0
  0
LINE
  5
45D
330
1F
100
AcDbEntity
  8
0
100
AcDbLine
 10
-30.91537846247885
 20
-4.25749935764294
 30
0.0
 11
-30.76214487816161
 21
-4.263194851740425
 31
0.0
  0
LINE
  5
45E
330
1F
100
AcDbEntity
  8
0
100
AcDbLine
 10
-30.76214487816161
 20
-4.263194851740425
 30
0.0
 11
-30.60813568915394
 21
-4.269030050156035
 31
0.0
  0
LINE
  5
45F
330
1F
100
AcDbEntity
  8
0
100
AcDbLine
 10
-30.60813568915394
 20
-4.269030050156035
 30
0.0
 11
-30.45330414903693
 21
-4.274996704507591
 31
0.0
  0
LINE
  5
460
330
1F
100
AcDbEntity
  8
0
100
AcDbLine
 10
-30.45330414903693
 20
-4.274996704507591
 30
0.0
 11
-30.29760351137779
 21
-4.281086566412914
 31
0.0
  0
LINE
  5
461
330
1F
100
AcDbEntity
  8
0
100
AcDbLine
 10
-30.29760351137779
 20
-4.281086566412914
 30
0.0
 11
-30.14100759241255
 21
-4.287248360024737
 31
0.0
  0
LINE
  5
462
330
1F
100
AcDbEntity
  8
0
100
AcDbLine
 10
-30.14100759241255
 20
-4.287248360024737
 30
0.0
 11
-29.9841633054116
 21
-4.29202234777567
 31
0.0
  0
LINE
  5
463
330
1F
100
AcDbEntity
  8
0
100
AcDbLine
 10
-29.9841633054116
 20
-4.29202234777567
 30
0.0
 11
-29.82852518677093
 21
-4.292258833470327
 31
0.0
  0
LINE
  5
464
330
1F
100
AcDbEntity
  8
0
100
AcDbLine
 10
-29.82852518677093
 20
-4.292258833470327
 30
0.0
 11
-29.67559552102381
 21
-4.284708207435436
 31
0.0
  0
LINE
  5
465
330
1F
100
AcDbEntity
  8
0
100
AcDbLine
 10
-29.67559552102381
 20
-4.284708207435436
 30
0.0
 11
-29.52687659271739
 21
-4.266120860053383
 31
0.0
  0
LINE
  5
466
330
1F
100
AcDbEntity
  8
0
100
AcDbLine
 10
-29.52687659271739
 20
-4.266120860053383
 30
0.0
 11
-29.38387068639189
 21
-4.233247181664812
 31
0.0
  0
LINE
  5
467
330
1F
100
AcDbEntity
  8
0
100
AcDbLine
 10
-29.38387068639189
 20
-4.233247181664812
 30
0.0
 11
-29.24808008658057
 21
-4.182837562610363
 31
0.0
  0
LINE
  5
468
330
1F
100
AcDbEntity
  8
0
100
AcDbLine
 10
-29.24808008658057
 20
-4.182837562610363
 30
0.0
 11
-29.12085695573884
 21
-4.112172471193796
 31
0.0
  0
LINE
  5
469
330
1F
100
AcDbEntity
  8
0
100
AcDbLine
 10
-29.12085695573884
 20
-4.112172471193796
 30
0.0
 11
-29.00237011672586
 21
-4.022710722401168
 31
0.0
  0
LINE
  5
46A
330
1F
100
AcDbEntity
  8
0
100
AcDbLine
 10
-29.00237011672586
 20
-4.022710722401168
 30
0.0
 11
-28.8922276767577
 21
-3.91789100617696
 31
0.0
  0
LINE
  5
46B
330
1F
100
AcDbEntity
  8
0
100
AcDbLine
 10
-28.8922276767577
 20
-3.91789100617696
 30
0.0
 11
-28.79003437886709
 21
-3.801163891321202
 31
0.0
  0
LINE
  5
46C
330
1F
100
AcDbEntity
  8
0
100
AcDbLine
 10
-28.79003437886709
 20
-3.801163891321202
 30
0.0
 11
-28.69539496609375
 21
-3.675979946647841
 31
0.0
  0
LINE
  5
46D
330
1F
100
AcDbEntity
  8
0
100
AcDbLine
 10
-28.69539496609375
 20
-3.675979946647841
 30
0.0
 11
-28.60791431321012
 21
-3.545786465497507
 31
0.0
  0
LINE
  5
46E
330
1F
100
AcDbEntity
  8
0
100
AcDbLine
 10
-28.60791431321012
 20
-3.545786465497507
 30
0.0
 11
-28.52723380542994
 21
-3.413123047035929
 31
0.0
  0
LINE
  5
46F
330
1F
100
AcDbEntity
  8
0
100
AcDbLine
 10
-28.52723380542994
 20
-3.413123047035929
 30
0.0
 11
-28.4530809687269
 21
-3.278387722931451
 31
0.0
  0
LINE
  5
470
330
1F
100
AcDbEntity
  8
0
100
AcDbLine
 10
-28.4530809687269
 20
-3.278387722931451
 30
0.0
 11
-28.38519574635432
 21
-3.141669816832229
 31
0.0
  0
LINE
  5
471
330
1F
100
AcDbEntity
  8
0
100
AcDbLine
 10
-28.38519574635432
 20
-3.141669816832229
 30
0.0
 11
-28.32331808155155
 21
-3.003058652351634
 31
0.0
  0
LINE
  5
472
330
1F
100
AcDbEntity
  8
0
100
AcDbLine
 10
-16.75348451606422
 20
-10.45940396416928
 30
0.0
 11
-13.18609408771251
 21
-10.45615957397153
 31
0.0
  0
LINE
  5
473
330
1F
100
AcDbEntity
  8
0
100
AcDbLine
 10
-13.18609408771251
 20
-10.45615957397153
 30
0.0
 11
-9.618774448244979
 21
-10.40853506624892
 31
0.0
  0
LINE
  5
474
330
1F
100
AcDbEntity
  8
0
100
AcDbLine
 10
-9.618774448244979
 20
-10.40853506624892
 30
0.0
 11
-6.052859355708296
 21
-10.30874922844936
 31
0.0
  0
LINE
  5
475
330
1F
100
AcDbEntity
  8
0
100
AcDbLine
 10
-6.052859355708296
 20
-10.30874922844936
 30
0.0
 11
-2.489559321503398
 21
-10.1505191171233
 31
0.0
  0
LINE
  5
476
330
1F
100
AcDbEntity
  8
0
100
AcDbLine
 10
-2.489559321503398
 20
-10.1505191171233
 30
0.0
 11
1.072363738909683
 21
-9.957328566745357
 31
0.0
  0
LINE
  5
477
330
1F
100
AcDbEntity
  8
0
100
AcDbLine
 10
1.072363738909683
 20
-9.957328566745357
 30
0.0
 11
4.636053123995972
 21
-9.775705659031543
 31
0.0
  0
LINE
  5
478
330
1F
100
AcDbEntity
  8
0
100
AcDbLine
 10
4.636053123995972
 20
-9.775705659031543
 30
0.0
 11
8.198807391506042
 21
-9.579126400938884
 31
0.0
  0
LINE
  5
479
330
1F
100
AcDbEntity
  8
0
100
AcDbLine
 10
8.198807391506042
 20
-9.579126400938884
 30
0.0
 11
11.75294690897432
 21
-9.278869600153726
 31
0.0
  0
LINE
  5
47A
330
1F
100
AcDbEntity
  8
0
100
AcDbLine
 10
-11.65208632761931
 20
-9.022487410518021
 30
0.0
 11
-8.563733736004604
 21
-8.96837578636485
 31
0.0
  0
LINE
  5
47B
330
1F
100
AcDbEntity
  8
0
100
AcDbLine
 10
-8.563733736004604
 20
-8.96837578636485
 30
0.0
 11
-5.474345488553221
 21
-8.896006596719571
 31
0.0
  0
LINE
  5
47C
330
1F
100
AcDbEntity
  8
0
100
AcDbLine
 10
-5.474345488553221
 20
-8.896006596719571
 30
0.0
 11
-2.38391503953637
 21
-8.851694565926458
 31
0.0
  0
LINE
  5
47D
330
1F
100
AcDbEntity
  8
0
100
AcDbLine
 10
-2.38391503953637
 20
-8.851694565926458
 30
0.0
 11
0.698796669577776
 21
-8.669640965627693
 31
0.0
  0
LINE
  5
47E
330
1F
100
AcDbEntity
  8
0
100
AcDbLine
 10
0.698796669577776
 20
-8.669640965627693
 30
0.0
 11
3.771177046875412
 21
-8.364379650092415
 31
0.0
  0
LINE
  5
47F
330
1F
100
AcDbEntity
  8
0
100
AcDbLine
 10
3.771177046875412
 20
-8.364379650092415
 30
0.0
 11
6.841183347883281
 21
-8.038814069400154
 31
0.0
  0
LINE
  5
480
330
1F
100
AcDbEntity
  8
0
100
AcDbLine
 10
6.841183347883281
 20
-8.038814069400154
 30
0.0
 11
9.914921018645344
 21
-7.62998844685407
 31
0.0
  0
LINE
  5
481
330
1F
100
AcDbEntity
  8
0
100
AcDbLine
 10
9.914921018645344
 20
-7.62998844685407
 30
0.0
 11
12.91182889127334
 21
-6.874214098876254
 31
0.0
  0
LINE
  5
482
330
1F
100
AcDbEntity
  8
0
100
AcDbLine
 10
-51.05751635155094
 20
-9.990416429461622
 30
0.0
 11
-51.07906962735611
 21
-9.747330980091718
 31
0.0
  0
LINE
  5
483
330
1F
100
AcDbEntity
  8
0
100
AcDbLine
 10
-51.07906962735611
 20
-9.747330980091718
 30
0.0
 11
-51.1136172561778
 21
-9.506045726770894
 31
0.0
  0
LINE
  5
484
330
1F
100
AcDbEntity
  8
0
100
AcDbLine
 10
-51.1136172561778
 20
-9.506045726770894
 30
0.0
 11
-51.20999934812434
 21
-9.311058524917904
 31
0.0
  0
LINE
  5
485
330
1F
100
AcDbEntity
  8
0
100
AcDbLine
 10
-51.20999934812434
 20
-9.311058524917904
 30
0.0
 11
-51.39938708872785
 21
-9.195150764434464
 31
0.0
  0
LINE
  5
486
330
1F
100
AcDbEntity
  8
0
100
AcDbLine
 10
-51.39938708872785
 20
-9.195150764434464
 30
0.0
 11
-51.62863668850653
 21
-9.135193613045562
 31
0.0
  0
LINE
  5
487
330
1F
100
AcDbEntity
  8
0
100
AcDbLine
 10
-57.71486485060925
 20
-12.60592518488902
 30
0.0
 11
-57.71141034712263
 21
-12.45893782508263
 31
0.0
  0
LINE
  5
488
330
1F
100
AcDbEntity
  8
0
100
AcDbLine
 10
-57.71141034712263
 20
-12.45893782508263
 30
0.0
 11
-57.70634772268892
 21
-12.31255579875711
 31
0.0
  0
LINE
  5
489
330
1F
100
AcDbEntity
  8
0
100
AcDbLine
 10
-57.70634772268892
 20
-12.31255579875711
 30
0.0
 11
-57.69981869298014
 21
-12.16659611234044
 31
0.0
  0
LINE
  5
48A
330
1F
100
AcDbEntity
  8
0
100
AcDbLine
 10
-57.69981869298014
 20
-12.16659611234044
 30
0.0
 11
-57.69196497368923
 21
-12.02087577228148
 31
0.0
  0
LINE
  5
48B
330
1F
100
AcDbEntity
  8
0
100
AcDbLine
 10
-57.69196497368923
 20
-12.02087577228148
 30
0.0
 11
-57.68292828048126
 21
-11.87521178501516
 31
0.0
  0
LINE
  5
48C
330
1F
100
AcDbEntity
  8
0
100
AcDbLine
 10
-57.68292828048126
 20
-11.87521178501516
 30
0.0
 11
-57.67285032902827
 21
-11.7294211569486
 31
0.0
  0
LINE
  5
48D
330
1F
100
AcDbEntity
  8
0
100
AcDbLine
 10
-57.67285032902827
 20
-11.7294211569486
 30
0.0
 11
-57.66187283499534
 21
-11.58332089453064
 31
0.0
  0
LINE
  5
48E
330
1F
100
AcDbEntity
  8
0
100
AcDbLine
 10
-57.66187283499534
 20
-11.58332089453064
 30
0.0
 11
-57.65013751406845
 21
-11.43672800421013
 31
0.0
  0
LINE
  5
48F
330
1F
100
AcDbEntity
  8
0
100
AcDbLine
 10
-57.65013751406845
 20
-11.43672800421013
 30
0.0
 11
-57.63778608191266
 21
-11.28945949238724
 31
0.0
  0
LINE
  5
490
330
1F
100
AcDbEntity
  8
0
100
AcDbLine
 10
-57.63778608191266
 20
-11.28945949238724
 30
0.0
 11
-57.62496025421395
 21
-11.14133236551777
 31
0.0
  0
LINE
  5
491
330
1F
100
AcDbEntity
  8
0
100
AcDbLine
 10
-57.62496025421395
 20
-11.14133236551777
 30
0.0
 11
-57.61180174663738
 21
-10.99216363004361
 31
0.0
  0
LINE
  5
492
330
1F
100
AcDbEntity
  8
0
100
AcDbLine
 10
-57.61180174663738
 20
-10.99216363004361
 30
0.0
 11
-57.59845227486893
 21
-10.84177029239274
 31
0.0
  0
LINE
  5
493
330
1F
100
AcDbEntity
  8
0
100
AcDbLine
 10
-57.59845227486893
 20
-10.84177029239274
 30
0.0
 11
-57.58487747487943
 21
-10.69010852421934
 31
0.0
  0
LINE
  5
494
330
1F
100
AcDbEntity
  8
0
100
AcDbLine
 10
-57.58487747487943
 20
-10.69010852421934
 30
0.0
 11
-57.5701193275852
 21
-10.53786451148295
 31
0.0
  0
LINE
  5
495
330
1F
100
AcDbEntity
  8
0
100
AcDbLine
 10
-57.5701193275852
 20
-10.53786451148295
 30
0.0
 11
-57.55291798915584
 21
-10.3859629884308
 31
0.0
  0
LINE
  5
496
330
1F
100
AcDbEntity
  8
0
100
AcDbLine
 10
-57.55291798915584
 20
-10.3859629884308
 30
0.0
 11
-57.53201344578503
 21
-10.23532882367954
 31
0.0
  0
LINE
  5
497
330
1F
100
AcDbEntity
  8
0
100
AcDbLine
 10
-57.53201344578503
 20
-10.23532882367954
 30
0.0
 11
-57.50614568363167
 21
-10.08688688582498
 31
0.0
  0
LINE
  5
498
330
1F
100
AcDbEntity
  8
0
100
AcDbLine
 10
-57.50614568363167
 20
-10.08688688582498
 30
0.0
 11
-57.4740546888616
 21
-9.941562043511624
 31
0.0
  0
LINE
  5
499
330
1F
100
AcDbEntity
  8
0
100
AcDbLine
 10
-57.4740546888616
 20
-9.941562043511624
 30
0.0
 11
-57.43448044765461
 21
-9.800279165342225
 31
0.0
  0
LINE
  5
49A
330
1F
100
AcDbEntity
  8
0
100
AcDbLine
 10
-57.43448044765461
 20
-9.800279165342225
 30
0.0
 11
-57.38616294617655
 21
-9.663963119933458
 31
0.0
  0
LINE
  5
49B
330
1F
100
AcDbEntity
  8
0
100
AcDbLine
 10
-57.38616294617655
 20
-9.663963119933458
 30
0.0
 11
-57.32784217058632
 21
-9.533538775908951
 31
0.0
  0
LINE
  5
49C
330
1F
100
AcDbEntity
  8
0
100
AcDbLine
 10
-57.32784217058632
 20
-9.533538775908951
 30
0.0
 11
-57.25825836638966
 21
-9.409930831825971
 31
0.0
  0
LINE
  5
49D
330
1F
100
AcDbEntity
  8
0
100
AcDbLine
 10
-57.25825836638966
 20
-9.409930831825971
 30
0.0
 11
-57.17680739594115
 21
-9.29363404405684
 31
0.0
  0
LINE
  5
49E
330
1F
100
AcDbEntity
  8
0
100
AcDbLine
 10
-57.17680739594115
 20
-9.29363404405684
 30
0.0
 11
-57.08495612360806
 21
-9.183785041819016
 31
0.0
  0
LINE
  5
49F
330
1F
100
AcDbEntity
  8
0
100
AcDbLine
 10
-57.08495612360806
 20
-9.183785041819016
 30
0.0
 11
-56.98457934875671
 21
-9.079252937621654
 31
0.0
  0
LINE
  5
4A0
330
1F
100
AcDbEntity
  8
0
100
AcDbLine
 10
-56.98457934875671
 20
-9.079252937621654
 30
0.0
 11
-56.87755187072564
 21
-8.978906843953032
 31
0.0
  0
LINE
  5
4A1
330
1F
100
AcDbEntity
  8
0
100
AcDbLine
 10
-56.87755187072564
 20
-8.978906843953032
 30
0.0
 11
-56.76574848886025
 21
-8.88161587334318
 31
0.0
  0
LINE
  5
4A2
330
1F
100
AcDbEntity
  8
0
100
AcDbLine
 10
-56.76574848886025
 20
-8.88161587334318
 30
0.0
 11
-56.65104400253386
 21
-8.786249138287332
 31
0.0
  0
LINE
  5
4A3
330
1F
100
AcDbEntity
  8
0
100
AcDbLine
 10
-77.11642979687467
 20
-12.33450804914756
 30
0.0
 11
-77.81642158086176
 21
-11.44424078923009
 31
0.0
  0
LINE
  5
4A4
330
1F
100
AcDbEntity
  8
0
100
AcDbLine
 10
-77.81642158086176
 20
-11.44424078923009
 30
0.0
 11
-78.82329559636062
 21
-10.92319265100686
 31
0.0
  0
LINE
  5
4A5
330
1F
100
AcDbEntity
  8
0
100
AcDbLine
 10
-78.82329559636062
 20
-10.92319265100686
 30
0.0
 11
-79.88479354377645
 21
-10.5856407526596
 31
0.0
  0
LINE
  5
4A6
330
1F
100
AcDbEntity
  8
0
100
AcDbLine
 10
-79.88479354377645
 20
-10.5856407526596
 30
0.0
 11
-80.97427993551076
 21
-10.31513887992635
 31
0.0
  0
LINE
  5
4A7
330
1F
100
AcDbEntity
  8
0
100
AcDbLine
 10
-80.97427993551076
 20
-10.31513887992635
 30
0.0
 11
-82.07725268308239
 21
-10.10128251973982
 31
0.0
  0
LINE
  5
4A8
330
1F
100
AcDbEntity
  8
0
100
AcDbLine
 10
-82.07725268308239
 20
-10.10128251973982
 30
0.0
 11
-83.1830206377848
 21
-9.91733660604288
 31
0.0
  0
LINE
  5
4A9
330
1F
100
AcDbEntity
  8
0
100
AcDbLine
 10
-83.1830206377848
 20
-9.91733660604288
 30
0.0
 11
-84.28409552475452
 21
-9.710637159254594
 31
0.0
  0
LINE
  5
4AA
330
1F
100
AcDbEntity
  8
0
100
AcDbLine
 10
-84.28409552475452
 20
-9.710637159254594
 30
0.0
 11
-85.37495774372235
 21
-9.449460514894055
 31
0.0
  0
LINE
  5
4AB
330
1F
100
AcDbEntity
  8
0
100
AcDbLine
 10
-85.37495774372235
 20
-9.449460514894055
 30
0.0
 11
-86.45691683218179
 21
-9.153234812379226
 31
0.0
  0
LINE
  5
4AC
330
1F
100
AcDbEntity
  8
0
100
AcDbLine
 10
-89.29935501124088
 20
-7.100781509998172
 30
0.0
 11
-85.95532410629572
 21
-8.143373201828469
 31
0.0
  0
LINE
  5
4AD
330
1F
100
AcDbEntity
  8
0
100
AcDbLine
 10
-85.95532410629572
 20
-8.143373201828469
 30
0.0
 11
-82.51372756474018
 21
-8.718795539019073
 31
0.0
  0
LINE
  5
4AE
330
1F
100
AcDbEntity
  8
0
100
AcDbLine
 10
-82.51372756474018
 20
-8.718795539019073
 30
0.0
 11
-79.03194858578141
 21
-9.118723207161697
 31
0.0
  0
LINE
  5
4AF
330
1F
100
AcDbEntity
  8
0
100
AcDbLine
 10
-79.03194858578141
 20
-9.118723207161697
 30
0.0
 11
-75.54039211941148
 21
-9.383693826486443
 31
0.0
  0
LINE
  5
4B0
330
1F
100
AcDbEntity
  8
0
100
AcDbLine
 10
-75.54039211941148
 20
-9.383693826486443
 30
0.0
 11
-72.04691080866458
 21
-9.561246200138445
 31
0.0
  0
LINE
  5
4B1
330
1F
100
AcDbEntity
  8
0
100
AcDbLine
 10
-72.04691080866458
 20
-9.561246200138445
 30
0.0
 11
-68.55049936663809
 21
-9.69339061765859
 31
0.0
  0
LINE
  5
4B2
330
1F
100
AcDbEntity
  8
0
100
AcDbLine
 10
-68.55049936663809
 20
-9.69339061765859
 30
0.0
 11
-65.05238560640619
 21
-9.790775596335305
 31
0.0
  0
LINE
  5
4B3
330
1F
100
AcDbEntity
  8
0
100
AcDbLine
 10
-65.05238560640619
 20
-9.790775596335305
 30
0.0
 11
-61.55387872480088
 21
-9.858251761034301
 31
0.0
  0
LINE
  5
4B4
330
1F
100
AcDbEntity
  8
0
100
AcDbLine
 10
-61.55387872480088
 20
-9.858251761034301
 30
0.0
 11
-58.05515541303876
 21
-9.904827751186161
 31
0.0
  0
LINE
  5
4B5
330
1F
100
AcDbEntity
  8
0
100
AcDbLine
 10
-58.05515541303876
 20
-9.904827751186161
 30
0.0
 11
-54.55625865833807
 21
-9.941659205552964
 31
0.0
  0
LINE
  5
4B6
330
1F
100
AcDbEntity
  8
0
100
AcDbLine
 10
-54.55625865833807
 20
-9.941659205552964
 30
0.0
 11
-51.05751635155094
 21
-9.990416429461622
 31
0.0
  0
LINE
  5
4B7
330
1F
100
AcDbEntity
  8
0
100
AcDbLine
 10
-90.53063947184111
 20
-6.205524827602094
 30
0.0
 11
-90.89052997185688
 21
-6.149884473982083
 31
0.0
  0
LINE
  5
4B8
330
1F
100
AcDbEntity
  8
0
100
AcDbLine
 10
-90.89052997185688
 20
-6.149884473982083
 30
0.0
 11
-91.25731765739336
 21
-6.14678659257285
 31
0.0
  0
LINE
  5
4B9
330
1F
100
AcDbEntity
  8
0
100
AcDbLine
 10
-91.25731765739336
 20
-6.14678659257285
 30
0.0
 11
-91.62671062852269
 21
-6.171210546300168
 31
0.0
  0
LINE
  5
4BA
330
1F
100
AcDbEntity
  8
0
100
AcDbLine
 10
-91.62671062852269
 20
-6.171210546300168
 30
0.0
 11
-91.99441698530308
 21
-6.198135698089806
 31
0.0
  0
LINE
  5
4BB
330
1F
100
AcDbEntity
  8
0
100
AcDbLine
 10
-95.6726717811527
 20
3.605128057916692
 30
0.0
 11
-92.23170274948154
 21
2.67949130927442
 31
0.0
  0
LINE
  5
4BC
330
1F
100
AcDbEntity
  8
0
100
AcDbLine
 10
-92.23170274948154
 20
2.67949130927442
 30
0.0
 11
-88.75074052276491
 21
1.911252802016345
 31
0.0
  0
LINE
  5
4BD
330
1F
100
AcDbEntity
  8
0
100
AcDbLine
 10
-88.75074052276491
 20
1.911252802016345
 30
0.0
 11
-85.24942172175432
 21
1.240796570558557
 31
0.0
  0
LINE
  5
4BE
330
1F
100
AcDbEntity
  8
0
100
AcDbLine
 10
-85.24942172175432
 20
1.240796570558557
 30
0.0
 11
-81.7408829451791
 21
0.6253086912352335
 31
0.0
  0
LINE
  5
4BF
330
1F
100
AcDbEntity
  8
0
100
AcDbLine
 10
-81.7408829451791
 20
0.6253086912352335
 30
0.0
 11
-78.22638111822607
 21
0.0526832557098437
 31
0.0
  0
LINE
  5
4C0
330
1F
100
AcDbEntity
  8
0
100
AcDbLine
 10
-78.22638111822607
 20
0.0526832557098437
 30
0.0
 11
-74.70590671141836
 21
-0.4859118983155736
 31
0.0
  0
LINE
  5
4C1
330
1F
100
AcDbEntity
  8
0
100
AcDbLine
 10
-74.70590671141836
 20
-0.4859118983155736
 30
0.0
 11
-71.179079941379
 21
-0.9903133132017318
 31
0.0
  0
LINE
  5
4C2
330
1F
100
AcDbEntity
  8
0
100
AcDbLine
 10
-71.179079941379
 20
-0.9903133132017318
 30
0.0
 11
-67.64412644622848
 21
-1.426475110884636
 31
0.0
  0
LINE
  5
4C3
330
1F
100
AcDbEntity
  8
0
100
AcDbLine
 10
-67.64412644622848
 20
-1.426475110884636
 30
0.0
 11
-64.09894358148767
 21
-1.752375519418321
 31
0.0
  0
LINE
  5
4C4
330
1F
100
AcDbEntity
  8
0
100
AcDbLine
 10
-80.72858150393361
 20
-11.98549145283742
 30
0.0
 11
-83.53369036363245
 21
-11.34134122869946
 31
0.0
  0
LINE
  5
4C5
330
1F
100
AcDbEntity
  8
0
100
AcDbLine
 10
-83.53369036363245
 20
-11.34134122869946
 30
0.0
 11
-86.22914920809043
 21
-10.12076204424547
 31
0.0
  0
LINE
  5
4C6
330
1F
100
AcDbEntity
  8
0
100
AcDbLine
 10
-86.22914920809043
 20
-10.12076204424547
 30
0.0
 11
-88.83280671972153
 21
-8.817883445593804
 31
0.0
  0
LINE
  5
4C7
330
1F
100
AcDbEntity
  8
0
100
AcDbLine
 10
-88.83280671972153
 20
-8.817883445593804
 30
0.0
 11
-91.122999611718
 21
-7.034315914945203
 31
0.0
  0
LINE
  5
4C8
330
1F
100
AcDbEntity
  8
0
100
AcDbLine
 10
-91.122999611718
 20
-7.034315914945203
 30
0.0
 11
-92.955043717459
 21
-4.738678574703445
 31
0.0
  0
LINE
  5
4C9
330
1F
100
AcDbEntity
  8
0
100
AcDbLine
 10
-92.955043717459
 20
-4.738678574703445
 30
0.0
 11
-94.29779995293632
 21
-2.122177297856009
 31
0.0
  0
LINE
  5
4CA
330
1F
100
AcDbEntity
  8
0
100
AcDbLine
 10
-94.29779995293632
 20
-2.122177297856009
 30
0.0
 11
-95.17466476203506
 21
0.69356093075781
 31
0.0
  0
LINE
  5
4CB
330
1F
100
AcDbEntity
  8
0
100
AcDbLine
 10
-95.17466476203506
 20
0.69356093075781
 30
0.0
 11
-95.6726717811527
 21
3.605128057916692
 31
0.0
  0
LINE
  5
4CC
330
1F
100
AcDbEntity
  8
0
100
AcDbLine
 10
-86.1607843539606
 20
-10.15248482536223
 30
0.0
 11
-86.52331446171661
 21
-9.084624751006118
 31
0.0
  0
LINE
  5
4CD
330
1F
100
AcDbEntity
  8
0
100
AcDbLine
 10
-86.52331446171661
 20
-9.084624751006118
 30
0.0
 11
-87.5533982033848
 21
-8.50399131546931
 31
0.0
  0
LINE
  5
4CE
330
1F
100
AcDbEntity
  8
0
100
AcDbLine
 10
-87.5533982033848
 20
-8.50399131546931
 30
0.0
 11
-88.49792268612279
 21
-7.812291443796114
 31
0.0
  0
LINE
  5
4CF
330
1F
100
AcDbEntity
  8
0
100
AcDbLine
 10
-88.49792268612279
 20
-7.812291443796114
 30
0.0
 11
-89.44976276025078
 21
-7.113468726826526
 31
0.0
  0
LINE
  5
4D0
330
1F
100
AcDbEntity
  8
0
100
AcDbLine
 10
-89.44976276025078
 20
-7.113468726826526
 30
0.0
 11
-90.36595461032609
 21
-6.371865793337634
 31
0.0
  0
LINE
  5
4D1
330
1F
100
AcDbEntity
  8
0
100
AcDbLine
 10
-90.36595461032609
 20
-6.371865793337634
 30
0.0
 11
-91.09862189159462
 21
-5.46282499949706
 31
0.0
  0
LINE
  5
4D2
330
1F
100
AcDbEntity
  8
0
100
AcDbLine
 10
-91.09862189159462
 20
-5.46282499949706
 30
0.0
 11
-91.67786575647632
 21
-4.419333235839193
 31
0.0
  0
LINE
  5
4D3
330
1F
100
AcDbEntity
  8
0
100
AcDbLine
 10
-91.67786575647632
 20
-4.419333235839193
 30
0.0
 11
-92.21746364758464
 21
-3.348784588349223
 31
0.0
  0
LINE
  5
4D4
330
1F
100
AcDbEntity
  8
0
100
AcDbLine
 10
-92.21746364758464
 20
-3.348784588349223
 30
0.0
 11
-92.73231129937437
 21
-2.280439755470685
 31
0.0
  0
LINE
  5
4D5
330
1F
100
AcDbEntity
  8
0
100
AcDbLine
 10
-92.73231129937437
 20
-2.280439755470685
 30
0.0
 11
-93.15804180076037
 21
-1.180882788641501
 31
0.0
  0
LINE
  5
4D6
330
1F
100
AcDbEntity
  8
0
100
AcDbLine
 10
-93.15804180076037
 20
-1.180882788641501
 30
0.0
 11
-93.47914274078042
 21
-0.0375916142462941
 31
0.0
  0
LINE
  5
4D7
330
1F
100
AcDbEntity
  8
0
100
AcDbLine
 10
-93.47914274078042
 20
-0.0375916142462941
 30
0.0
 11
-93.83079970462985
 21
1.095228437746211
 31
0.0
  0
LINE
  5
4D8
330
1F
100
AcDbEntity
  8
0
100
AcDbLine
 10
-93.83079970462985
 20
1.095228437746211
 30
0.0
 11
-94.43349857033154
 21
2.103770993612839
 31
0.0
  0
LINE
  5
4D9
330
1F
100
AcDbEntity
  8
0
100
AcDbLine
 10
-94.43349857033154
 20
2.103770993612839
 30
0.0
 11
-95.5258672619734
 21
2.55785959106625
 31
0.0
  0
LINE
  5
4DA
330
1F
100
AcDbEntity
  8
0
100
AcDbLine
 10
-58.898162913436
 20
-7.933336202675725
 30
0.0
 11
-62.41865701384527
 21
-8.061376058515583
 31
0.0
  0
LINE
  5
4DB
330
1F
100
AcDbEntity
  8
0
100
AcDbLine
 10
-62.41865701384527
 20
-8.061376058515583
 30
0.0
 11
-65.943791241688
 21
-8.03538997178981
 31
0.0
  0
LINE
  5
4DC
330
1F
100
AcDbEntity
  8
0
100
AcDbLine
 10
-65.943791241688
 20
-8.03538997178981
 30
0.0
 11
-69.46720119661686
 21
-7.929513849253118
 31
0.0
  0
LINE
  5
4DD
330
1F
100
AcDbEntity
  8
0
100
AcDbLine
 10
-69.46720119661686
 20
-7.929513849253118
 30
0.0
 11
-72.9870048989516
 21
-7.774729663807498
 31
0.0
  0
LINE
  5
4DE
330
1F
100
AcDbEntity
  8
0
100
AcDbLine
 10
-72.9870048989516
 20
-7.774729663807498
 30
0.0
 11
-76.50425950886238
 21
-7.573723183177064
 31
0.0
  0
LINE
  5
4DF
330
1F
100
AcDbEntity
  8
0
100
AcDbLine
 10
-76.50425950886238
 20
-7.573723183177064
 30
0.0
 11
-80.01936088429876
 21
-7.32568472536528
 31
0.0
  0
LINE
  5
4E0
330
1F
100
AcDbEntity
  8
0
100
AcDbLine
 10
-80.01936088429876
 20
-7.32568472536528
 30
0.0
 11
-83.52994258859978
 21
-7.018161618937414
 31
0.0
  0
LINE
  5
4E1
330
1F
100
AcDbEntity
  8
0
100
AcDbLine
 10
-83.52994258859978
 20
-7.018161618937414
 30
0.0
 11
-87.03303882271659
 21
-6.636440829281805
 31
0.0
  0
LINE
  5
4E2
330
1F
100
AcDbEntity
  8
0
100
AcDbLine
 10
-87.03303882271659
 20
-6.636440829281805
 30
0.0
 11
-90.53063947184111
 21
-6.205524827602094
 31
0.0
  0
LINE
  5
4E3
330
1F
100
AcDbEntity
  8
0
100
AcDbLine
 10
-80.72858150393361
 20
-11.98549145283742
 30
0.0
 11
-77.2435838973859
 21
-12.32107732244596
 31
0.0
  0
LINE
  5
4E4
330
1F
100
AcDbEntity
  8
0
100
AcDbLine
 10
-77.2435838973859
 20
-12.32107732244596
 30
0.0
 11
-73.73902159571266
 21
-12.42912830532416
 31
0.0
  0
LINE
  5
4E5
330
1F
100
AcDbEntity
  8
0
100
AcDbLine
 10
-73.73902159571266
 20
-12.42912830532416
 30
0.0
 11
-70.24109657260682
 21
-12.49484717557128
 31
0.0
  0
LINE
  5
4E6
330
1F
100
AcDbEntity
  8
0
100
AcDbLine
 10
-70.24109657260682
 20
-12.49484717557128
 30
0.0
 11
-66.74406644782556
 21
-12.52840320739788
 31
0.0
  0
LINE
  5
4E7
330
1F
100
AcDbEntity
  8
0
100
AcDbLine
 10
-66.74406644782556
 20
-12.52840320739788
 30
0.0
 11
-63.24424958645683
 21
-12.54264778576568
 31
0.0
  0
LINE
  5
4E8
330
1F
100
AcDbEntity
  8
0
100
AcDbLine
 10
-63.24424958645683
 20
-12.54264778576568
 30
0.0
 11
-59.74283046439349
 21
-12.55676568236286
 31
0.0
  0
LINE
  5
4E9
330
1F
100
AcDbEntity
  8
0
100
AcDbLine
 10
-59.74283046439349
 20
-12.55676568236286
 30
0.0
 11
-56.24166375012556
 21
-12.59033683123521
 31
0.0
  0
LINE
  5
4EA
330
1F
100
AcDbEntity
  8
0
100
AcDbLine
 10
-56.24166375012556
 20
-12.59033683123521
 30
0.0
 11
-52.74141498370201
 21
-12.64361998087419
 31
0.0
  0
LINE
  5
4EB
330
1F
100
AcDbEntity
  8
0
100
AcDbLine
 10
-52.74141498370201
 20
-12.64361998087419
 30
0.0
 11
-49.24123430304319
 21
-12.69225133754976
 31
0.0
  0
LINE
  5
4EC
330
1F
100
AcDbEntity
  8
0
100
AcDbLine
 10
-67.29734218119798
 20
-12.46388586181226
 30
0.0
 11
-65.35840287764626
 21
-11.49696431741817
 31
0.0
  0
LINE
  5
4ED
330
1F
100
AcDbEntity
  8
0
100
AcDbLine
 10
-65.35840287764626
 20
-11.49696431741817
 30
0.0
 11
-63.23976241538291
 21
-11.20818323432583
 31
0.0
  0
LINE
  5
4EE
330
1F
100
AcDbEntity
  8
0
100
AcDbLine
 10
-63.23976241538291
 20
-11.20818323432583
 30
0.0
 11
-61.05241010741332
 21
-11.19997572567391
 31
0.0
  0
LINE
  5
4EF
330
1F
100
AcDbEntity
  8
0
100
AcDbLine
 10
-61.05241010741332
 20
-11.19997572567391
 30
0.0
 11
-58.886457598352
 21
-11.25994371558807
 31
0.0
  0
LINE
  5
4F0
330
1F
100
AcDbEntity
  8
0
100
AcDbLine
 10
-58.886457598352
 20
-11.25994371558807
 30
0.0
 11
-56.72687132415634
 21
-11.32830603253924
 31
0.0
  0
LINE
  5
4F1
330
1F
100
AcDbEntity
  8
0
100
AcDbLine
 10
-56.72687132415634
 20
-11.32830603253924
 30
0.0
 11
-54.56116992730406
 21
-11.37824845245646
 31
0.0
  0
LINE
  5
4F2
330
1F
100
AcDbEntity
  8
0
100
AcDbLine
 10
-54.56116992730406
 20
-11.37824845245646
 30
0.0
 11
-52.39201972089419
 21
-11.41208415232879
 31
0.0
  0
LINE
  5
4F3
330
1F
100
AcDbEntity
  8
0
100
AcDbLine
 10
-52.39201972089419
 20
-11.41208415232879
 30
0.0
 11
-50.22318904182818
 21
-11.43424538668256
 31
0.0
  0
LINE
  5
4F4
330
1F
100
AcDbEntity
  8
0
100
AcDbLine
 10
8.985747362617879
 20
-7.767621751270175
 30
0.0
 11
5.649256470140247
 21
-6.22101789711734
 31
0.0
  0
LINE
  5
4F5
330
1F
100
AcDbEntity
  8
0
100
AcDbLine
 10
5.649256470140247
 20
-6.22101789711734
 30
0.0
 11
2.139095779717437
 21
-4.962651379648849
 31
0.0
  0
LINE
  5
4F6
330
1F
100
AcDbEntity
  8
0
100
AcDbLine
 10
2.139095779717437
 20
-4.962651379648849
 30
0.0
 11
-1.429603861272811
 21
-4.069530161186949
 31
0.0
  0
LINE
  5
4F7
330
1F
100
AcDbEntity
  8
0
100
AcDbLine
 10
-1.429603861272811
 20
-4.069530161186949
 30
0.0
 11
-5.07855201556183
 21
-3.460978591240241
 31
0.0
  0
LINE
  5
4F8
330
1F
100
AcDbEntity
  8
0
100
AcDbLine
 10
-5.07855201556183
 20
-3.460978591240241
 30
0.0
 11
-8.759217293138983
 21
-3.090329842101516
 31
0.0
  0
LINE
  5
4F9
330
1F
100
AcDbEntity
  8
0
100
AcDbLine
 10
-8.759217293138983
 20
-3.090329842101516
 30
0.0
 11
-12.45364032335597
 21
-2.942899393677559
 31
0.0
  0
LINE
  5
4FA
330
1F
100
AcDbEntity
  8
0
100
AcDbLine
 10
-12.45364032335597
 20
-2.942899393677559
 30
0.0
 11
-16.1521458247491
 21
-2.942360297041905
 31
0.0
  0
LINE
  5
4FB
330
1F
100
AcDbEntity
  8
0
100
AcDbLine
 10
-16.1521458247491
 20
-2.942360297041905
 30
0.0
 11
-19.85185830956182
 21
-2.975177217205743
 31
0.0
  0
LINE
  5
4FC
330
1F
100
AcDbEntity
  8
0
100
AcDbLine
 10
-19.85185830956182
 20
-2.975177217205743
 30
0.0
 11
-23.55059321988519
 21
-2.970192914542164
 31
0.0
  0
LINE
  5
4FD
330
1F
100
AcDbEntity
  8
0
100
AcDbLine
 10
-23.55059321988519
 20
-2.970192914542164
 30
0.0
 11
-27.2479482777835
 21
-2.983930406653156
 31
0.0
  0
LINE
  5
4FE
330
1F
100
AcDbEntity
  8
0
100
AcDbLine
 10
-27.2479482777835
 20
-2.983930406653156
 30
0.0
 11
-30.94440595285078
 21
-3.100170537089449
 31
0.0
  0
LINE
  5
4FF
330
1F
100
AcDbEntity
  8
0
100
AcDbLine
 10
-30.94440595285078
 20
-3.100170537089449
 30
0.0
 11
-34.63422973303476
 21
-3.41662004829474
 31
0.0
  0
LINE
  5
500
330
1F
100
AcDbEntity
  8
0
100
AcDbLine
 10
-34.63422973303476
 20
-3.41662004829474
 30
0.0
 11
-38.27896600002712
 21
-4.038499350679397
 31
0.0
  0
LINE
  5
501
330
1F
100
AcDbEntity
  8
0
100
AcDbLine
 10
-38.27896600002712
 20
-4.038499350679397
 30
0.0
 11
-41.86011668328659
 21
-4.972297669510818
 31
0.0
  0
LINE
  5
502
330
1F
100
AcDbEntity
  8
0
100
AcDbLine
 10
-41.86011668328659
 20
-4.972297669510818
 30
0.0
 11
-45.41674525616224
 21
-6.0220945468786
 31
0.0
  0
LINE
  5
503
330
1F
100
AcDbEntity
  8
0
100
AcDbLine
 10
-45.41674525616224
 20
-6.0220945468786
 30
0.0
 11
-48.9837472182142
 21
-7.021411631621706
 31
0.0
  0
LINE
  5
504
330
1F
100
AcDbEntity
  8
0
100
AcDbLine
 10
-48.9837472182142
 20
-7.021411631621706
 30
0.0
 11
-52.56187176816605
 21
-7.969290534503813
 31
0.0
  0
LINE
  5
505
330
1F
100
AcDbEntity
  8
0
100
AcDbLine
 10
-52.56187176816605
 20
-7.969290534503813
 30
0.0
 11
-56.14532939126806
 21
-8.896468469297558
 31
0.0
  0
LINE
  5
506
330
1F
100
AcDbEntity
  8
0
100
AcDbLine
 10
-46.77580559044287
 20
-12.67062284762159
 30
0.0
 11
-47.59338440586699
 21
-13.07820097483897
 31
0.0
  0
LINE
  5
507
330
1F
100
AcDbEntity
  8
0
100
AcDbLine
 10
-47.59338440586699
 20
-13.07820097483897
 30
0.0
 11
-48.53830842222126
 21
-13.03819384956678
 31
0.0
  0
LINE
  5
508
330
1F
100
AcDbEntity
  8
0
100
AcDbLine
 10
-48.53830842222126
 20
-13.03819384956678
 30
0.0
 11
-49.35030942690506
 21
-12.59957438484171
 31
0.0
  0
LINE
  5
509
330
1F
100
AcDbEntity
  8
0
100
AcDbLine
 10
-49.35030942690506
 20
-12.59957438484171
 30
0.0
 11
-49.90559753457381
 21
-11.8899716718702
 31
0.0
  0
LINE
  5
50A
330
1F
100
AcDbEntity
  8
0
100
AcDbLine
 10
-49.90559753457381
 20
-11.8899716718702
 30
0.0
 11
-50.49978740279359
 21
-11.09510399625395
 31
0.0
  0
LINE
  5
50B
330
1F
100
AcDbEntity
  8
0
100
AcDbLine
 10
-50.49978740279359
 20
-11.09510399625395
 30
0.0
 11
-51.02005594649086
 21
-10.30044421497966
 31
0.0
  0
LINE
  5
50C
330
1F
100
AcDbEntity
  8
0
100
AcDbLine
 10
-51.02005594649086
 20
-10.30044421497966
 30
0.0
 11
-50.83099340805603
 21
-9.48479532761933
 31
0.0
  0
LINE
  5
50D
330
1F
100
AcDbEntity
  8
0
100
AcDbLine
 10
-50.83099340805603
 20
-9.48479532761933
 30
0.0
 11
-49.97162648460775
 21
-8.968418399158821
 31
0.0
  0
LINE
  5
50E
330
1F
100
AcDbEntity
  8
0
100
AcDbLine
 10
-49.97162648460775
 20
-8.968418399158821
 30
0.0
 11
-49.08372653265181
 21
-9.171071964697166
 31
0.0
  0
LINE
  5
50F
330
1F
100
AcDbEntity
  8
0
100
AcDbLine
 10
-40.74711249133566
 20
-3.287477069632087
 30
0.0
 11
-37.14199824047239
 21
-2.559620679472049
 31
0.0
  0
LINE
  5
510
330
1F
100
AcDbEntity
  8
0
100
AcDbLine
 10
-37.14199824047239
 20
-2.559620679472049
 30
0.0
 11
-33.50850718279783
 21
-2.025485268346676
 31
0.0
  0
LINE
  5
511
330
1F
100
AcDbEntity
  8
0
100
AcDbLine
 10
-33.50850718279783
 20
-2.025485268346676
 30
0.0
 11
-29.83873966072525
 21
-1.803305019077168
 31
0.0
  0
LINE
  5
512
330
1F
100
AcDbEntity
  8
0
100
AcDbLine
 10
-29.83873966072525
 20
-1.803305019077168
 30
0.0
 11
-26.16747880310265
 21
-1.678937570916788
 31
0.0
  0
LINE
  5
513
330
1F
100
AcDbEntity
  8
0
100
AcDbLine
 10
-26.16747880310265
 20
-1.678937570916788
 30
0.0
 11
-22.49396658893988
 21
-1.618459382687879
 31
0.0
  0
LINE
  5
514
330
1F
100
AcDbEntity
  8
0
100
AcDbLine
 10
-22.49396658893988
 20
-1.618459382687879
 30
0.0
 11
-18.81925785435926
 21
-1.583530001190993
 31
0.0
  0
LINE
  5
515
330
1F
100
AcDbEntity
  8
0
100
AcDbLine
 10
-18.81925785435926
 20
-1.583530001190993
 30
0.0
 11
-15.14461649419357
 21
-1.535220719779703
 31
0.0
  0
LINE
  5
516
330
1F
100
AcDbEntity
  8
0
100
AcDbLine
 10
-15.14461649419357
 20
-1.535220719779703
 30
0.0
 11
-11.47063454896056
 21
-1.466757513881426
 31
0.0
  0
LINE
  5
517
330
1F
100
AcDbEntity
  8
0
100
AcDbLine
 10
-11.47063454896056
 20
-1.466757513881426
 30
0.0
 11
-7.796579118555777
 21
-1.43477749396441
 31
0.0
  0
LINE
  5
518
330
1F
100
AcDbEntity
  8
0
100
AcDbLine
 10
-7.796579118555777
 20
-1.43477749396441
 30
0.0
 11
-4.121674877087696
 21
-1.503146508114412
 31
0.0
  0
LINE
  5
519
330
1F
100
AcDbEntity
  8
0
100
AcDbLine
 10
-4.121674877087696
 20
-1.503146508114412
 30
0.0
 11
-0.4514851591043639
 21
-1.724877332251535
 31
0.0
  0
LINE
  5
51A
330
1F
100
AcDbEntity
  8
0
100
AcDbLine
 10
-0.4514851591043639
 20
-1.724877332251535
 30
0.0
 11
3.198926434793122
 21
-2.136216208509371
 31
0.0
  0
LINE
  5
51B
330
1F
100
AcDbEntity
  8
0
100
AcDbLine
 10
3.198926434793122
 20
-2.136216208509371
 30
0.0
 11
6.824273773388946
 21
-2.731684021402092
 31
0.0
  0
LINE
  5
51C
330
1F
100
AcDbEntity
  8
0
100
AcDbLine
 10
6.824273773388946
 20
-2.731684021402092
 30
0.0
 11
10.43961226562329
 21
-3.428044742717889
 31
0.0
  0
LINE
  5
51D
330
1F
100
AcDbEntity
  8
0
100
AcDbLine
 10
10.43961226562329
 20
-3.428044742717889
 30
0.0
 11
14.0618720711725
 21
-4.093784652878306
 31
0.0
  0
LINE
  5
51E
330
1F
100
AcDbEntity
  8
0
100
AcDbLine
 10
14.0618720711725
 20
-4.093784652878306
 30
0.0
 11
17.70689103749656
 21
-4.502463679192059
 31
0.0
  0
LINE
  5
51F
330
1F
100
AcDbEntity
  8
0
100
AcDbLine
 10
17.70689103749656
 20
-4.502463679192059
 30
0.0
 11
21.37962899043404
 21
-4.562894345292133
 31
0.0
  0
LINE
  5
520
330
1F
100
AcDbEntity
  8
0
100
AcDbLine
 10
21.37962899043404
 20
-4.562894345292133
 30
0.0
 11
25.06010260160419
 21
-4.529784906952939
 31
0.0
  0
LINE
  5
521
330
1F
100
AcDbEntity
  8
0
100
AcDbLine
 10
25.06010260160419
 20
-4.529784906952939
 30
0.0
 11
28.73501226664135
 21
-4.505571975626867
 31
0.0
  0
LINE
  5
522
330
1F
100
AcDbEntity
  8
0
100
AcDbLine
 10
28.73501226664135
 20
-4.505571975626867
 30
0.0
 11
32.40422738412957
 21
-4.350026923611026
 31
0.0
  0
LINE
  5
523
330
1F
100
AcDbEntity
  8
0
100
AcDbLine
 10
17.56268584966022
 20
-13.22042840512487
 30
0.0
 11
19.65887219761816
 21
-12.53949612805705
 31
0.0
  0
LINE
  5
524
330
1F
100
AcDbEntity
  8
0
100
AcDbLine
 10
19.65887219761816
 20
-12.53949612805705
 30
0.0
 11
21.8009928531897
 21
-12.05321106898797
 31
0.0
  0
LINE
  5
525
330
1F
100
AcDbEntity
  8
0
100
AcDbLine
 10
21.8009928531897
 20
-12.05321106898797
 30
0.0
 11
23.9660886074988
 21
-11.68144884375907
 31
0.0
  0
LINE
  5
526
330
1F
100
AcDbEntity
  8
0
100
AcDbLine
 10
23.9660886074988
 20
-11.68144884375907
 30
0.0
 11
26.14484456810301
 21
-11.37081800695406
 31
0.0
  0
LINE
  5
527
330
1F
100
AcDbEntity
  8
0
100
AcDbLine
 10
26.14484456810301
 20
-11.37081800695406
 30
0.0
 11
28.31404371484005
 21
-11.0314506709381
 31
0.0
  0
LINE
  5
528
330
1F
100
AcDbEntity
  8
0
100
AcDbLine
 10
28.31404371484005
 20
-11.0314506709381
 30
0.0
 11
30.486092622533
 21
-10.60992099493095
 31
0.0
  0
LINE
  5
529
330
1F
100
AcDbEntity
  8
0
100
AcDbLine
 10
30.486092622533
 20
-10.60992099493095
 30
0.0
 11
32.51512341534784
 21
-9.7817859416819
 31
0.0
  0
LINE
  5
52A
330
1F
100
AcDbEntity
  8
0
100
AcDbLine
 10
32.51512341534784
 20
-9.7817859416819
 30
0.0
 11
34.18124482643569
 21
-8.315479777320803
 31
0.0
  0
LINE
  5
52B
330
1F
100
AcDbEntity
  8
0
100
AcDbLine
 10
34.18124482643569
 20
-8.315479777320803
 30
0.0
 11
35.3941650804924
 21
-6.454371914000776
 31
0.0
  0
LINE
  5
52C
330
1F
100
AcDbEntity
  8
0
100
AcDbLine
 10
35.3941650804924
 20
-6.454371914000776
 30
0.0
 11
36.21812157556325
 21
-4.378337937022799
 31
0.0
  0
LINE
  5
52D
330
1F
100
AcDbEntity
  8
0
100
AcDbLine
 10
36.21812157556325
 20
-4.378337937022799
 30
0.0
 11
36.85568126890239
 21
-2.238395144241565
 31
0.0
  0
LINE
  5
52E
330
1F
100
AcDbEntity
  8
0
100
AcDbLine
 10
36.85568126890239
 20
-2.238395144241565
 30
0.0
 11
37.36064988464754
 21
-0.0604827028225501
 31
0.0
  0
LINE
  5
52F
330
1F
100
AcDbEntity
  8
0
100
AcDbLine
 10
37.36064988464754
 20
-0.0604827028225501
 30
0.0
 11
37.72656783684623
 21
2.145699971520202
 31
0.0
  0
LINE
  5
530
330
1F
100
AcDbEntity
  8
0
100
AcDbLine
 10
37.72656783684623
 20
2.145699971520202
 30
0.0
 11
37.91319256260515
 21
4.372766810691594
 31
0.0
  0
LINE
  5
531
330
1F
100
AcDbEntity
  8
0
100
AcDbLine
 10
11.75294690897432
 20
-9.278869600153726
 30
0.0
 11
14.46427455886332
 21
-9.13323194729351
 31
0.0
  0
LINE
  5
532
330
1F
100
AcDbEntity
  8
0
100
AcDbLine
 10
14.46427455886332
 20
-9.13323194729351
 30
0.0
 11
17.17134985852456
 21
-8.918869931063426
 31
0.0
  0
LINE
  5
533
330
1F
100
AcDbEntity
  8
0
100
AcDbLine
 10
17.17134985852456
 20
-8.918869931063426
 30
0.0
 11
19.87187427260114
 21
-8.69161388597246
 31
0.0
  0
LINE
  5
534
330
1F
100
AcDbEntity
  8
0
100
AcDbLine
 10
19.87187427260114
 20
-8.69161388597246
 30
0.0
 11
22.5738320094984
 21
-8.431896225933846
 31
0.0
  0
LINE
  5
535
330
1F
100
AcDbEntity
  8
0
100
AcDbLine
 10
22.5738320094984
 20
-8.431896225933846
 30
0.0
 11
25.27888089053315
 21
-8.025671915876908
 31
0.0
  0
LINE
  5
536
330
1F
100
AcDbEntity
  8
0
100
AcDbLine
 10
25.27888089053315
 20
-8.025671915876908
 30
0.0
 11
27.86280543875802
 21
-7.323841581224686
 31
0.0
  0
LINE
  5
537
330
1F
100
AcDbEntity
  8
0
100
AcDbLine
 10
27.86280543875802
 20
-7.323841581224686
 30
0.0
 11
30.4894419971709
 21
-6.247247903243274
 31
0.0
  0
LINE
  5
538
330
1F
100
AcDbEntity
  8
0
100
AcDbLine
 10
30.4894419971709
 20
-6.247247903243274
 30
0.0
 11
32.40422738412957
 21
-4.350026923611026
 31
0.0
  0
LINE
  5
539
330
1F
100
AcDbEntity
  8
0
100
AcDbLine
 10
15.3661356926911
 20
-13.11399203092817
 30
0.0
 11
16.97236173578539
 21
-12.15503974419621
 31
0.0
  0
LINE
  5
53A
330
1F
100
AcDbEntity
  8
0
100
AcDbLine
 10
16.97236173578539
 20
-12.15503974419621
 30
0.0
 11
18.824825253328
 21
-11.75264719305627
 31
0.0
  0
LINE
  5
53B
330
1F
100
AcDbEntity
  8
0
100
AcDbLine
 10
18.824825253328
 20
-11.75264719305627
 30
0.0
 11
20.69917168355189
 21
-11.42640284656446
 31
0.0
  0
LINE
  5
53C
330
1F
100
AcDbEntity
  8
0
100
AcDbLine
 10
20.69917168355189
 20
-11.42640284656446
 30
0.0
 11
22.56213941290869
 21
-11.07349272792279
 31
0.0
  0
LINE
  5
53D
330
1F
100
AcDbEntity
  8
0
100
AcDbLine
 10
22.56213941290869
 20
-11.07349272792279
 30
0.0
 11
24.42910350563051
 21
-10.76154727949657
 31
0.0
  0
LINE
  5
53E
330
1F
100
AcDbEntity
  8
0
100
AcDbLine
 10
24.42910350563051
 20
-10.76154727949657
 30
0.0
 11
26.30882534024459
 21
-10.50623322438676
 31
0.0
  0
LINE
  5
53F
330
1F
100
AcDbEntity
  8
0
100
AcDbLine
 10
26.30882534024459
 20
-10.50623322438676
 30
0.0
 11
28.19550958418703
 21
-10.25181701707894
 31
0.0
  0
LINE
  5
540
330
1F
100
AcDbEntity
  8
0
100
AcDbLine
 10
28.19550958418703
 20
-10.25181701707894
 30
0.0
 11
29.9998976944351
 21
-9.672976216132444
 31
0.0
  0
LINE
  5
541
330
1F
100
AcDbEntity
  8
0
100
AcDbLine
 10
29.9998976944351
 20
-9.672976216132444
 30
0.0
 11
31.52202897181905
 21
-8.52796990328991
 31
0.0
  0
LINE
  5
542
330
1F
100
AcDbEntity
  8
0
100
AcDbLine
 10
31.52202897181905
 20
-8.52796990328991
 30
0.0
 11
32.67920172899198
 21
-6.994302309083562
 31
0.0
  0
LINE
  5
543
330
1F
100
AcDbEntity
  8
0
100
AcDbLine
 10
32.67920172899198
 20
-6.994302309083562
 30
0.0
 11
33.58007825470698
 21
-5.299351516175289
 31
0.0
  0
LINE
  5
544
330
1F
100
AcDbEntity
  8
0
100
AcDbLine
 10
33.58007825470698
 20
-5.299351516175289
 30
0.0
 11
34.25253938955597
 21
-3.496187303864299
 31
0.0
  0
LINE
  5
545
330
1F
100
AcDbEntity
  8
0
100
AcDbLine
 10
34.25253938955597
 20
-3.496187303864299
 30
0.0
 11
34.81460139901836
 21
-1.652592581638132
 31
0.0
  0
LINE
  5
546
330
1F
100
AcDbEntity
  8
0
100
AcDbLine
 10
34.81460139901836
 20
-1.652592581638132
 30
0.0
 11
35.24329248046467
 21
0.2241083184255981
 31
0.0
  0
LINE
  5
547
330
1F
100
AcDbEntity
  8
0
100
AcDbLine
 10
35.24329248046467
 20
0.2241083184255981
 30
0.0
 11
35.53085768647009
 21
2.131101062779293
 31
0.0
  0
LINE
  5
548
330
1F
100
AcDbEntity
  8
0
100
AcDbLine
 10
3.037903522951011
 20
6.46399545700909
 30
0.0
 11
3.034008917871731
 21
6.615496634982474
 31
0.0
  0
LINE
  5
549
330
1F
100
AcDbEntity
  8
0
100
AcDbLine
 10
3.034008917871731
 20
6.615496634982474
 30
0.0
 11
3.030049577540356
 21
6.767005900462004
 31
0.0
  0
LINE
  5
54A
330
1F
100
AcDbEntity
  8
0
100
AcDbLine
 10
3.030049577540356
 20
6.767005900462004
 30
0.0
 11
3.026037417191122
 21
6.918524483894698
 31
0.0
  0
LINE
  5
54B
330
1F
100
AcDbEntity
  8
0
100
AcDbLine
 10
3.026037417191122
 20
6.918524483894698
 30
0.0
 11
3.021979341775844
 21
7.070052958914508
 31
0.0
  0
LINE
  5
54C
330
1F
100
AcDbEntity
  8
0
100
AcDbLine
 10
3.021979341775844
 20
7.070052958914508
 30
0.0
 11
3.017876604080798
 21
7.221591158300525
 31
0.0
  0
LINE
  5
54D
330
1F
100
AcDbEntity
  8
0
100
AcDbLine
 10
3.017876604080798
 20
7.221591158300525
 30
0.0
 11
3.01373015435571
 21
7.373138875141569
 31
0.0
  0
LINE
  5
54E
330
1F
100
AcDbEntity
  8
0
100
AcDbLine
 10
3.01373015435571
 20
7.373138875141569
 30
0.0
 11
3.009540942836392
 21
7.524695902526464
 31
0.0
  0
LINE
  5
54F
330
1F
100
AcDbEntity
  8
0
100
AcDbLine
 10
3.009540942836392
 20
7.524695902526464
 30
0.0
 11
3.005309919807353
 21
7.676262033571859
 31
0.0
  0
LINE
  5
550
330
1F
100
AcDbEntity
  8
0
100
AcDbLine
 10
3.005309919807353
 20
7.676262033571859
 30
0.0
 11
3.001038035553106
 21
7.82783706138049
 31
0.0
  0
LINE
  5
551
330
1F
100
AcDbEntity
  8
0
100
AcDbLine
 10
3.001038035553106
 20
7.82783706138049
 30
0.0
 11
2.996726240288592
 21
7.97942077901335
 31
0.0
  0
LINE
  5
552
330
1F
100
AcDbEntity
  8
0
100
AcDbLine
 10
2.996726240288592
 20
7.97942077901335
 30
0.0
 11
2.992375484312235
 21
8.131012979614919
 31
0.0
  0
LINE
  5
553
330
1F
100
AcDbEntity
  8
0
100
AcDbLine
 10
2.992375484312235
 20
8.131012979614919
 30
0.0
 11
2.987986717838976
 21
8.282613456232276
 31
0.0
  0
LINE
  5
554
330
1F
100
AcDbEntity
  8
0
100
AcDbLine
 10
2.987986717838976
 20
8.282613456232276
 30
0.0
 11
2.983560891181156
 21
8.434222002016858
 31
0.0
  0
LINE
  5
555
330
1F
100
AcDbEntity
  8
0
100
AcDbLine
 10
2.983560891181156
 20
8.434222002016858
 30
0.0
 11
2.979098954581541
 21
8.585838410043566
 31
0.0
  0
LINE
  5
556
330
1F
100
AcDbEntity
  8
0
100
AcDbLine
 10
2.979098954581541
 20
8.585838410043566
 30
0.0
 11
2.974601858296817
 21
8.737462473415144
 31
0.0
  0
LINE
  5
557
330
1F
100
AcDbEntity
  8
0
100
AcDbLine
 10
2.974601858296817
 20
8.737462473415144
 30
0.0
 11
2.970070552597579
 21
8.88909398522041
 31
0.0
  0
LINE
  5
558
330
1F
100
AcDbEntity
  8
0
100
AcDbLine
 10
2.970070552597579
 20
8.88909398522041
 30
0.0
 11
2.965505987747468
 21
9.040732738589929
 31
0.0
  0
LINE
  5
559
330
1F
100
AcDbEntity
  8
0
100
AcDbLine
 10
2.965505987747468
 20
9.040732738589929
 30
0.0
 11
2.960909113989252
 21
9.192378526577736
 31
0.0
  0
LINE
  5
55A
330
1F
100
AcDbEntity
  8
0
100
AcDbLine
 10
2.960909113989252
 20
9.192378526577736
 30
0.0
 11
2.956280881607443
 21
9.344031142314398
 31
0.0
  0
LINE
  5
55B
330
1F
100
AcDbEntity
  8
0
100
AcDbLine
 10
2.956280881607443
 20
9.344031142314398
 30
0.0
 11
2.951622240837852
 21
9.495690378881779
 31
0.0
  0
LINE
  5
55C
330
1F
100
AcDbEntity
  8
0
100
AcDbLine
 10
2.951622240837852
 20
9.495690378881779
 30
0.0
 11
2.946934141971949
 21
9.647356029382612
 31
0.0
  0
LINE
  5
55D
330
1F
100
AcDbEntity
  8
0
100
AcDbLine
 10
2.946934141971949
 20
9.647356029382612
 30
0.0
 11
2.9422175352525
 21
9.799027886919639
 31
0.0
  0
LINE
  5
55E
330
1F
100
AcDbEntity
  8
0
100
AcDbLine
 10
2.9422175352525
 20
9.799027886919639
 30
0.0
 11
2.937473370943148
 21
9.95070574459559
 31
0.0
  0
LINE
  5
55F
330
1F
100
AcDbEntity
  8
0
100
AcDbLine
 10
2.937473370943148
 20
9.95070574459559
 30
0.0
 11
2.932702599300574
 21
10.10238939548537
 31
0.0
  0
LINE
  5
560
330
1F
100
AcDbEntity
  8
0
100
AcDbLine
 10
2.932702599300574
 20
10.10238939548537
 30
0.0
 11
2.927906170602333
 21
10.25407863274043
 31
0.0
  0
LINE
  5
561
330
1F
100
AcDbEntity
  8
0
100
AcDbLine
 10
2.927906170602333
 20
10.25407863274043
 30
0.0
 11
2.923085035105108
 21
10.40577324940088
 31
0.0
  0
LINE
  5
562
330
1F
100
AcDbEntity
  8
0
100
AcDbLine
 10
2.923085035105108
 20
10.40577324940088
 30
0.0
 11
2.918240143058624
 21
10.55747303859033
 31
0.0
  0
LINE
  5
563
330
1F
100
AcDbEntity
  8
0
100
AcDbLine
 10
2.918240143058624
 20
10.55747303859033
 30
0.0
 11
2.913372444733479
 21
10.70917779342542
 31
0.0
  0
LINE
  5
564
330
1F
100
AcDbEntity
  8
0
100
AcDbLine
 10
2.913372444733479
 20
10.70917779342542
 30
0.0
 11
2.90848289040027
 21
10.86088730697412
 31
0.0
  0
LINE
  5
565
330
1F
100
AcDbEntity
  8
0
100
AcDbLine
 10
2.90848289040027
 20
10.86088730697412
 30
0.0
 11
2.903572430308722
 21
11.01260137236002
 31
0.0
  0
LINE
  5
566
330
1F
100
AcDbEntity
  8
0
100
AcDbLine
 10
2.903572430308722
 20
11.01260137236002
 30
0.0
 11
2.89864201471552
 21
11.16431978265804
 31
0.0
  0
LINE
  5
567
330
1F
100
AcDbEntity
  8
0
100
AcDbLine
 10
2.89864201471552
 20
11.16431978265804
 30
0.0
 11
2.893692593891259
 21
11.31604233098482
 31
0.0
  0
LINE
  5
568
330
1F
100
AcDbEntity
  8
0
100
AcDbLine
 10
2.893692593891259
 20
11.31604233098482
 30
0.0
 11
2.88872511809958
 21
11.46776881043615
 31
0.0
  0
LINE
  5
569
330
1F
100
AcDbEntity
  8
0
100
AcDbLine
 10
2.88872511809958
 20
11.46776881043615
 30
0.0
 11
2.883740537597165
 21
11.6194990141078
 31
0.0
  0
LINE
  5
56A
330
1F
100
AcDbEntity
  8
0
100
AcDbLine
 10
2.883740537597165
 20
11.6194990141078
 30
0.0
 11
2.878739802640699
 21
11.77123273509555
 31
0.0
  0
LINE
  5
56B
330
1F
100
AcDbEntity
  8
0
100
AcDbLine
 10
2.878739802640699
 20
11.77123273509555
 30
0.0
 11
2.873723863507734
 21
11.92296976650214
 31
0.0
  0
LINE
  5
56C
330
1F
100
AcDbEntity
  8
0
100
AcDbLine
 10
2.873723863507734
 20
11.92296976650214
 30
0.0
 11
2.86869367044104
 21
12.07470990142334
 31
0.0
  0
LINE
  5
56D
330
1F
100
AcDbEntity
  8
0
100
AcDbLine
 10
2.86869367044104
 20
12.07470990142334
 30
0.0
 11
2.863650173711215
 21
12.22645293296886
 31
0.0
  0
LINE
  5
56E
330
1F
100
AcDbEntity
  8
0
100
AcDbLine
 10
2.863650173711215
 20
12.22645293296886
 30
0.0
 11
2.858594323588853
 21
12.37819865422055
 31
0.0
  0
LINE
  5
56F
330
1F
100
AcDbEntity
  8
0
100
AcDbLine
 10
2.858594323588853
 20
12.37819865422055
 30
0.0
 11
2.853527070316726
 21
12.52994685828811
 31
0.0
  0
LINE
  5
570
330
1F
100
AcDbEntity
  8
0
100
AcDbLine
 10
2.853527070316726
 20
12.52994685828811
 30
0.0
 11
2.848449364179344
 21
12.68169733828123
 31
0.0
  0
LINE
  5
571
330
1F
100
AcDbEntity
  8
0
100
AcDbLine
 10
2.848449364179344
 20
12.68169733828123
 30
0.0
 11
2.843362155419475
 21
12.83344988727481
 31
0.0
  0
LINE
  5
572
330
1F
100
AcDbEntity
  8
0
100
AcDbLine
 10
2.843362155419475
 20
12.83344988727481
 30
0.0
 11
2.838266394293804
 21
12.98520429837856
 31
0.0
  0
LINE
  5
573
330
1F
100
AcDbEntity
  8
0
100
AcDbLine
 10
2.838266394293804
 20
12.98520429837856
 30
0.0
 11
2.83316303108684
 21
13.13696036468825
 31
0.0
  0
LINE
  5
574
330
1F
100
AcDbEntity
  8
0
100
AcDbLine
 10
2.83316303108684
 20
13.13696036468825
 30
0.0
 11
2.828053016055267
 21
13.28871787932053
 31
0.0
  0
LINE
  5
575
330
1F
100
AcDbEntity
  8
0
100
AcDbLine
 10
2.828053016055267
 20
13.28871787932053
 30
0.0
 11
2.822937299434897
 21
13.44047663534335
 31
0.0
  0
LINE
  5
576
330
1F
100
AcDbEntity
  8
0
100
AcDbLine
 10
2.822937299434897
 20
13.44047663534335
 30
0.0
 11
2.817816831524155
 21
13.59223642588727
 31
0.0
  0
LINE
  5
577
330
1F
100
AcDbEntity
  8
0
100
AcDbLine
 10
2.817816831524155
 20
13.59223642588727
 30
0.0
 11
2.812692562551896
 21
13.74399704402026
 31
0.0
  0
LINE
  5
578
330
1F
100
AcDbEntity
  8
0
100
AcDbLine
 10
2.812692562551896
 20
13.74399704402026
 30
0.0
 11
2.807565442802631
 21
13.8957582828659
 31
0.0
  0
LINE
  5
579
330
1F
100
AcDbEntity
  8
0
100
AcDbLine
 10
2.807565442802631
 20
13.8957582828659
 30
0.0
 11
2.802436422533043
 21
14.04751993551999
 31
0.0
  0
LINE
  5
57A
330
1F
100
AcDbEntity
  8
0
100
AcDbLine
 10
2.802436422533043
 20
14.04751993551999
 30
0.0
 11
2.797306451992859
 21
14.19928179506438
 31
0.0
  0
LINE
  5
57B
330
1F
100
AcDbEntity
  8
0
100
AcDbLine
 10
-58.97652678180953
 20
13.67954797678586
 30
0.0
 11
-58.99226916757178
 21
12.65481920228252
 31
0.0
  0
LINE
  5
57C
330
1F
100
AcDbEntity
  8
0
100
AcDbLine
 10
-58.99226916757178
 20
12.65481920228252
 30
0.0
 11
-59.00132059184547
 21
11.63397370897792
 31
0.0
  0
LINE
  5
57D
330
1F
100
AcDbEntity
  8
0
100
AcDbLine
 10
-59.00132059184547
 20
11.63397370897792
 30
0.0
 11
-58.96551354126688
 21
10.64625895830846
 31
0.0
  0
LINE
  5
57E
330
1F
100
AcDbEntity
  8
0
100
AcDbLine
 10
-58.96551354126688
 20
10.64625895830846
 30
0.0
 11
-58.90790769790269
 21
9.63606006291126
 31
0.0
  0
LINE
  5
57F
330
1F
100
AcDbEntity
  8
0
100
AcDbLine
 10
-58.90790769790269
 20
9.63606006291126
 30
0.0
 11
-58.74216225500678
 21
8.610610434011198
 31
0.0
  0
LINE
  5
580
330
1F
100
AcDbEntity
  8
0
100
AcDbLine
 10
-58.74216225500678
 20
8.610610434011198
 30
0.0
 11
-57.83074295754354
 21
8.632741516089
 31
0.0
  0
LINE
  5
581
330
1F
100
AcDbEntity
  8
0
100
AcDbLine
 10
-57.83074295754354
 20
8.632741516089
 30
0.0
 11
-57.57448402258901
 21
9.610322875493356
 31
0.0
  0
LINE
  5
582
330
1F
100
AcDbEntity
  8
0
100
AcDbLine
 10
-57.57448402258901
 20
9.610322875493356
 30
0.0
 11
-57.5268699284449
 21
10.630377560745
 31
0.0
  0
LINE
  5
583
330
1F
100
AcDbEntity
  8
0
100
AcDbLine
 10
-57.5268699284449
 20
10.630377560745
 30
0.0
 11
-57.48004660185644
 21
11.64505262149779
 31
0.0
  0
LINE
  5
584
330
1F
100
AcDbEntity
  8
0
100
AcDbLine
 10
-57.48004660185644
 20
11.64505262149779
 30
0.0
 11
-57.43595300082355
 21
12.657675131454
 31
0.0
  0
LINE
  5
585
330
1F
100
AcDbEntity
  8
0
100
AcDbLine
 10
-57.43595300082355
 20
12.657675131454
 30
0.0
 11
-57.39652808335298
 21
13.67157216427415
 31
0.0
  0
LINE
  5
586
330
1F
100
AcDbEntity
  8
0
100
AcDbLine
 10
-51.62863668850653
 20
-9.135193613045562
 30
0.0
 11
-54.22323713859355
 21
-9.11811216786211
 31
0.0
  0
LINE
  5
587
330
1F
100
AcDbEntity
  8
0
100
AcDbLine
 10
-54.22323713859355
 20
-9.11811216786211
 30
0.0
 11
-56.79432566353505
 21
-8.75727897308831
 31
0.0
  0
LINE
  5
588
330
1F
100
AcDbEntity
  8
0
100
AcDbLine
 10
-56.79432566353505
 20
-8.75727897308831
 30
0.0
 11
-59.26023309860631
 21
-7.944430400338845
 31
0.0
  0
LINE
  5
589
330
1F
100
AcDbEntity
  8
0
100
AcDbLine
 10
-59.26023309860631
 20
-7.944430400338845
 30
0.0
 11
-61.24392235504369
 21
-6.267930193731395
 31
0.0
  0
LINE
  5
58A
330
1F
100
AcDbEntity
  8
0
100
AcDbLine
 10
-61.24392235504369
 20
-6.267930193731395
 30
0.0
 11
-62.72714028334789
 21
-4.084208569486703
 31
0.0
  0
LINE
  5
58B
330
1F
100
AcDbEntity
  8
0
100
AcDbLine
 10
-62.72714028334789
 20
-4.084208569486703
 30
0.0
 11
-64.06489861239693
 21
-1.827309563561042
 31
0.0
  0
LINE
  5
58C
330
1F
100
AcDbEntity
  8
0
100
AcDbLine
 10
-64.06489861239693
 20
-1.827309563561042
 30
0.0
 11
-64.87050388898538
 21
0.6786337649150591
 31
0.0
  0
LINE
  5
58D
330
1F
100
AcDbEntity
  8
0
100
AcDbLine
 10
-64.87050388898538
 20
0.6786337649150591
 30
0.0
 11
-65.42647334042879
 21
3.265034302371812
 31
0.0
  0
LINE
  5
58E
330
1F
100
AcDbEntity
  8
0
100
AcDbLine
 10
-65.42647334042879
 20
3.265034302371812
 30
0.0
 11
-65.8910339140744
 21
5.858082593454371
 31
0.0
  0
LINE
  5
58F
330
1F
100
AcDbEntity
  8
0
100
AcDbLine
 10
-65.8910339140744
 20
5.858082593454371
 30
0.0
 11
-66.29575365329254
 21
8.463422695056877
 31
0.0
  0
LINE
  5
590
330
1F
100
AcDbEntity
  8
0
100
AcDbLine
 10
-66.29575365329254
 20
8.463422695056877
 30
0.0
 11
-66.63477193783847
 21
11.08476577080226
 31
0.0
  0
LINE
  5
591
330
1F
100
AcDbEntity
  8
0
100
AcDbLine
 10
-66.63477193783847
 20
11.08476577080226
 30
0.0
 11
-66.77461799974787
 21
13.71891263799369
 31
0.0
  0
LINE
  5
592
330
1F
100
AcDbEntity
  8
0
100
AcDbLine
 10
-58.898162913436
 20
-7.933336202675725
 30
0.0
 11
-60.85319453985911
 21
-5.313966558714611
 31
0.0
  0
LINE
  5
593
330
1F
100
AcDbEntity
  8
0
100
AcDbLine
 10
-60.85319453985911
 20
-5.313966558714611
 30
0.0
 11
-62.34379502292875
 21
-2.391939486447426
 31
0.0
  0
LINE
  5
594
330
1F
100
AcDbEntity
  8
0
100
AcDbLine
 10
-62.34379502292875
 20
-2.391939486447426
 30
0.0
 11
-63.43717444874515
 21
0.7068515791483365
 31
0.0
  0
LINE
  5
595
330
1F
100
AcDbEntity
  8
0
100
AcDbLine
 10
-63.43717444874515
 20
0.7068515791483365
 30
0.0
 11
-64.22872781738702
 21
3.901232561706243
 31
0.0
  0
LINE
  5
596
330
1F
100
AcDbEntity
  8
0
100
AcDbLine
 10
-64.22872781738702
 20
3.901232561706243
 30
0.0
 11
-64.79537676188615
 21
7.149111324695899
 31
0.0
  0
LINE
  5
597
330
1F
100
AcDbEntity
  8
0
100
AcDbLine
 10
-64.79537676188615
 20
7.149111324695899
 30
0.0
 11
-65.15432860869849
 21
10.42368979070844
 31
0.0
  0
LINE
  5
598
330
1F
100
AcDbEntity
  8
0
100
AcDbLine
 10
-65.15432860869849
 20
10.42368979070844
 30
0.0
 11
-65.27098042669044
 21
13.71132229543433
 31
0.0
  0
LINE
  5
599
330
1F
100
AcDbEntity
  8
0
100
AcDbLine
 10
-57.20122987141642
 20
-7.434002882071
 30
0.0
 11
-58.69121559530737
 21
-5.122479367296743
 31
0.0
  0
LINE
  5
59A
330
1F
100
AcDbEntity
  8
0
100
AcDbLine
 10
-58.69121559530737
 20
-5.122479367296743
 30
0.0
 11
-59.80415971556055
 21
-2.598462716681357
 31
0.0
  0
LINE
  5
59B
330
1F
100
AcDbEntity
  8
0
100
AcDbLine
 10
-59.80415971556055
 20
-2.598462716681357
 30
0.0
 11
-60.69417395258433
 21
0.0186164069290469
 31
0.0
  0
LINE
  5
59C
330
1F
100
AcDbEntity
  8
0
100
AcDbLine
 10
-60.69417395258433
 20
0.0186164069290469
 30
0.0
 11
-61.35669119766414
 21
2.698845972620498
 31
0.0
  0
LINE
  5
59D
330
1F
100
AcDbEntity
  8
0
100
AcDbLine
 10
-61.35669119766414
 20
2.698845972620498
 30
0.0
 11
-61.7900525774093
 21
5.428131248573959
 31
0.0
  0
LINE
  5
59E
330
1F
100
AcDbEntity
  8
0
100
AcDbLine
 10
-61.7900525774093
 20
5.428131248573959
 30
0.0
 11
-62.11329339709895
 21
8.179566593810428
 31
0.0
  0
LINE
  5
59F
330
1F
100
AcDbEntity
  8
0
100
AcDbLine
 10
-62.11329339709895
 20
8.179566593810428
 30
0.0
 11
-62.37542578724741
 21
10.93553150272948
 31
0.0
  0
LINE
  5
5A0
330
1F
100
AcDbEntity
  8
0
100
AcDbLine
 10
-62.37542578724741
 20
10.93553150272948
 30
0.0
 11
-62.47851133366931
 21
13.69722594843356
 31
0.0
  0
LINE
  5
5A1
330
1F
100
AcDbEntity
  8
0
100
AcDbLine
 10
-7.900574589376938
 20
-11.74173513309549
 30
0.0
 11
-4.15530261317921
 21
-11.68144729466981
 31
0.0
  0
LINE
  5
5A2
330
1F
100
AcDbEntity
  8
0
100
AcDbLine
 10
-4.15530261317921
 20
-11.68144729466981
 30
0.0
 11
-0.4130824251950252
 21
-11.50914199902711
 31
0.0
  0
LINE
  5
5A3
330
1F
100
AcDbEntity
  8
0
100
AcDbLine
 10
-0.4130824251950252
 20
-11.50914199902711
 30
0.0
 11
3.325785383072691
 21
-11.28057126941145
 31
0.0
  0
LINE
  5
5A4
330
1F
100
AcDbEntity
  8
0
100
AcDbLine
 10
3.325785383072691
 20
-11.28057126941145
 30
0.0
 11
7.064286631863394
 21
-11.04695344907564
 31
0.0
  0
LINE
  5
5A5
330
1F
100
AcDbEntity
  8
0
100
AcDbLine
 10
7.064286631863394
 20
-11.04695344907564
 30
0.0
 11
10.8012569432465
 21
-10.78286429992891
 31
0.0
  0
LINE
  5
5A6
330
1F
100
AcDbEntity
  8
0
100
AcDbLine
 10
10.8012569432465
 20
-10.78286429992891
 30
0.0
 11
14.53508506228123
 21
-10.47038354181259
 31
0.0
  0
LINE
  5
5A7
330
1F
100
AcDbEntity
  8
0
100
AcDbLine
 10
14.53508506228123
 20
-10.47038354181259
 30
0.0
 11
18.26549200990456
 21
-10.14745515826638
 31
0.0
  0
LINE
  5
5A8
330
1F
100
AcDbEntity
  8
0
100
AcDbLine
 10
18.26549200990456
 20
-10.14745515826638
 30
0.0
 11
21.99840102670986
 21
-9.841054995536078
 31
0.0
  0
LINE
  5
5A9
330
1F
100
AcDbEntity
  8
0
100
AcDbLine
 10
21.99840102670986
 20
-9.841054995536078
 30
0.0
 11
25.72942196691574
 21
-9.450796579637544
 31
0.0
  0
LINE
  5
5AA
330
1F
100
AcDbEntity
  8
0
100
AcDbLine
 10
25.72942196691574
 20
-9.450796579637544
 30
0.0
 11
29.26414868218322
 21
-8.21977253313556
 31
0.0
  0
LINE
  5
5AB
330
1F
100
AcDbEntity
  8
0
100
AcDbLine
 10
29.26414868218322
 20
-8.21977253313556
 30
0.0
 11
31.89814529898002
 21
-5.557871692313921
 31
0.0
  0
LINE
  5
5AC
330
1F
100
AcDbEntity
  8
0
100
AcDbLine
 10
31.89814529898002
 20
-5.557871692313921
 30
0.0
 11
33.08200938157244
 21
-1.946288537788502
 31
0.0
  0
LINE
  5
5AD
330
1F
100
AcDbEntity
  8
0
100
AcDbLine
 10
33.08200938157244
 20
-1.946288537788502
 30
0.0
 11
33.78076796076587
 21
1.795421808828983
 31
0.0
  0
LINE
  5
5AE
330
1F
100
AcDbEntity
  8
0
100
AcDbLine
 10
33.78076796076587
 20
1.795421808828983
 30
0.0
 11
34.20028935067869
 21
5.592047029532512
 31
0.0
  0
LINE
  5
5AF
330
1F
100
AcDbEntity
  8
0
100
AcDbLine
 10
34.20028935067869
 20
5.592047029532512
 30
0.0
 11
34.43961346221466
 21
9.40086495268792
 31
0.0
  0
LINE
  5
5B0
330
1F
100
AcDbEntity
  8
0
100
AcDbLine
 10
34.43961346221466
 20
9.40086495268792
 30
0.0
 11
34.53628628952346
 21
13.20749653462035
 31
0.0
  0
LINE
  5
5B1
330
1F
100
AcDbEntity
  8
0
100
AcDbLine
 10
21.42325625227626
 20
4.575942401959418
 30
0.0
 11
21.7437537364469
 21
6.295081952927993
 31
0.0
  0
LINE
  5
5B2
330
1F
100
AcDbEntity
  8
0
100
AcDbLine
 10
21.7437537364469
 20
6.295081952927993
 30
0.0
 11
21.96938157411471
 21
8.029643617696323
 31
0.0
  0
LINE
  5
5B3
330
1F
100
AcDbEntity
  8
0
100
AcDbLine
 10
21.96938157411471
 20
8.029643617696323
 30
0.0
 11
22.07579336822213
 21
9.773501142466804
 31
0.0
  0
LINE
  5
5B4
330
1F
100
AcDbEntity
  8
0
100
AcDbLine
 10
22.07579336822213
 20
9.773501142466804
 30
0.0
 11
22.08401956575176
 21
11.52170396158226
 31
0.0
  0
LINE
  5
5B5
330
1F
100
AcDbEntity
  8
0
100
AcDbLine
 10
22.08401956575176
 20
11.52170396158226
 30
0.0
 11
22.06037395119001
 21
13.27047477490987
 31
0.0
  0
LINE
  5
5B6
330
1F
100
AcDbEntity
  8
0
100
AcDbLine
 10
37.91319256260515
 20
4.372766810691594
 30
0.0
 11
38.11714057744928
 21
6.566948833237188
 31
0.0
  0
LINE
  5
5B7
330
1F
100
AcDbEntity
  8
0
100
AcDbLine
 10
38.11714057744928
 20
6.566948833237188
 30
0.0
 11
38.20262557353586
 21
8.771617535094022
 31
0.0
  0
LINE
  5
5B8
330
1F
100
AcDbEntity
  8
0
100
AcDbLine
 10
38.20262557353586
 20
8.771617535094022
 30
0.0
 11
38.22083340331616
 21
10.98089074844551
 31
0.0
  0
LINE
  5
5B9
330
1F
100
AcDbEntity
  8
0
100
AcDbLine
 10
38.22083340331616
 20
10.98089074844551
 30
0.0
 11
38.22294991925536
 21
13.18888630542638
 31
0.0
  0
LINE
  5
5BA
330
1F
100
AcDbEntity
  8
0
100
AcDbLine
 10
35.53085768647009
 20
2.131101062779293
 30
0.0
 11
35.8703468489924
 21
4.295423198692389
 31
0.0
  0
LINE
  5
5BB
330
1F
100
AcDbEntity
  8
0
100
AcDbLine
 10
35.8703468489924
 20
4.295423198692389
 30
0.0
 11
36.05721179262522
 21
6.483169189014356
 31
0.0
  0
LINE
  5
5BC
330
1F
100
AcDbEntity
  8
0
100
AcDbLine
 10
36.05721179262522
 20
6.483169189014356
 30
0.0
 11
36.1707871113608
 21
8.674748186065257
 31
0.0
  0
LINE
  5
5BD
330
1F
100
AcDbEntity
  8
0
100
AcDbLine
 10
36.1707871113608
 20
8.674748186065257
 30
0.0
 11
36.23792898154984
 21
10.86575400767863
 31
0.0
  0
LINE
  5
5BE
330
1F
100
AcDbEntity
  8
0
100
AcDbLine
 10
36.23792898154984
 20
10.86575400767863
 30
0.0
 11
36.26604795816544
 21
13.0574070752371
 31
0.0
  0
LINE
  5
5BF
330
1F
100
AcDbEntity
  8
0
100
AcDbLine
 10
-0.2973042683190569
 20
-1.758917584941788
 30
0.0
 11
0.4869643103690447
 21
0.3273080711423599
 31
0.0
  0
LINE
  5
5C0
330
1F
100
AcDbEntity
  8
0
100
AcDbLine
 10
0.4869643103690447
 20
0.3273080711423599
 30
0.0
 11
1.031435115653377
 21
2.481713169606895
 31
0.0
  0
LINE
  5
5C1
330
1F
100
AcDbEntity
  8
0
100
AcDbLine
 10
1.031435115653377
 20
2.481713169606895
 30
0.0
 11
1.508848644005598
 21
4.662545941939915
 31
0.0
  0
LINE
  5
5C2
330
1F
100
AcDbEntity
  8
0
100
AcDbLine
 10
1.508848644005598
 20
4.662545941939915
 30
0.0
 11
1.845343573969122
 21
6.869795743768013
 31
0.0
  0
LINE
  5
5C3
330
1F
100
AcDbEntity
  8
0
100
AcDbLine
 10
1.845343573969122
 20
6.869795743768013
 30
0.0
 11
2.045588313340697
 21
9.094019982379228
 31
0.0
  0
LINE
  5
5C4
330
1F
100
AcDbEntity
  8
0
100
AcDbLine
 10
2.045588313340697
 20
9.094019982379228
 30
0.0
 11
2.156153239045541
 21
11.3244050002985
 31
0.0
  0
LINE
  5
5C5
330
1F
100
AcDbEntity
  8
0
100
AcDbLine
 10
2.156153239045541
 20
11.3244050002985
 30
0.0
 11
2.212419853777891
 21
13.55605363675618
 31
0.0
  0
LINE
  5
5C6
330
1F
100
AcDbEntity
  8
0
100
AcDbLine
 10
2.212419853777891
 20
13.55605363675618
 30
0.0
 11
2.241624632090971
 21
15.78828884062797
 31
0.0
  0
LINE
  5
5C7
330
1F
100
AcDbEntity
  8
0
100
AcDbLine
 10
1.668146118655814
 20
4.159653355993963
 30
0.0
 11
1.692555613896681
 21
3.150154034880436
 31
0.0
  0
LINE
  5
5C8
330
1F
100
AcDbEntity
  8
0
100
AcDbLine
 10
1.692555613896681
 20
3.150154034880436
 30
0.0
 11
1.743392128419239
 21
2.140708593615814
 31
0.0
  0
LINE
  5
5C9
330
1F
100
AcDbEntity
  8
0
100
AcDbLine
 10
1.743392128419239
 20
2.140708593615814
 30
0.0
 11
1.771653846044613
 21
1.10404698642822
 31
0.0
  0
LINE
  5
5CA
330
1F
100
AcDbEntity
  8
0
100
AcDbLine
 10
1.771653846044613
 20
1.10404698642822
 30
0.0
 11
1.945568785370175
 21
0.1051050135766303
 31
0.0
  0
LINE
  5
5CB
330
1F
100
AcDbEntity
  8
0
100
AcDbLine
 10
1.945568785370175
 20
0.1051050135766303
 30
0.0
 11
2.770346663302601
 21
-0.4185504130639587
 31
0.0
  0
LINE
  5
5CC
330
1F
100
AcDbEntity
  8
0
100
AcDbLine
 10
2.770346663302601
 20
-0.4185504130639587
 30
0.0
 11
3.790179876814995
 21
-0.4294651817377141
 31
0.0
  0
LINE
  5
5CD
330
1F
100
AcDbEntity
  8
0
100
AcDbLine
 10
3.790179876814995
 20
-0.4294651817377141
 30
0.0
 11
4.800866944403813
 21
-0.4764849797184553
 31
0.0
  0
LINE
  5
5CE
330
1F
100
AcDbEntity
  8
0
100
AcDbLine
 10
4.800866944403813
 20
-0.4764849797184553
 30
0.0
 11
5.632730366669715
 21
0.0345130769042664
 31
0.0
  0
LINE
  5
5CF
330
1F
100
AcDbEntity
  8
0
100
AcDbLine
 10
5.632730366669715
 20
0.0345130769042664
 30
0.0
 11
5.888918975943928
 21
1.014632082678364
 31
0.0
  0
LINE
  5
5D0
330
1F
100
AcDbEntity
  8
0
100
AcDbLine
 10
5.888918975943928
 20
1.014632082678364
 30
0.0
 11
5.984181339890807
 21
2.025793996525984
 31
0.0
  0
LINE
  5
5D1
330
1F
100
AcDbEntity
  8
0
100
AcDbLine
 10
5.984181339890807
 20
2.025793996525984
 30
0.0
 11
6.037282118305347
 21
3.036641879961478
 31
0.0
  0
LINE
  5
5D2
330
1F
100
AcDbEntity
  8
0
100
AcDbLine
 10
6.037282118305347
 20
3.036641879961478
 30
0.0
 11
6.048975165332637
 21
4.052315471894911
 31
0.0
  0
LINE
  5
5D3
330
1F
100
AcDbEntity
  8
0
100
AcDbLine
 10
6.048975165332637
 20
4.052315471894911
 30
0.0
 11
6.02001433510385
 21
5.077954511222429
 31
0.0
  0
LINE
  5
5D4
330
1F
100
AcDbEntity
  8
0
100
AcDbLine
 10
6.02001433510385
 20
5.077954511222429
 30
0.0
 11
5.847195323148502
 21
6.069278116122237
 31
0.0
  0
LINE
  5
5D5
330
1F
100
AcDbEntity
  8
0
100
AcDbLine
 10
5.847195323148502
 20
6.069278116122237
 30
0.0
 11
4.908257583297893
 21
6.431563880720982
 31
0.0
  0
LINE
  5
5D6
330
1F
100
AcDbEntity
  8
0
100
AcDbLine
 10
4.908257583297893
 20
6.431563880720982
 30
0.0
 11
3.907105047772667
 21
6.438612626874367
 31
0.0
  0
LINE
  5
5D7
330
1F
100
AcDbEntity
  8
0
100
AcDbLine
 10
3.907105047772667
 20
6.438612626874367
 30
0.0
 11
2.913309618183259
 21
6.460002478065613
 31
0.0
  0
LINE
  5
5D8
330
1F
100
AcDbEntity
  8
0
100
AcDbLine
 10
2.913309618183259
 20
6.460002478065613
 30
0.0
 11
1.955016470451402
 21
6.166889518012233
 31
0.0
  0
LINE
  5
5D9
330
1F
100
AcDbEntity
  8
0
100
AcDbLine
 10
1.955016470451402
 20
6.166889518012233
 30
0.0
 11
1.733652875739367
 21
5.165801577010837
 31
0.0
  0
LINE
  5
5DA
330
1F
100
AcDbEntity
  8
0
100
AcDbLine
 10
1.733652875739367
 20
5.165801577010837
 30
0.0
 11
1.668146118655814
 21
4.159653355993963
 31
0.0
  0
LINE
  5
5DB
330
1F
100
AcDbEntity
  8
0
100
AcDbLine
 10
-38.91658915032038
 20
-2.757464287454577
 30
0.0
 11
-39.61351586394215
 21
-0.1230243248709288
 31
0.0
  0
LINE
  5
5DC
330
1F
100
AcDbEntity
  8
0
100
AcDbLine
 10
-39.61351586394215
 20
-0.1230243248709288
 30
0.0
 11
-40.27348136752131
 21
2.519772311680911
 31
0.0
  0
LINE
  5
5DD
330
1F
100
AcDbEntity
  8
0
100
AcDbLine
 10
-40.27348136752131
 20
2.519772311680911
 30
0.0
 11
-40.81467484572392
 21
5.191607078003767
 31
0.0
  0
LINE
  5
5DE
330
1F
100
AcDbEntity
  8
0
100
AcDbLine
 10
-40.81467484572392
 20
5.191607078003767
 30
0.0
 11
-41.26423198155552
 21
7.885852559198507
 31
0.0
  0
LINE
  5
5DF
330
1F
100
AcDbEntity
  8
0
100
AcDbLine
 10
-41.26423198155552
 20
7.885852559198507
 30
0.0
 11
-41.61423894718264
 21
10.59635285779747
 31
0.0
  0
LINE
  5
5E0
330
1F
100
AcDbEntity
  8
0
100
AcDbLine
 10
-41.61423894718264
 20
10.59635285779747
 30
0.0
 11
-41.75117856560466
 21
13.31933488348694
 31
0.0
  0
LINE
  5
5E1
330
1F
100
AcDbEntity
  8
0
100
AcDbLine
 10
-41.09477657359236
 20
-3.325692966566966
 30
0.0
 11
-41.21452757598921
 21
-3.24461549479014
 31
0.0
  0
LINE
  5
5E2
330
1F
100
AcDbEntity
  8
0
100
AcDbLine
 10
-41.21452757598921
 20
-3.24461549479014
 30
0.0
 11
-41.3257492838714
 21
-3.151518768794361
 31
0.0
  0
LINE
  5
5E3
330
1F
100
AcDbEntity
  8
0
100
AcDbLine
 10
-41.3257492838714
 20
-3.151518768794361
 30
0.0
 11
-41.42886057472322
 21
-3.047998299751064
 31
0.0
  0
LINE
  5
5E4
330
1F
100
AcDbEntity
  8
0
100
AcDbLine
 10
-41.42886057472322
 20
-3.047998299751064
 30
0.0
 11
-41.52428032598025
 21
-2.935649598803853
 31
0.0
  0
LINE
  5
5E5
330
1F
100
AcDbEntity
  8
0
100
AcDbLine
 10
-41.52428032598025
 20
-2.935649598803853
 30
0.0
 11
-41.61242741507809
 21
-2.816068177082422
 31
0.0
  0
LINE
  5
5E6
330
1F
100
AcDbEntity
  8
0
100
AcDbLine
 10
-41.61242741507809
 20
-2.816068177082422
 30
0.0
 11
-41.69372071949405
 21
-2.690849545792989
 31
0.0
  0
LINE
  5
5E7
330
1F
100
AcDbEntity
  8
0
100
AcDbLine
 10
-41.69372071949405
 20
-2.690849545792989
 30
0.0
 11
-41.76857911667071
 21
-2.561589216058289
 31
0.0
  0
LINE
  5
5E8
330
1F
100
AcDbEntity
  8
0
100
AcDbLine
 10
-41.76857911667071
 20
-2.561589216058289
 30
0.0
 11
-41.8464772560888
 21
-2.442466169489097
 31
0.0
  0
LINE
  5
5E9
330
1F
100
AcDbEntity
  8
0
100
AcDbLine
 10
3.107589249808853
 20
20.26865267786074
 30
0.0
 11
3.102165330309576
 21
20.11719853968029
 31
0.0
  0
LINE
  5
5EA
330
1F
100
AcDbEntity
  8
0
100
AcDbLine
 10
3.102165330309576
 20
20.11719853968029
 30
0.0
 11
3.096676597200362
 21
19.96573696794044
 31
0.0
  0
LINE
  5
5EB
330
1F
100
AcDbEntity
  8
0
100
AcDbLine
 10
3.096676597200362
 20
19.96573696794044
 30
0.0
 11
3.091134952705664
 21
19.81426661201022
 31
0.0
  0
LINE
  5
5EC
330
1F
100
AcDbEntity
  8
0
100
AcDbLine
 10
3.091134952705664
 20
19.81426661201022
 30
0.0
 11
3.085547295620263
 21
19.66278682848986
 31
0.0
  0
LINE
  5
5ED
330
1F
100
AcDbEntity
  8
0
100
AcDbLine
 10
3.085547295620263
 20
19.66278682848986
 30
0.0
 11
3.079914880337526
 21
19.5112977720288
 31
0.0
  0
LINE
  5
5EE
330
1F
100
AcDbEntity
  8
0
100
AcDbLine
 10
3.079914880337526
 20
19.5112977720288
 30
0.0
 11
3.074238659180394
 21
19.35979963990956
 31
0.0
  0
LINE
  5
5EF
330
1F
100
AcDbEntity
  8
0
100
AcDbLine
 10
3.074238659180394
 20
19.35979963990956
 30
0.0
 11
3.068519584409195
 21
19.20829262941472
 31
0.0
  0
LINE
  5
5F0
330
1F
100
AcDbEntity
  8
0
100
AcDbLine
 10
3.068519584409195
 20
19.20829262941472
 30
0.0
 11
3.062758608367743
 21
19.05677693785464
 31
0.0
  0
LINE
  5
5F1
330
1F
100
AcDbEntity
  8
0
100
AcDbLine
 10
3.062758608367743
 20
19.05677693785464
 30
0.0
 11
3.056956683330282
 21
18.90525276253273
 31
0.0
  0
LINE
  5
5F2
330
1F
100
AcDbEntity
  8
0
100
AcDbLine
 10
3.056956683330282
 20
18.90525276253273
 30
0.0
 11
3.051114761612796
 21
18.75372030071069
 31
0.0
  0
LINE
  5
5F3
330
1F
100
AcDbEntity
  8
0
100
AcDbLine
 10
3.051114761612796
 20
18.75372030071069
 30
0.0
 11
3.045233795517354
 21
18.60217974973366
 31
0.0
  0
LINE
  5
5F4
330
1F
100
AcDbEntity
  8
0
100
AcDbLine
 10
3.045233795517354
 20
18.60217974973366
 30
0.0
 11
3.039314737311245
 21
18.45063130684247
 31
0.0
  0
LINE
  5
5F5
330
1F
100
AcDbEntity
  8
0
100
AcDbLine
 10
3.039314737311245
 20
18.45063130684247
 30
0.0
 11
3.033358539352196
 21
18.29907516938227
 31
0.0
  0
LINE
  5
5F6
330
1F
100
AcDbEntity
  8
0
100
AcDbLine
 10
3.033358539352196
 20
18.29907516938227
 30
0.0
 11
3.027366153914448
 21
18.14751153463561
 31
0.0
  0
LINE
  5
5F7
330
1F
100
AcDbEntity
  8
0
100
AcDbLine
 10
3.027366153914448
 20
18.14751153463561
 30
0.0
 11
3.021338533293116
 21
17.99594059989199
 31
0.0
  0
LINE
  5
5F8
330
1F
100
AcDbEntity
  8
0
100
AcDbLine
 10
3.021338533293116
 20
17.99594059989199
 30
0.0
 11
3.015276629797228
 21
17.84436256245484
 31
0.0
  0
LINE
  5
5F9
330
1F
100
AcDbEntity
  8
0
100
AcDbLine
 10
3.015276629797228
 20
17.84436256245484
 30
0.0
 11
3.009181395742769
 21
17.69277761964844
 31
0.0
  0
LINE
  5
5FA
330
1F
100
AcDbEntity
  8
0
100
AcDbLine
 10
3.009181395742769
 20
17.69277761964844
 30
0.0
 11
3.003053783417896
 21
17.54118596871361
 31
0.0
  0
LINE
  5
5FB
330
1F
100
AcDbEntity
  8
0
100
AcDbLine
 10
3.003053783417896
 20
17.54118596871361
 30
0.0
 11
2.996894745117723
 21
17.38958780698158
 31
0.0
  0
LINE
  5
5FC
330
1F
100
AcDbEntity
  8
0
100
AcDbLine
 10
2.996894745117723
 20
17.38958780698158
 30
0.0
 11
2.990705233158235
 21
17.23798333174883
 31
0.0
  0
LINE
  5
5FD
330
1F
100
AcDbEntity
  8
0
100
AcDbLine
 10
2.990705233158235
 20
17.23798333174883
 30
0.0
 11
2.984486199827589
 21
17.0863727402979
 31
0.0
  0
LINE
  5
5FE
330
1F
100
AcDbEntity
  8
0
100
AcDbLine
 10
2.984486199827589
 20
17.0863727402979
 30
0.0
 11
2.97823859744177
 21
16.93475622993918
 31
0.0
  0
LINE
  5
5FF
330
1F
100
AcDbEntity
  8
0
100
AcDbLine
 10
2.97823859744177
 20
16.93475622993918
 30
0.0
 11
2.971963378295892
 21
16.78313399796911
 31
0.0
  0
LINE
  5
600
330
1F
100
AcDbEntity
  8
0
100
AcDbLine
 10
2.971963378295892
 20
16.78313399796911
 30
0.0
 11
2.965661494692025
 21
16.63150624167026
 31
0.0
  0
LINE
  5
601
330
1F
100
AcDbEntity
  8
0
100
AcDbLine
 10
2.965661494692025
 20
16.63150624167026
 30
0.0
 11
2.9593338989392
 21
16.47987315835995
 31
0.0
  0
LINE
  5
602
330
1F
100
AcDbEntity
  8
0
100
AcDbLine
 10
2.9593338989392
 20
16.47987315835995
 30
0.0
 11
2.95298154332557
 21
16.32823494532769
 31
0.0
  0
LINE
  5
603
330
1F
100
AcDbEntity
  8
0
100
AcDbLine
 10
2.95298154332557
 20
16.32823494532769
 30
0.0
 11
2.946605380167123
 21
16.17659179986299
 31
0.0
  0
LINE
  5
604
330
1F
100
AcDbEntity
  8
0
100
AcDbLine
 10
2.946605380167123
 20
16.17659179986299
 30
0.0
 11
2.940206361758972
 21
16.02494391927623
 31
0.0
  0
LINE
  5
605
330
1F
100
AcDbEntity
  8
0
100
AcDbLine
 10
2.940206361758972
 20
16.02494391927623
 30
0.0
 11
2.933785440403187
 21
15.87329150086385
 31
0.0
  0
LINE
  5
606
330
1F
100
AcDbEntity
  8
0
100
AcDbLine
 10
2.933785440403187
 20
15.87329150086385
 30
0.0
 11
2.927343568408798
 21
15.72163474190843
 31
0.0
  0
LINE
  5
607
330
1F
100
AcDbEntity
  8
0
100
AcDbLine
 10
2.927343568408798
 20
15.72163474190843
 30
0.0
 11
2.920881698063961
 21
15.56997383970641
 31
0.0
  0
LINE
  5
608
330
1F
100
AcDbEntity
  8
0
100
AcDbLine
 10
2.920881698063961
 20
15.56997383970641
 30
0.0
 11
2.914400781677704
 21
15.41830899157513
 31
0.0
  0
LINE
  5
609
330
1F
100
AcDbEntity
  8
0
100
AcDbLine
 10
2.914400781677704
 20
15.41830899157513
 30
0.0
 11
2.907901771559054
 21
15.26664039480411
 31
0.0
  0
LINE
  5
60A
330
1F
100
AcDbEntity
  8
0
100
AcDbLine
 10
2.907901771559054
 20
15.26664039480411
 30
0.0
 11
2.901385620003126
 21
15.11496824667588
 31
0.0
  0
LINE
  5
60B
330
1F
100
AcDbEntity
  8
0
100
AcDbLine
 10
2.901385620003126
 20
15.11496824667588
 30
0.0
 11
2.894853279305035
 21
14.96329274449387
 31
0.0
  0
LINE
  5
60C
330
1F
100
AcDbEntity
  8
0
100
AcDbLine
 10
2.894853279305035
 20
14.96329274449387
 30
0.0
 11
2.888305701780765
 21
14.81161408556149
 31
0.0
  0
LINE
  5
60D
330
1F
100
AcDbEntity
  8
0
100
AcDbLine
 10
2.888305701780765
 20
14.81161408556149
 30
0.0
 11
2.881743839718473
 21
14.65993246718218
 31
0.0
  0
LINE
  5
60E
330
1F
100
AcDbEntity
  8
0
100
AcDbLine
 10
2.881743839718473
 20
14.65993246718218
 30
0.0
 11
2.8751686454411
 21
14.50824808663846
 31
0.0
  0
LINE
  5
60F
330
1F
100
AcDbEntity
  8
0
100
AcDbLine
 10
2.8751686454411
 20
14.50824808663846
 30
0.0
 11
2.868581071229848
 21
14.35656114123377
 31
0.0
  0
LINE
  5
610
330
1F
100
AcDbEntity
  8
0
100
AcDbLine
 10
2.868581071229848
 20
14.35656114123377
 30
0.0
 11
2.861982069393743
 21
14.20487182825762
 31
0.0
  0
LINE
  5
611
330
1F
100
AcDbEntity
  8
0
100
AcDbLine
 10
2.861982069393743
 20
14.20487182825762
 30
0.0
 11
2.855372592234858
 21
14.05318034502733
 31
0.0
  0
LINE
  5
612
330
1F
100
AcDbEntity
  8
0
100
AcDbLine
 10
2.855372592234858
 20
14.05318034502733
 30
0.0
 11
2.848753592062219
 21
13.90148688881849
 31
0.0
  0
LINE
  5
613
330
1F
100
AcDbEntity
  8
0
100
AcDbLine
 10
2.848753592062219
 20
13.90148688881849
 30
0.0
 11
2.812692562551896
 21
13.74399704402026
 31
0.0
  0
LINE
  5
614
330
1F
100
AcDbEntity
  8
0
100
AcDbLine
 10
2.838266394293804
 20
12.98520429837856
 30
0.0
 11
2.802233939613048
 21
12.83959402513862
 31
0.0
  0
LINE
  5
615
330
1F
100
AcDbEntity
  8
0
100
AcDbLine
 10
2.802233939613048
 20
12.83959402513862
 30
0.0
 11
2.795573038156243
 21
12.6878918878715
 31
0.0
  0
LINE
  5
616
330
1F
100
AcDbEntity
  8
0
100
AcDbLine
 10
2.795573038156243
 20
12.6878918878715
 30
0.0
 11
2.788911184383453
 21
12.53618955328705
 31
0.0
  0
LINE
  5
617
330
1F
100
AcDbEntity
  8
0
100
AcDbLine
 10
38.00221338968102
 20
22.00768372628487
 30
0.0
 11
38.18399917159761
 21
19.81155452464298
 31
0.0
  0
LINE
  5
618
330
1F
100
AcDbEntity
  8
0
100
AcDbLine
 10
38.18399917159761
 20
19.81155452464298
 30
0.0
 11
38.24722210145939
 21
17.60613514713932
 31
0.0
  0
LINE
  5
619
330
1F
100
AcDbEntity
  8
0
100
AcDbLine
 10
38.24722210145939
 20
17.60613514713932
 30
0.0
 11
38.24312480781513
 21
15.39679070400425
 31
0.0
  0
LINE
  5
61A
330
1F
100
AcDbEntity
  8
0
100
AcDbLine
 10
38.24312480781513
 20
15.39679070400425
 30
0.0
 11
38.22294991925536
 21
13.18888630542638
 31
0.0
  0
LINE
  5
61B
330
1F
100
AcDbEntity
  8
0
100
AcDbLine
 10
21.51106625355279
 20
21.97099620754578
 30
0.0
 11
21.81419145908259
 21
20.24870861751488
 31
0.0
  0
LINE
  5
61C
330
1F
100
AcDbEntity
  8
0
100
AcDbLine
 10
21.81419145908259
 20
20.24870861751488
 30
0.0
 11
22.02229615567081
 21
18.51195747666025
 31
0.0
  0
LINE
  5
61D
330
1F
100
AcDbEntity
  8
0
100
AcDbLine
 10
22.02229615567081
 20
18.51195747666025
 30
0.0
 11
22.11109703595555
 21
16.76711452089093
 31
0.0
  0
LINE
  5
61E
330
1F
100
AcDbEntity
  8
0
100
AcDbLine
 10
22.11109703595555
 20
16.76711452089093
 30
0.0
 11
22.10167345462473
 21
15.01891774613374
 31
0.0
  0
LINE
  5
61F
330
1F
100
AcDbEntity
  8
0
100
AcDbLine
 10
22.10167345462473
 20
15.01891774613374
 30
0.0
 11
22.06037395119001
 21
13.27047477490987
 31
0.0
  0
LINE
  5
620
330
1F
100
AcDbEntity
  8
0
100
AcDbLine
 10
-58.97652678180953
 20
13.67954797678586
 30
0.0
 11
-58.98192299435686
 21
14.70438345865571
 31
0.0
  0
LINE
  5
621
330
1F
100
AcDbEntity
  8
0
100
AcDbLine
 10
-58.98192299435686
 20
14.70438345865571
 30
0.0
 11
-58.9806677908928
 21
15.72526830716072
 31
0.0
  0
LINE
  5
622
330
1F
100
AcDbEntity
  8
0
100
AcDbLine
 10
-58.9806677908928
 20
15.72526830716072
 30
0.0
 11
-58.93489087727515
 21
16.71257122306225
 31
0.0
  0
LINE
  5
623
330
1F
100
AcDbEntity
  8
0
100
AcDbLine
 10
-58.93489087727515
 20
16.71257122306225
 30
0.0
 11
-58.86708928826721
 21
17.72213706339586
 31
0.0
  0
LINE
  5
624
330
1F
100
AcDbEntity
  8
0
100
AcDbLine
 10
-58.86708928826721
 20
17.72213706339586
 30
0.0
 11
-58.69099964377136
 21
18.74586111329741
 31
0.0
  0
LINE
  5
625
330
1F
100
AcDbEntity
  8
0
100
AcDbLine
 10
-58.69099964377136
 20
18.74586111329741
 30
0.0
 11
-57.7798502241456
 21
18.71452972847793
 31
0.0
  0
LINE
  5
626
330
1F
100
AcDbEntity
  8
0
100
AcDbLine
 10
-57.7798502241456
 20
18.71452972847793
 30
0.0
 11
-57.53347373294957
 21
17.73441107208255
 31
0.0
  0
LINE
  5
627
330
1F
100
AcDbEntity
  8
0
100
AcDbLine
 10
-57.53347373294957
 20
17.73441107208255
 30
0.0
 11
-57.49616024802363
 21
16.71392767354851
 31
0.0
  0
LINE
  5
628
330
1F
100
AcDbEntity
  8
0
100
AcDbLine
 10
-57.49616024802363
 20
16.71392767354851
 30
0.0
 11
-57.45958317921727
 21
15.6988316086992
 31
0.0
  0
LINE
  5
629
330
1F
100
AcDbEntity
  8
0
100
AcDbLine
 10
-57.45958317921727
 20
15.6988316086992
 30
0.0
 11
-57.42571497485878
 21
14.68581554859642
 31
0.0
  0
LINE
  5
62A
330
1F
100
AcDbEntity
  8
0
100
AcDbLine
 10
-57.42571497485878
 20
14.68581554859642
 30
0.0
 11
-57.39652808335298
 21
13.67157216427415
 31
0.0
  0
LINE
  5
62B
330
1F
100
AcDbEntity
  8
0
100
AcDbLine
 10
-50.58123984805734
 20
-4.389829688617008
 30
0.0
 11
-50.62353461901255
 21
-4.049621363449562
 31
0.0
  0
LINE
  5
62C
330
1F
100
AcDbEntity
  8
0
100
AcDbLine
 10
-50.62353461901255
 20
-4.049621363449562
 30
0.0
 11
-50.7509691043667
 21
-3.732153339361528
 31
0.0
  0
LINE
  5
62D
330
1F
100
AcDbEntity
  8
0
100
AcDbLine
 10
-50.7509691043667
 20
-3.732153339361528
 30
0.0
 11
-50.95485885455084
 21
-3.459060537558585
 31
0.0
  0
LINE
  5
62E
330
1F
100
AcDbEntity
  8
0
100
AcDbLine
 10
-50.95485885455084
 20
-3.459060537558585
 30
0.0
 11
-51.22130912003287
 21
-3.248953781169483
 31
0.0
  0
LINE
  5
62F
330
1F
100
AcDbEntity
  8
0
100
AcDbLine
 10
-51.22130912003287
 20
-3.248953781169483
 30
0.0
 11
-51.53216175554703
 21
-3.11615149843205
 31
0.0
  0
LINE
  5
630
330
1F
100
AcDbEntity
  8
0
100
AcDbLine
 10
-51.53216175554703
 20
-3.11615149843205
 30
0.0
 11
-51.86623266769006
 21
-3.069703945445983
 31
0.0
  0
LINE
  5
631
330
1F
100
AcDbEntity
  8
0
100
AcDbLine
 10
-51.86623266769006
 20
-3.069703945445983
 30
0.0
 11
-52.20075547587776
 21
-3.112776446180253
 31
0.0
  0
LINE
  5
632
330
1F
100
AcDbEntity
  8
0
100
AcDbLine
 10
-52.20075547587776
 20
-3.112776446180253
 30
0.0
 11
-52.51293300355791
 21
-3.242433680908414
 31
0.0
  0
LINE
  5
633
330
1F
100
AcDbEntity
  8
0
100
AcDbLine
 10
-52.51293300355791
 20
-3.242433680908414
 30
0.0
 11
-52.78149086811684
 21
-3.449839723338427
 31
0.0
  0
LINE
  5
634
330
1F
100
AcDbEntity
  8
0
100
AcDbLine
 10
-52.78149086811684
 20
-3.449839723338427
 30
0.0
 11
-52.98812729490574
 21
-3.720860194440394
 31
0.0
  0
LINE
  5
635
330
1F
100
AcDbEntity
  8
0
100
AcDbLine
 10
-52.98812729490574
 20
-3.720860194440394
 30
0.0
 11
-53.11876035290929
 21
-4.037025496984564
 31
0.0
  0
LINE
  5
636
330
1F
100
AcDbEntity
  8
0
100
AcDbLine
 10
-53.11876035290929
 20
-4.037025496984564
 30
0.0
 11
-53.1644876151074
 21
-4.37678948809487
 31
0.0
  0
LINE
  5
637
330
1F
100
AcDbEntity
  8
0
100
AcDbLine
 10
-53.1644876151074
 20
-4.37678948809487
 30
0.0
 11
-53.1221928441522
 21
-4.716997813262316
 31
0.0
  0
LINE
  5
638
330
1F
100
AcDbEntity
  8
0
100
AcDbLine
 10
-53.1221928441522
 20
-4.716997813262316
 30
0.0
 11
-52.99475835879804
 21
-5.03446583735035
 31
0.0
  0
LINE
  5
639
330
1F
100
AcDbEntity
  8
0
100
AcDbLine
 10
-52.99475835879804
 20
-5.03446583735035
 30
0.0
 11
-52.7908686086139
 21
-5.307558639153293
 31
0.0
  0
LINE
  5
63A
330
1F
100
AcDbEntity
  8
0
100
AcDbLine
 10
-52.7908686086139
 20
-5.307558639153293
 30
0.0
 11
-52.52441834313187
 21
-5.517665395542395
 31
0.0
  0
LINE
  5
63B
330
1F
100
AcDbEntity
  8
0
100
AcDbLine
 10
-52.52441834313187
 20
-5.517665395542395
 30
0.0
 11
-52.21356570761771
 21
-5.650467678279829
 31
0.0
  0
LINE
  5
63C
330
1F
100
AcDbEntity
  8
0
100
AcDbLine
 10
-52.21356570761771
 20
-5.650467678279829
 30
0.0
 11
-51.87949479547468
 21
-5.696915231265895
 31
0.0
  0
LINE
  5
63D
330
1F
100
AcDbEntity
  8
0
100
AcDbLine
 10
-51.87949479547468
 20
-5.696915231265895
 30
0.0
 11
-51.54497198728699
 21
-5.653842730531625
 31
0.0
  0
LINE
  5
63E
330
1F
100
AcDbEntity
  8
0
100
AcDbLine
 10
-51.54497198728699
 20
-5.653842730531625
 30
0.0
 11
-51.23279445960684
 21
-5.524185495803465
 31
0.0
  0
LINE
  5
63F
330
1F
100
AcDbEntity
  8
0
100
AcDbLine
 10
-51.23279445960684
 20
-5.524185495803465
 30
0.0
 11
-50.96423659504789
 21
-5.316779453373451
 31
0.0
  0
LINE
  5
640
330
1F
100
AcDbEntity
  8
0
100
AcDbLine
 10
-50.96423659504789
 20
-5.316779453373451
 30
0.0
 11
-50.75760016825901
 21
-5.045758982271485
 31
0.0
  0
LINE
  5
641
330
1F
100
AcDbEntity
  8
0
100
AcDbLine
 10
-50.75760016825901
 20
-5.045758982271485
 30
0.0
 11
-50.62696711025544
 21
-4.729593679727314
 31
0.0
  0
LINE
  5
642
330
1F
100
AcDbEntity
  8
0
100
AcDbLine
 10
-50.62696711025544
 20
-4.729593679727314
 30
0.0
 11
-50.58123984805734
 21
-4.389829688617008
 31
0.0
  0
LINE
  5
643
330
1F
100
AcDbEntity
  8
0
100
AcDbLine
 10
-40.92400779453583
 20
30.50339320504495
 30
0.0
 11
-41.04770270806009
 21
30.42120147258379
 31
0.0
  0
LINE
  5
644
330
1F
100
AcDbEntity
  8
0
100
AcDbLine
 10
-41.04770270806009
 20
30.42120147258379
 30
0.0
 11
-41.16254221547557
 21
30.32628912828511
 31
0.0
  0
LINE
  5
645
330
1F
100
AcDbEntity
  8
0
100
AcDbLine
 10
-41.16254221547557
 20
30.32628912828511
 30
0.0
 11
-41.26896251757639
 21
30.2203886995533
 31
0.0
  0
LINE
  5
646
330
1F
100
AcDbEntity
  8
0
100
AcDbLine
 10
-41.26896251757639
 20
30.2203886995533
 30
0.0
 11
-41.36739981517061
 21
30.10523271384143
 31
0.0
  0
LINE
  5
647
330
1F
100
AcDbEntity
  8
0
100
AcDbLine
 10
-41.36739981517061
 20
30.10523271384143
 30
0.0
 11
-41.45829030907324
 21
29.98255369849826
 31
0.0
  0
LINE
  5
648
330
1F
100
AcDbEntity
  8
0
100
AcDbLine
 10
-41.45829030907324
 20
29.98255369849826
 30
0.0
 11
-41.54207020011319
 21
29.85408418096295
 31
0.0
  0
LINE
  5
649
330
1F
100
AcDbEntity
  8
0
100
AcDbLine
 10
-41.54207020011319
 20
29.85408418096295
 30
0.0
 11
-41.61917544506423
 21
29.72155525315315
 31
0.0
  0
LINE
  5
64A
330
1F
100
AcDbEntity
  8
0
100
AcDbLine
 10
-41.61917544506423
 20
29.72155525315315
 30
0.0
 11
-41.68997269417965
 21
29.58629029797502
 31
0.0
  0
LINE
  5
64B
330
1F
100
AcDbEntity
  8
0
100
AcDbLine
 10
-41.68997269417965
 20
29.58629029797502
 30
0.0
 11
-41.75466428689616
 21
29.44864610777406
 31
0.0
  0
LINE
  5
64C
330
1F
100
AcDbEntity
  8
0
100
AcDbLine
 10
-41.75466428689616
 20
29.44864610777406
 30
0.0
 11
-41.81342874840598
 21
29.30883938372797
 31
0.0
  0
LINE
  5
64D
330
1F
100
AcDbEntity
  8
0
100
AcDbLine
 10
-41.81342874840598
 20
29.30883938372797
 30
0.0
 11
-41.86644460400566
 21
29.1670868269101
 31
0.0
  0
LINE
  5
64E
330
1F
100
AcDbEntity
  8
0
100
AcDbLine
 10
-41.86644460400566
 20
29.1670868269101
 30
0.0
 11
-41.91389037892222
 21
29.02360513844945
 31
0.0
  0
LINE
  5
64F
330
1F
100
AcDbEntity
  8
0
100
AcDbLine
 10
-41.91389037892222
 20
29.02360513844945
 30
0.0
 11
-41.95594459841046
 21
28.87861101944719
 31
0.0
  0
LINE
  5
650
330
1F
100
AcDbEntity
  8
0
100
AcDbLine
 10
-41.95594459841046
 20
28.87861101944719
 30
0.0
 11
-41.99278578771131
 21
28.73232117101147
 31
0.0
  0
LINE
  5
651
330
1F
100
AcDbEntity
  8
0
100
AcDbLine
 10
-41.99278578771131
 20
28.73232117101147
 30
0.0
 11
-42.02459247210046
 21
28.58495229426433
 31
0.0
  0
LINE
  5
652
330
1F
100
AcDbEntity
  8
0
100
AcDbLine
 10
-42.02459247210046
 20
28.58495229426433
 30
0.0
 11
-42.05154317679795
 21
28.43672109030695
 31
0.0
  0
LINE
  5
653
330
1F
100
AcDbEntity
  8
0
100
AcDbLine
 10
-42.05154317679795
 20
28.43672109030695
 30
0.0
 11
-42.07381642706555
 21
28.2878442602544
 31
0.0
  0
LINE
  5
654
330
1F
100
AcDbEntity
  8
0
100
AcDbLine
 10
-42.07381642706555
 20
28.2878442602544
 30
0.0
 11
-42.09160581102194
 21
28.13852227905393
 31
0.0
  0
LINE
  5
655
330
1F
100
AcDbEntity
  8
0
100
AcDbLine
 10
-42.09160581102194
 20
28.13852227905393
 30
0.0
 11
-42.10520881188283
 21
27.98884370263746
 31
0.0
  0
LINE
  5
656
330
1F
100
AcDbEntity
  8
0
100
AcDbLine
 10
-42.10520881188283
 20
27.98884370263746
 30
0.0
 11
-42.11496672300309
 21
27.83884989338504
 31
0.0
  0
LINE
  5
657
330
1F
100
AcDbEntity
  8
0
100
AcDbLine
 10
-42.11496672300309
 20
27.83884989338504
 30
0.0
 11
-42.12122099173995
 21
27.68858204773595
 31
0.0
  0
LINE
  5
658
330
1F
100
AcDbEntity
  8
0
100
AcDbLine
 10
-42.12122099173995
 20
27.68858204773595
 30
0.0
 11
-42.12431306548545
 21
27.5380813621225
 31
0.0
  0
LINE
  5
659
330
1F
100
AcDbEntity
  8
0
100
AcDbLine
 10
-42.12431306548545
 20
27.5380813621225
 30
0.0
 11
-42.12458439159683
 21
27.38738903300483
 31
0.0
  0
LINE
  5
65A
330
1F
100
AcDbEntity
  8
0
100
AcDbLine
 10
-42.12458439159683
 20
27.38738903300483
 30
0.0
 11
-42.12237641743136
 21
27.23654625680829
 31
0.0
  0
LINE
  5
65B
330
1F
100
AcDbEntity
  8
0
100
AcDbLine
 10
-42.12237641743136
 20
27.23654625680829
 30
0.0
 11
-42.1180305903602
 21
27.08559422999997
 31
0.0
  0
LINE
  5
65C
330
1F
100
AcDbEntity
  8
0
100
AcDbLine
 10
-42.1180305903602
 20
27.08559422999997
 30
0.0
 11
-42.11188835776147
 21
26.93457414899826
 31
0.0
  0
LINE
  5
65D
330
1F
100
AcDbEntity
  8
0
100
AcDbLine
 10
-42.11188835776147
 20
26.93457414899826
 30
0.0
 11
-42.10429116700632
 21
26.78352721027026
 31
0.0
  0
LINE
  5
65E
330
1F
100
AcDbEntity
  8
0
100
AcDbLine
 10
-42.10429116700632
 20
26.78352721027026
 30
0.0
 11
-42.09558046543811
 21
26.63249461025525
 31
0.0
  0
LINE
  5
65F
330
1F
100
AcDbEntity
  8
0
100
AcDbLine
 10
-42.09558046543811
 20
26.63249461025525
 30
0.0
 11
-42.0860977004419
 21
26.48151754538552
 31
0.0
  0
LINE
  5
660
330
1F
100
AcDbEntity
  8
0
100
AcDbLine
 10
-42.0860977004419
 20
26.48151754538552
 30
0.0
 11
-42.07618431938887
 21
26.33063721211426
 31
0.0
  0
LINE
  5
661
330
1F
100
AcDbEntity
  8
0
100
AcDbLine
 10
-42.07618431938887
 20
26.33063721211426
 30
0.0
 11
-42.06618176964323
 21
26.17989480688072
 31
0.0
  0
LINE
  5
662
330
1F
100
AcDbEntity
  8
0
100
AcDbLine
 10
-42.06618176964323
 20
26.17989480688072
 30
0.0
 11
-42.05643149856918
 21
26.02933152613811
 31
0.0
  0
LINE
  5
663
330
1F
100
AcDbEntity
  8
0
100
AcDbLine
 10
-42.05643149856918
 20
26.02933152613811
 30
0.0
 11
-42.04725832310672
 21
25.87898586194001
 31
0.0
  0
LINE
  5
664
330
1F
100
AcDbEntity
  8
0
100
AcDbLine
 10
-42.04725832310672
 20
25.87898586194001
 30
0.0
 11
-42.03878258517224
 21
25.72886305508547
 31
0.0
  0
LINE
  5
665
330
1F
100
AcDbEntity
  8
0
100
AcDbLine
 10
-42.03878258517224
 20
25.72886305508547
 30
0.0
 11
-42.03098721404743
 21
25.57894600077332
 31
0.0
  0
LINE
  5
666
330
1F
100
AcDbEntity
  8
0
100
AcDbLine
 10
-42.03098721404743
 20
25.57894600077332
 30
0.0
 11
-42.02385258891593
 21
25.42921717938515
 31
0.0
  0
LINE
  5
667
330
1F
100
AcDbEntity
  8
0
100
AcDbLine
 10
-42.02385258891593
 20
25.42921717938515
 30
0.0
 11
-42.01735908889879
 21
25.2796590714278
 31
0.0
  0
LINE
  5
668
330
1F
100
AcDbEntity
  8
0
100
AcDbLine
 10
-42.01735908889879
 20
25.2796590714278
 30
0.0
 11
-42.01148709315881
 21
25.13025415730374
 31
0.0
  0
LINE
  5
669
330
1F
100
AcDbEntity
  8
0
100
AcDbLine
 10
-42.01148709315881
 20
25.13025415730374
 30
0.0
 11
-42.00621698087271
 21
24.98098491746412
 31
0.0
  0
LINE
  5
66A
330
1F
100
AcDbEntity
  8
0
100
AcDbLine
 10
-42.00621698087271
 20
24.98098491746412
 30
0.0
 11
-42.00152913117541
 21
24.83183383238102
 31
0.0
  0
LINE
  5
66B
330
1F
100
AcDbEntity
  8
0
100
AcDbLine
 10
-42.00152913117541
 20
24.83183383238102
 30
0.0
 11
-41.99740392320887
 21
24.68278338248471
 31
0.0
  0
LINE
  5
66C
330
1F
100
AcDbEntity
  8
0
100
AcDbLine
 10
-41.99740392320887
 20
24.68278338248471
 30
0.0
 11
-41.99382173613588
 21
24.53381604822637
 31
0.0
  0
LINE
  5
66D
330
1F
100
AcDbEntity
  8
0
100
AcDbLine
 10
-41.99382173613588
 20
24.53381604822637
 30
0.0
 11
-41.99076294913311
 21
24.38491431002934
 31
0.0
  0
LINE
  5
66E
330
1F
100
AcDbEntity
  8
0
100
AcDbLine
 10
-41.99076294913311
 20
24.38491431002934
 30
0.0
 11
-41.98820794132861
 21
24.23606064837263
 31
0.0
  0
LINE
  5
66F
330
1F
100
AcDbEntity
  8
0
100
AcDbLine
 10
-41.98820794132861
 20
24.23606064837263
 30
0.0
 11
-41.98613709187819
 21
24.08723754368654
 31
0.0
  0
LINE
  5
670
330
1F
100
AcDbEntity
  8
0
100
AcDbLine
 10
-41.98613709187819
 20
24.08723754368654
 30
0.0
 11
-41.98453077993769
 21
23.93842747640136
 31
0.0
  0
LINE
  5
671
330
1F
100
AcDbEntity
  8
0
100
AcDbLine
 10
-41.98453077993769
 20
23.93842747640136
 30
0.0
 11
-41.98336938466294
 21
23.78961292699609
 31
0.0
  0
LINE
  5
672
330
1F
100
AcDbEntity
  8
0
100
AcDbLine
 10
-41.98336938466294
 20
23.78961292699609
 30
0.0
 11
-41.98263328520979
 21
23.64077637590104
 31
0.0
  0
LINE
  5
673
330
1F
100
AcDbEntity
  8
0
100
AcDbLine
 10
-41.98263328520979
 20
23.64077637590104
 30
0.0
 11
-41.98230286072013
 21
23.49190030356042
 31
0.0
  0
LINE
  5
674
330
1F
100
AcDbEntity
  8
0
100
AcDbLine
 10
-41.98230286072013
 20
23.49190030356042
 30
0.0
 11
-41.98235849037069
 21
23.34296719041148
 31
0.0
  0
LINE
  5
675
330
1F
100
AcDbEntity
  8
0
100
AcDbLine
 10
-41.98235849037069
 20
23.34296719041148
 30
0.0
 11
-41.98278055330339
 21
23.19395951689845
 31
0.0
  0
LINE
  5
676
330
1F
100
AcDbEntity
  8
0
100
AcDbLine
 10
-41.98278055330339
 20
23.19395951689845
 30
0.0
 11
-41.98354942866015
 21
23.04485976350031
 31
0.0
  0
LINE
  5
677
330
1F
100
AcDbEntity
  8
0
100
AcDbLine
 10
-41.98354942866015
 20
23.04485976350031
 30
0.0
 11
-41.98464549559679
 21
22.89565041064042
 31
0.0
  0
LINE
  5
678
330
1F
100
AcDbEntity
  8
0
100
AcDbLine
 10
-41.98464549559679
 20
22.89565041064042
 30
0.0
 11
-41.98604913328307
 21
22.74631393874908
 31
0.0
  0
LINE
  5
679
330
1F
100
AcDbEntity
  8
0
100
AcDbLine
 10
-41.98604913328307
 20
22.74631393874908
 30
0.0
 11
-41.98774072086786
 21
22.59683282829135
 31
0.0
  0
LINE
  5
67A
330
1F
100
AcDbEntity
  8
0
100
AcDbLine
 10
-41.98774072086786
 20
22.59683282829135
 30
0.0
 11
-41.98970063748614
 21
22.44718955971844
 31
0.0
  0
LINE
  5
67B
330
1F
100
AcDbEntity
  8
0
100
AcDbLine
 10
-41.98970063748614
 20
22.44718955971844
 30
0.0
 11
-41.99190926232156
 21
22.29736661346062
 31
0.0
  0
LINE
  5
67C
330
1F
100
AcDbEntity
  8
0
100
AcDbLine
 10
-41.99190926232156
 20
22.29736661346062
 30
0.0
 11
-41.99434697450907
 21
22.14734646997603
 31
0.0
  0
LINE
  5
67D
330
1F
100
AcDbEntity
  8
0
100
AcDbLine
 10
-41.99434697450907
 20
22.14734646997603
 30
0.0
 11
-41.99699415319758
 21
21.99711160970889
 31
0.0
  0
LINE
  5
67E
330
1F
100
AcDbEntity
  8
0
100
AcDbLine
 10
-41.99699415319758
 20
21.99711160970889
 30
0.0
 11
-41.99983117756377
 21
21.84664451308949
 31
0.0
  0
LINE
  5
67F
330
1F
100
AcDbEntity
  8
0
100
AcDbLine
 10
-41.99983117756377
 20
21.84664451308949
 30
0.0
 11
-42.00283842673565
 21
21.69592766059684
 31
0.0
  0
LINE
  5
680
330
1F
100
AcDbEntity
  8
0
100
AcDbLine
 10
-42.00283842673565
 20
21.69592766059684
 30
0.0
 11
-42.00599627988298
 21
21.54494353264035
 31
0.0
  0
LINE
  5
681
330
1F
100
AcDbEntity
  8
0
100
AcDbLine
 10
-42.00599627988298
 20
21.54494353264035
 30
0.0
 11
-42.00928511614767
 21
21.39367460967817
 31
0.0
  0
LINE
  5
682
330
1F
100
AcDbEntity
  8
0
100
AcDbLine
 10
-42.00928511614767
 20
21.39367460967817
 30
0.0
 11
-42.01268531468556
 21
21.24210337218233
 31
0.0
  0
LINE
  5
683
330
1F
100
AcDbEntity
  8
0
100
AcDbLine
 10
-42.01268531468556
 20
21.24210337218233
 30
0.0
 11
-42.0161772546664
 21
21.09021230054836
 31
0.0
  0
LINE
  5
684
330
1F
100
AcDbEntity
  8
0
100
AcDbLine
 10
-42.0161772546664
 20
21.09021230054836
 30
0.0
 11
-42.01974131522514
 21
20.93798387526915
 31
0.0
  0
LINE
  5
685
330
1F
100
AcDbEntity
  8
0
100
AcDbLine
 10
-42.01974131522514
 20
20.93798387526915
 30
0.0
 11
-42.02335787551762
 21
20.78540057676806
 31
0.0
  0
LINE
  5
686
330
1F
100
AcDbEntity
  8
0
100
AcDbLine
 10
-42.02335787551762
 20
20.78540057676806
 30
0.0
 11
-42.02700731470665
 21
20.63244488549626
 31
0.0
  0
LINE
  5
687
330
1F
100
AcDbEntity
  8
0
100
AcDbLine
 10
-42.02700731470665
 20
20.63244488549626
 30
0.0
 11
-42.03067001194108
 21
20.47909928189796
 31
0.0
  0
LINE
  5
688
330
1F
100
AcDbEntity
  8
0
100
AcDbLine
 10
-42.03067001194108
 20
20.47909928189796
 30
0.0
 11
-42.03432634637676
 21
20.32534624641738
 31
0.0
  0
LINE
  5
689
330
1F
100
AcDbEntity
  8
0
100
AcDbLine
 10
-42.03432634637676
 20
20.32534624641738
 30
0.0
 11
-42.03795669716257
 21
20.17116825949872
 31
0.0
  0
LINE
  5
68A
330
1F
100
AcDbEntity
  8
0
100
AcDbLine
 10
-42.03795669716257
 20
20.17116825949872
 30
0.0
 11
-42.04154144345434
 21
20.01654780158621
 31
0.0
  0
LINE
  5
68B
330
1F
100
AcDbEntity
  8
0
100
AcDbLine
 10
-42.04154144345434
 20
20.01654780158621
 30
0.0
 11
-42.0450609644079
 21
19.86146735314493
 31
0.0
  0
LINE
  5
68C
330
1F
100
AcDbEntity
  8
0
100
AcDbLine
 10
-42.0450609644079
 20
19.86146735314493
 30
0.0
 11
-42.04849563917212
 21
19.70590939459823
 31
0.0
  0
LINE
  5
68D
330
1F
100
AcDbEntity
  8
0
100
AcDbLine
 10
-42.04849563917212
 20
19.70590939459823
 30
0.0
 11
-42.05165715674348
 21
19.5499313583697
 31
0.0
  0
LINE
  5
68E
330
1F
100
AcDbEntity
  8
0
100
AcDbLine
 10
-42.05165715674348
 20
19.5499313583697
 30
0.0
 11
-42.05292298348005
 21
19.39422792669655
 31
0.0
  0
LINE
  5
68F
330
1F
100
AcDbEntity
  8
0
100
AcDbLine
 10
-42.05292298348005
 20
19.39422792669655
 30
0.0
 11
-42.04994628458606
 21
19.23981560138589
 31
0.0
  0
LINE
  5
690
330
1F
100
AcDbEntity
  8
0
100
AcDbLine
 10
-42.04994628458606
 20
19.23981560138589
 30
0.0
 11
-42.04037464952389
 21
19.08771336160633
 31
0.0
  0
LINE
  5
691
330
1F
100
AcDbEntity
  8
0
100
AcDbLine
 10
-42.04037464952389
 20
19.08771336160633
 30
0.0
 11
-42.02185566775599
 21
18.93894018654736
 31
0.0
  0
LINE
  5
692
330
1F
100
AcDbEntity
  8
0
100
AcDbLine
 10
-42.02185566775599
 20
18.93894018654736
 30
0.0
 11
-41.99203692876564
 21
18.79451505537756
 31
0.0
  0
LINE
  5
693
330
1F
100
AcDbEntity
  8
0
100
AcDbLine
 10
-41.99203692876564
 20
18.79451505537756
 30
0.0
 11
-41.94856602200136
 21
18.65545694727251
 31
0.0
  0
LINE
  5
694
330
1F
100
AcDbEntity
  8
0
100
AcDbLine
 10
-41.94856602200136
 20
18.65545694727251
 30
0.0
 11
-41.8897186549511
 21
18.52258916556708
 31
0.0
  0
LINE
  5
695
330
1F
100
AcDbEntity
  8
0
100
AcDbLine
 10
-41.8897186549511
 20
18.52258916556708
 30
0.0
 11
-41.81646353667578
 21
18.3958960703545
 31
0.0
  0
LINE
  5
696
330
1F
100
AcDbEntity
  8
0
100
AcDbLine
 10
-41.81646353667578
 20
18.3958960703545
 30
0.0
 11
-41.73049095550048
 21
18.27513723017783
 31
0.0
  0
LINE
  5
697
330
1F
100
AcDbEntity
  8
0
100
AcDbLine
 10
-41.73049095550048
 20
18.27513723017783
 30
0.0
 11
-41.63349120802923
 21
18.16007221097122
 31
0.0
  0
LINE
  5
698
330
1F
100
AcDbEntity
  8
0
100
AcDbLine
 10
-41.63349120802923
 20
18.16007221097122
 30
0.0
 11
-41.52715459086605
 21
18.05046057870357
 31
0.0
  0
LINE
  5
699
330
1F
100
AcDbEntity
  8
0
100
AcDbLine
 10
-41.52715459086605
 20
18.05046057870357
 30
0.0
 11
-41.41317140064281
 21
17.94606189928818
 31
0.0
  0
LINE
  5
69A
330
1F
100
AcDbEntity
  8
0
100
AcDbLine
 10
-38.75166805383073
 20
29.91320312239575
 30
0.0
 11
-39.4993513037328
 21
27.19875117978761
 31
0.0
  0
LINE
  5
69B
330
1F
100
AcDbEntity
  8
0
100
AcDbLine
 10
-39.4993513037328
 20
27.19875117978761
 30
0.0
 11
-40.20677452449805
 21
24.47389799568953
 31
0.0
  0
LINE
  5
69C
330
1F
100
AcDbEntity
  8
0
100
AcDbLine
 10
-40.20677452449805
 20
24.47389799568953
 30
0.0
 11
-40.78811845099293
 21
21.71705266990471
 31
0.0
  0
LINE
  5
69D
330
1F
100
AcDbEntity
  8
0
100
AcDbLine
 10
-40.78811845099293
 20
21.71705266990471
 30
0.0
 11
-41.25960017356405
 21
18.93476917938531
 31
0.0
  0
LINE
  5
69E
330
1F
100
AcDbEntity
  8
0
100
AcDbLine
 10
-41.25960017356405
 20
18.93476917938531
 30
0.0
 11
-41.6067899160668
 21
16.13355829435475
 31
0.0
  0
LINE
  5
69F
330
1F
100
AcDbEntity
  8
0
100
AcDbLine
 10
-41.6067899160668
 20
16.13355829435475
 30
0.0
 11
-41.75117856560466
 21
13.31933488348694
 31
0.0
  0
LINE
  5
6A0
330
1F
100
AcDbEntity
  8
0
100
AcDbLine
 10
1.761165636532645
 20
22.5867060246855
 30
0.0
 11
1.795765506499538
 21
23.59590746730161
 31
0.0
  0
LINE
  5
6A1
330
1F
100
AcDbEntity
  8
0
100
AcDbLine
 10
1.795765506499538
 20
23.59590746730161
 30
0.0
 11
1.856790504981657
 21
24.60478823312144
 31
0.0
  0
LINE
  5
6A2
330
1F
100
AcDbEntity
  8
0
100
AcDbLine
 10
1.856790504981657
 20
24.60478823312144
 30
0.0
 11
1.895516623732373
 21
25.64111168661097
 31
0.0
  0
LINE
  5
6A3
330
1F
100
AcDbEntity
  8
0
100
AcDbLine
 10
1.895516623732373
 20
25.64111168661097
 30
0.0
 11
2.079507734543272
 21
26.63824695445992
 31
0.0
  0
LINE
  5
6A4
330
1F
100
AcDbEntity
  8
0
100
AcDbLine
 10
2.079507734543272
 20
26.63824695445992
 30
0.0
 11
2.909530255895759
 21
27.15354897059767
 31
0.0
  0
LINE
  5
6A5
330
1F
100
AcDbEntity
  8
0
100
AcDbLine
 10
2.909530255895759
 20
27.15354897059767
 30
0.0
 11
3.929421688019092
 21
27.15416723626024
 31
0.0
  0
LINE
  5
6A6
330
1F
100
AcDbEntity
  8
0
100
AcDbLine
 10
3.929421688019092
 20
27.15416723626024
 30
0.0
 11
4.940531946460813
 21
27.19098102811672
 31
0.0
  0
LINE
  5
6A7
330
1F
100
AcDbEntity
  8
0
100
AcDbLine
 10
4.940531946460813
 20
27.19098102811672
 30
0.0
 11
5.767194083053219
 21
26.67161075645163
 31
0.0
  0
LINE
  5
6A8
330
1F
100
AcDbEntity
  8
0
100
AcDbLine
 10
5.767194083053219
 20
26.67161075645163
 30
0.0
 11
6.013474632789749
 21
25.68895529300524
 31
0.0
  0
LINE
  5
6A9
330
1F
100
AcDbEntity
  8
0
100
AcDbLine
 10
6.013474632789749
 20
25.68895529300524
 30
0.0
 11
6.09852373811155
 21
24.67688316923193
 31
0.0
  0
LINE
  5
6AA
330
1F
100
AcDbEntity
  8
0
100
AcDbLine
 10
6.09852373811155
 20
24.67688316923193
 30
0.0
 11
6.141416576939629
 21
23.66555071128937
 31
0.0
  0
LINE
  5
6AB
330
1F
100
AcDbEntity
  8
0
100
AcDbLine
 10
6.141416576939629
 20
23.66555071128937
 30
0.0
 11
6.142855075656534
 21
22.64981083150125
 31
0.0
  0
LINE
  5
6AC
330
1F
100
AcDbEntity
  8
0
100
AcDbLine
 10
6.142855075656534
 20
22.64981083150125
 30
0.0
 11
6.1035411606309
 21
21.6245164421843
 31
0.0
  0
LINE
  5
6AD
330
1F
100
AcDbEntity
  8
0
100
AcDbLine
 10
6.1035411606309
 20
21.6245164421843
 30
0.0
 11
5.920722834225955
 21
20.63498808985325
 31
0.0
  0
LINE
  5
6AE
330
1F
100
AcDbEntity
  8
0
100
AcDbLine
 10
5.920722834225955
 20
20.63498808985325
 30
0.0
 11
4.978175411213223
 21
20.28220003744576
 31
0.0
  0
LINE
  5
6AF
330
1F
100
AcDbEntity
  8
0
100
AcDbLine
 10
4.978175411213223
 20
20.28220003744576
 30
0.0
 11
3.977002735329178
 21
20.28525900245294
 31
0.0
  0
LINE
  5
6B0
330
1F
100
AcDbEntity
  8
0
100
AcDbLine
 10
3.977002735329178
 20
20.28525900245294
 30
0.0
 11
2.983042006708573
 21
20.27390331804554
 31
0.0
  0
LINE
  5
6B1
330
1F
100
AcDbEntity
  8
0
100
AcDbLine
 10
2.983042006708573
 20
20.27390331804554
 30
0.0
 11
2.027756881792286
 21
20.57667599587091
 31
0.0
  0
LINE
  5
6B2
330
1F
100
AcDbEntity
  8
0
100
AcDbLine
 10
2.027756881792286
 20
20.57667599587091
 30
0.0
 11
1.816511268231675
 21
21.57994774241935
 31
0.0
  0
LINE
  5
6B3
330
1F
100
AcDbEntity
  8
0
100
AcDbLine
 10
1.816511268231675
 20
21.57994774241935
 30
0.0
 11
1.761165636532645
 21
22.5867060246855
 31
0.0
  0
LINE
  5
6B4
330
1F
100
AcDbEntity
  8
0
100
AcDbLine
 10
-0.1444323722549745
 20
28.52481796667231
 30
0.0
 11
0.6187342954491528
 21
26.43078087796313
 31
0.0
  0
LINE
  5
6B5
330
1F
100
AcDbEntity
  8
0
100
AcDbLine
 10
0.6187342954491528
 20
26.43078087796313
 30
0.0
 11
1.141427090266367
 21
24.27098875175244
 31
0.0
  0
LINE
  5
6B6
330
1F
100
AcDbEntity
  8
0
100
AcDbLine
 10
1.141427090266367
 20
24.27098875175244
 30
0.0
 11
1.596799219307603
 21
22.08544728979189
 31
0.0
  0
LINE
  5
6B7
330
1F
100
AcDbEntity
  8
0
100
AcDbLine
 10
1.596799219307603
 20
22.08544728979189
 30
0.0
 11
1.910993232750639
 21
19.87491281878073
 31
0.0
  0
LINE
  5
6B8
330
1F
100
AcDbEntity
  8
0
100
AcDbLine
 10
1.910993232750639
 20
19.87491281878073
 30
0.0
 11
2.088772630250387
 21
17.64878031933978
 31
0.0
  0
LINE
  5
6B9
330
1F
100
AcDbEntity
  8
0
100
AcDbLine
 10
2.088772630250387
 20
17.64878031933978
 30
0.0
 11
2.176814586944425
 21
15.41739273649111
 31
0.0
  0
LINE
  5
6BA
330
1F
100
AcDbEntity
  8
0
100
AcDbLine
 10
2.176814586944425
 20
15.41739273649111
 30
0.0
 11
2.210548242733257
 21
13.18528977987694
 31
0.0
  0
LINE
  5
6BB
330
1F
100
AcDbEntity
  8
0
100
AcDbLine
 10
2.210548242733257
 20
13.18528977987694
 30
0.0
 11
2.217215519442028
 21
10.95287349434222
 31
0.0
  0
LINE
  5
6BC
330
1F
100
AcDbEntity
  8
0
100
AcDbLine
 10
35.6426311459152
 20
24.27328660904231
 30
0.0
 11
35.96025262486699
 21
22.10564738730731
 31
0.0
  0
LINE
  5
6BD
330
1F
100
AcDbEntity
  8
0
100
AcDbLine
 10
35.96025262486699
 20
22.10564738730731
 30
0.0
 11
36.12502118253452
 21
19.91612635573786
 31
0.0
  0
LINE
  5
6BE
330
1F
100
AcDbEntity
  8
0
100
AcDbLine
 10
36.12502118253452
 20
19.91612635573786
 30
0.0
 11
36.21646515341708
 21
17.72351242398872
 31
0.0
  0
LINE
  5
6BF
330
1F
100
AcDbEntity
  8
0
100
AcDbLine
 10
36.21646515341708
 20
17.72351242398872
 30
0.0
 11
36.26148382876035
 21
15.53194041744112
 31
0.0
  0
LINE
  5
6C0
330
1F
100
AcDbEntity
  8
0
100
AcDbLine
 10
36.26148382876035
 20
15.53194041744112
 30
0.0
 11
36.26747506483611
 21
13.3401151619775
 31
0.0
  0
LINE
  5
6C1
330
1F
100
AcDbEntity
  8
0
100
AcDbLine
 10
15.63284694189806
 20
39.72118007806871
 30
0.0
 11
17.22930981664038
 21
38.74606066009448
 31
0.0
  0
LINE
  5
6C2
330
1F
100
AcDbEntity
  8
0
100
AcDbLine
 10
17.22930981664038
 20
38.74606066009448
 30
0.0
 11
19.07761648596937
 21
38.32498667005518
 31
0.0
  0
LINE
  5
6C3
330
1F
100
AcDbEntity
  8
0
100
AcDbLine
 10
19.07761648596937
 20
38.32498667005518
 30
0.0
 11
20.94857372344327
 21
37.97983608022929
 31
0.0
  0
LINE
  5
6C4
330
1F
100
AcDbEntity
  8
0
100
AcDbLine
 10
20.94857372344327
 20
37.97983608022929
 30
0.0
 11
22.80788362989932
 21
37.60813595337855
 31
0.0
  0
LINE
  5
6C5
330
1F
100
AcDbEntity
  8
0
100
AcDbLine
 10
22.80788362989932
 20
37.60813595337855
 30
0.0
 11
24.6716032637081
 21
37.27735806289987
 31
0.0
  0
LINE
  5
6C6
330
1F
100
AcDbEntity
  8
0
100
AcDbLine
 10
24.6716032637081
 20
37.27735806289987
 30
0.0
 11
26.54865172371565
 21
37.00307988107998
 31
0.0
  0
LINE
  5
6C7
330
1F
100
AcDbEntity
  8
0
100
AcDbLine
 10
26.54865172371565
 20
37.00307988107998
 30
0.0
 11
28.43267130264789
 21
36.7296292108
 31
0.0
  0
LINE
  5
6C8
330
1F
100
AcDbEntity
  8
0
100
AcDbLine
 10
28.43267130264789
 20
36.7296292108
 30
0.0
 11
30.23112364331974
 21
36.13260131896544
 31
0.0
  0
LINE
  5
6C9
330
1F
100
AcDbEntity
  8
0
100
AcDbLine
 10
30.23112364331974
 20
36.13260131896544
 30
0.0
 11
31.74161768940859
 21
34.97228635363758
 31
0.0
  0
LINE
  5
6CA
330
1F
100
AcDbEntity
  8
0
100
AcDbLine
 10
31.74161768940859
 20
34.97228635363758
 30
0.0
 11
32.88324800067489
 21
33.42701443200865
 31
0.0
  0
LINE
  5
6CB
330
1F
100
AcDbEntity
  8
0
100
AcDbLine
 10
32.88324800067489
 20
33.42701443200865
 30
0.0
 11
33.76696687271176
 21
31.72305502513279
 31
0.0
  0
LINE
  5
6CC
330
1F
100
AcDbEntity
  8
0
100
AcDbLine
 10
33.76696687271176
 20
31.72305502513279
 30
0.0
 11
34.42118950264346
 21
29.91319373076687
 31
0.0
  0
LINE
  5
6CD
330
1F
100
AcDbEntity
  8
0
100
AcDbLine
 10
34.42118950264346
 20
29.91319373076687
 30
0.0
 11
34.9646104585033
 21
28.06401854515469
 31
0.0
  0
LINE
  5
6CE
330
1F
100
AcDbEntity
  8
0
100
AcDbLine
 10
34.9646104585033
 20
28.06401854515469
 30
0.0
 11
35.37433305275044
 21
26.18308534396571
 31
0.0
  0
LINE
  5
6CF
330
1F
100
AcDbEntity
  8
0
100
AcDbLine
 10
35.37433305275044
 20
26.18308534396571
 30
0.0
 11
35.6426311459152
 21
24.27328660904231
 31
0.0
  0
LINE
  5
6D0
330
1F
100
AcDbEntity
  8
0
100
AcDbLine
 10
13.11567019190515
 20
33.50649812915546
 30
0.0
 11
14.81014410452751
 21
32.74738104044287
 31
0.0
  0
LINE
  5
6D1
330
1F
100
AcDbEntity
  8
0
100
AcDbLine
 10
14.81014410452751
 20
32.74738104044287
 30
0.0
 11
16.37652452917569
 21
31.73001742617525
 31
0.0
  0
LINE
  5
6D2
330
1F
100
AcDbEntity
  8
0
100
AcDbLine
 10
16.37652452917569
 20
31.73001742617525
 30
0.0
 11
17.74930986104996
 21
30.47303715182159
 31
0.0
  0
LINE
  5
6D3
330
1F
100
AcDbEntity
  8
0
100
AcDbLine
 10
17.74930986104996
 20
30.47303715182159
 30
0.0
 11
18.88351321218991
 21
28.97908093631748
 31
0.0
  0
LINE
  5
6D4
330
1F
100
AcDbEntity
  8
0
100
AcDbLine
 10
18.88351321218991
 20
28.97908093631748
 30
0.0
 11
19.81679829963263
 21
27.33369677072419
 31
0.0
  0
LINE
  5
6D5
330
1F
100
AcDbEntity
  8
0
100
AcDbLine
 10
19.81679829963263
 20
27.33369677072419
 30
0.0
 11
20.57665354965391
 21
25.60829973759585
 31
0.0
  0
LINE
  5
6D6
330
1F
100
AcDbEntity
  8
0
100
AcDbLine
 10
20.57665354965391
 20
25.60829973759585
 30
0.0
 11
21.14481534102155
 21
23.81714496861212
 31
0.0
  0
LINE
  5
6D7
330
1F
100
AcDbEntity
  8
0
100
AcDbLine
 10
21.14481534102155
 20
23.81714496861212
 30
0.0
 11
21.51106625355279
 21
21.97099620754578
 31
0.0
  0
LINE
  5
6D8
330
1F
100
AcDbEntity
  8
0
100
AcDbLine
 10
17.83035970741905
 20
39.80543528080456
 30
0.0
 11
19.91956472828922
 21
39.10337520353164
 31
0.0
  0
LINE
  5
6D9
330
1F
100
AcDbEntity
  8
0
100
AcDbLine
 10
19.91956472828922
 20
39.10337520353164
 30
0.0
 11
22.05666681889477
 21
38.59548868471332
 31
0.0
  0
LINE
  5
6DA
330
1F
100
AcDbEntity
  8
0
100
AcDbLine
 10
22.05666681889477
 20
38.59548868471332
 30
0.0
 11
24.21789902739798
 21
38.20188721321548
 31
0.0
  0
LINE
  5
6DB
330
1F
100
AcDbEntity
  8
0
100
AcDbLine
 10
24.21789902739798
 20
38.20188721321548
 30
0.0
 11
26.39340791117332
 21
37.8692761051358
 31
0.0
  0
LINE
  5
6DC
330
1F
100
AcDbEntity
  8
0
100
AcDbLine
 10
26.39340791117332
 20
37.8692761051358
 30
0.0
 11
28.55907035260115
 21
37.50802644521118
 31
0.0
  0
LINE
  5
6DD
330
1F
100
AcDbEntity
  8
0
100
AcDbLine
 10
28.55907035260115
 20
37.50802644521118
 30
0.0
 11
30.72675292206449
 21
37.06458986216582
 31
0.0
  0
LINE
  5
6DE
330
1F
100
AcDbEntity
  8
0
100
AcDbLine
 10
30.72675292206449
 20
37.06458986216582
 30
0.0
 11
32.74731969278158
 21
36.21601249404235
 31
0.0
  0
LINE
  5
6DF
330
1F
100
AcDbEntity
  8
0
100
AcDbLine
 10
32.74731969278158
 20
36.21601249404235
 30
0.0
 11
34.39855278226968
 21
34.73296036808089
 31
0.0
  0
LINE
  5
6E0
330
1F
100
AcDbEntity
  8
0
100
AcDbLine
 10
34.39855278226968
 20
34.73296036808089
 30
0.0
 11
35.59262200530021
 21
32.85970205375106
 31
0.0
  0
LINE
  5
6E1
330
1F
100
AcDbEntity
  8
0
100
AcDbLine
 10
35.59262200530021
 20
32.85970205375106
 30
0.0
 11
36.39557745909084
 21
30.7754554468034
 31
0.0
  0
LINE
  5
6E2
330
1F
100
AcDbEntity
  8
0
100
AcDbLine
 10
36.39557745909084
 20
30.7754554468034
 30
0.0
 11
37.01150040520064
 21
28.62918509025113
 31
0.0
  0
LINE
  5
6E3
330
1F
100
AcDbEntity
  8
0
100
AcDbLine
 10
37.01150040520064
 20
28.62918509025113
 30
0.0
 11
37.49445570017252
 21
26.44628562201775
 31
0.0
  0
LINE
  5
6E4
330
1F
100
AcDbEntity
  8
0
100
AcDbLine
 10
37.49445570017252
 20
26.44628562201775
 30
0.0
 11
37.83808200978631
 21
24.23652117763853
 31
0.0
  0
LINE
  5
6E5
330
1F
100
AcDbEntity
  8
0
100
AcDbLine
 10
37.83808200978631
 20
24.23652117763853
 30
0.0
 11
38.00221338968102
 21
22.00768372628487
 31
0.0
  0
LINE
  5
6E6
330
1F
100
AcDbEntity
  8
0
100
AcDbLine
 10
-7.646531514115436
 20
38.58388721986004
 30
0.0
 11
-3.902059057271467
 21
38.48579125070532
 31
0.0
  0
LINE
  5
6E7
330
1F
100
AcDbEntity
  8
0
100
AcDbLine
 10
-3.902059057271467
 20
38.48579125070532
 30
0.0
 11
-0.1617691295944426
 21
38.27571434308859
 31
0.0
  0
LINE
  5
6E8
330
1F
100
AcDbEntity
  8
0
100
AcDbLine
 10
-0.1617691295944426
 20
38.27571434308859
 30
0.0
 11
3.574600549367886
 21
38.0094087135988
 31
0.0
  0
LINE
  5
6E9
330
1F
100
AcDbEntity
  8
0
100
AcDbLine
 10
3.574600549367886
 20
38.0094087135988
 30
0.0
 11
7.310552733535213
 21
37.73805995130519
 31
0.0
  0
LINE
  5
6EA
330
1F
100
AcDbEntity
  8
0
100
AcDbLine
 10
7.310552733535213
 20
37.73805995130519
 30
0.0
 11
11.04466642842688
 21
37.43625686902861
 31
0.0
  0
LINE
  5
6EB
330
1F
100
AcDbEntity
  8
0
100
AcDbLine
 10
11.04466642842688
 20
37.43625686902861
 30
0.0
 11
14.77514954315012
 21
37.08609636663872
 31
0.0
  0
LINE
  5
6EC
330
1F
100
AcDbEntity
  8
0
100
AcDbLine
 10
14.77514954315012
 20
37.08609636663872
 30
0.0
 11
18.50210618455534
 21
36.72552331042018
 31
0.0
  0
LINE
  5
6ED
330
1F
100
AcDbEntity
  8
0
100
AcDbLine
 10
18.50210618455534
 20
36.72552331042018
 30
0.0
 11
22.2317316318589
 21
36.38145237256123
 31
0.0
  0
LINE
  5
6EE
330
1F
100
AcDbEntity
  8
0
100
AcDbLine
 10
22.2317316318589
 20
36.38145237256123
 30
0.0
 11
25.9586224896602
 21
35.95354651665685
 31
0.0
  0
LINE
  5
6EF
330
1F
100
AcDbEntity
  8
0
100
AcDbLine
 10
25.9586224896602
 20
35.95354651665685
 30
0.0
 11
29.4807409950188
 21
34.68689960891415
 31
0.0
  0
LINE
  5
6F0
330
1F
100
AcDbEntity
  8
0
100
AcDbLine
 10
29.4807409950188
 20
34.68689960891415
 30
0.0
 11
32.08772957974676
 21
31.9985423441868
 31
0.0
  0
LINE
  5
6F1
330
1F
100
AcDbEntity
  8
0
100
AcDbLine
 10
32.08772957974676
 20
31.9985423441868
 30
0.0
 11
33.23507181026545
 21
28.37519129107351
 31
0.0
  0
LINE
  5
6F2
330
1F
100
AcDbEntity
  8
0
100
AcDbLine
 10
33.23507181026545
 20
28.37519129107351
 30
0.0
 11
33.89601953261019
 21
24.62661716503409
 31
0.0
  0
LINE
  5
6F3
330
1F
100
AcDbEntity
  8
0
100
AcDbLine
 10
33.89601953261019
 20
24.62661716503409
 30
0.0
 11
34.27718989148787
 21
20.82595006299699
 31
0.0
  0
LINE
  5
6F4
330
1F
100
AcDbEntity
  8
0
100
AcDbLine
 10
34.27718989148787
 20
20.82595006299699
 30
0.0
 11
34.47804906130114
 21
17.0149101004677
 31
0.0
  0
LINE
  5
6F5
330
1F
100
AcDbEntity
  8
0
100
AcDbLine
 10
34.47804906130114
 20
17.0149101004677
 30
0.0
 11
34.53628628952346
 21
13.20749653462035
 31
0.0
  0
LINE
  5
6F6
330
1F
100
AcDbEntity
  8
0
100
AcDbLine
 10
-56.9881639273058
 20
34.7740999309698
 30
0.0
 11
-58.50141020251835
 21
32.47773669156253
 31
0.0
  0
LINE
  5
6F7
330
1F
100
AcDbEntity
  8
0
100
AcDbLine
 10
-58.50141020251835
 20
32.47773669156253
 30
0.0
 11
-59.63977935966287
 21
29.9650846405541
 31
0.0
  0
LINE
  5
6F8
330
1F
100
AcDbEntity
  8
0
100
AcDbLine
 10
-59.63977935966287
 20
29.9650846405541
 30
0.0
 11
-60.55616952712797
 21
27.35712422245584
 31
0.0
  0
LINE
  5
6F9
330
1F
100
AcDbEntity
  8
0
100
AcDbLine
 10
-60.55616952712797
 20
27.35712422245584
 30
0.0
 11
-61.24571184549685
 21
24.68371983554627
 31
0.0
  0
LINE
  5
6FA
330
1F
100
AcDbEntity
  8
0
100
AcDbLine
 10
-61.24571184549685
 20
24.68371983554627
 30
0.0
 11
-61.70660522956101
 21
21.95894874579747
 31
0.0
  0
LINE
  5
6FB
330
1F
100
AcDbEntity
  8
0
100
AcDbLine
 10
-61.70660522956101
 20
21.95894874579747
 30
0.0
 11
-62.0576072864713
 21
19.21091696966883
 31
0.0
  0
LINE
  5
6FC
330
1F
100
AcDbEntity
  8
0
100
AcDbLine
 10
-62.0576072864713
 20
19.21091696966883
 30
0.0
 11
-62.34754975728992
 21
16.45773892735852
 31
0.0
  0
LINE
  5
6FD
330
1F
100
AcDbEntity
  8
0
100
AcDbLine
 10
-62.34754975728992
 20
16.45773892735852
 30
0.0
 11
-62.47851133366931
 21
13.69722594843356
 31
0.0
  0
LINE
  5
6FE
330
1F
100
AcDbEntity
  8
0
100
AcDbLine
 10
-58.67996936092317
 20
35.29053955853336
 30
0.0
 11
-60.66134576568558
 21
32.6910408501799
 31
0.0
  0
LINE
  5
6FF
330
1F
100
AcDbEntity
  8
0
100
AcDbLine
 10
-60.66134576568558
 20
32.6910408501799
 30
0.0
 11
-62.18137023943293
 21
29.78421137284592
 31
0.0
  0
LINE
  5
700
330
1F
100
AcDbEntity
  8
0
100
AcDbLine
 10
-62.18137023943293
 20
29.78421137284592
 30
0.0
 11
-63.30597845865618
 21
26.69661667950504
 31
0.0
  0
LINE
  5
701
330
1F
100
AcDbEntity
  8
0
100
AcDbLine
 10
-63.30597845865618
 20
26.69661667950504
 30
0.0
 11
-64.12974105134214
 21
23.51038979052633
 31
0.0
  0
LINE
  5
702
330
1F
100
AcDbEntity
  8
0
100
AcDbLine
 10
-64.12974105134214
 20
23.51038979052633
 30
0.0
 11
-64.72915078012099
 21
20.26839727628509
 31
0.0
  0
LINE
  5
703
330
1F
100
AcDbEntity
  8
0
100
AcDbLine
 10
-64.72915078012099
 20
20.26839727628509
 30
0.0
 11
-65.12114354870317
 21
16.99760956875271
 31
0.0
  0
LINE
  5
704
330
1F
100
AcDbEntity
  8
0
100
AcDbLine
 10
-65.12114354870317
 20
16.99760956875271
 30
0.0
 11
-65.27098042669044
 21
13.71132229543433
 31
0.0
  0
LINE
  5
705
330
1F
100
AcDbEntity
  8
0
100
AcDbLine
 10
-51.39868000177555
 20
36.41894464450994
 30
0.0
 11
-53.99332067254738
 21
36.42805841978113
 31
0.0
  0
LINE
  5
706
330
1F
100
AcDbEntity
  8
0
100
AcDbLine
 10
-53.99332067254738
 20
36.42805841978113
 30
0.0
 11
-56.5679210365423
 21
36.09320059438664
 31
0.0
  0
LINE
  5
707
330
1F
100
AcDbEntity
  8
0
100
AcDbLine
 10
-56.5679210365423
 20
36.09320059438664
 30
0.0
 11
-59.04190909002531
 21
35.30528854866002
 31
0.0
  0
LINE
  5
708
330
1F
100
AcDbEntity
  8
0
100
AcDbLine
 10
-59.04190909002531
 20
35.30528854866002
 30
0.0
 11
-61.04242272203563
 21
33.64890054546522
 31
0.0
  0
LINE
  5
709
330
1F
100
AcDbEntity
  8
0
100
AcDbLine
 10
-61.04242272203563
 20
33.64890054546522
 30
0.0
 11
-62.54761129493994
 21
31.48026435768192
 31
0.0
  0
LINE
  5
70A
330
1F
100
AcDbEntity
  8
0
100
AcDbLine
 10
-62.54761129493994
 20
31.48026435768192
 30
0.0
 11
-63.9080864597295
 21
29.23698599870872
 31
0.0
  0
LINE
  5
70B
330
1F
100
AcDbEntity
  8
0
100
AcDbLine
 10
-63.9080864597295
 20
29.23698599870872
 30
0.0
 11
-64.73894997303024
 21
26.73930354301737
 31
0.0
  0
LINE
  5
70C
330
1F
100
AcDbEntity
  8
0
100
AcDbLine
 10
-64.73894997303024
 20
26.73930354301737
 30
0.0
 11
-65.32100265651587
 21
24.15864772622134
 31
0.0
  0
LINE
  5
70D
330
1F
100
AcDbEntity
  8
0
100
AcDbLine
 10
-65.32100265651587
 20
24.15864772622134
 30
0.0
 11
-65.81171823453694
 21
21.57042165649356
 31
0.0
  0
LINE
  5
70E
330
1F
100
AcDbEntity
  8
0
100
AcDbLine
 10
-65.81171823453694
 20
21.57042165649356
 30
0.0
 11
-66.2427201224232
 21
18.96930026659716
 31
0.0
  0
LINE
  5
70F
330
1F
100
AcDbEntity
  8
0
100
AcDbLine
 10
-66.2427201224232
 20
18.96930026659716
 30
0.0
 11
-66.60818546546729
 21
16.35151341488184
 31
0.0
  0
LINE
  5
710
330
1F
100
AcDbEntity
  8
0
100
AcDbLine
 10
-66.60818546546729
 20
16.35151341488184
 30
0.0
 11
-66.77461799974787
 21
13.71891263799369
 31
0.0
  0
LINE
  5
711
330
1F
100
AcDbEntity
  8
0
100
AcDbLine
 10
-80.46836599725438
 20
39.56288201038699
 30
0.0
 11
-83.27983505797278
 21
38.9470841972299
 31
0.0
  0
LINE
  5
712
330
1F
100
AcDbEntity
  8
0
100
AcDbLine
 10
-83.27983505797278
 20
38.9470841972299
 30
0.0
 11
-85.98747915476535
 21
37.75377980487078
 31
0.0
  0
LINE
  5
713
330
1F
100
AcDbEntity
  8
0
100
AcDbLine
 10
-85.98747915476535
 20
37.75377980487078
 30
0.0
 11
-88.60415746873647
 21
36.47725339234873
 31
0.0
  0
LINE
  5
714
330
1F
100
AcDbEntity
  8
0
100
AcDbLine
 10
-88.60415746873647
 20
36.47725339234873
 30
0.0
 11
-90.91224003723885
 21
34.71689789534548
 31
0.0
  0
LINE
  5
715
330
1F
100
AcDbEntity
  8
0
100
AcDbLine
 10
-90.91224003723885
 20
34.71689789534548
 30
0.0
 11
-92.76736687965203
 21
32.43987334522792
 31
0.0
  0
LINE
  5
716
330
1F
100
AcDbEntity
  8
0
100
AcDbLine
 10
-92.76736687965203
 20
32.43987334522792
 30
0.0
 11
-94.13647013867163
 21
29.8370614991872
 31
0.0
  0
LINE
  5
717
330
1F
100
AcDbEntity
  8
0
100
AcDbLine
 10
-94.13647013867163
 20
29.8370614991872
 30
0.0
 11
-95.04171715428093
 21
27.03031934747398
 31
0.0
  0
LINE
  5
718
330
1F
100
AcDbEntity
  8
0
100
AcDbLine
 10
-95.04171715428093
 20
27.03031934747398
 30
0.0
 11
-95.5690931490231
 21
24.12392834018783
 31
0.0
  0
LINE
  5
719
330
1F
100
AcDbEntity
  8
0
100
AcDbLine
 10
-95.5690931490231
 20
24.12392834018783
 30
0.0
 11
-92.11895451362405
 21
25.01477886858675
 31
0.0
  0
LINE
  5
71A
330
1F
100
AcDbEntity
  8
0
100
AcDbLine
 10
-92.11895451362405
 20
25.01477886858675
 30
0.0
 11
-88.63041376935563
 21
25.74783541710535
 31
0.0
  0
LINE
  5
71B
330
1F
100
AcDbEntity
  8
0
100
AcDbLine
 10
-88.63041376935563
 20
25.74783541710535
 30
0.0
 11
-85.12250467032389
 21
26.38290915894829
 31
0.0
  0
LINE
  5
71C
330
1F
100
AcDbEntity
  8
0
100
AcDbLine
 10
-85.12250467032389
 20
26.38290915894829
 30
0.0
 11
-81.60793090856846
 21
26.96294445916311
 31
0.0
  0
LINE
  5
71D
330
1F
100
AcDbEntity
  8
0
100
AcDbLine
 10
-81.60793090856846
 20
26.96294445916311
 30
0.0
 11
-78.0878271273927
 21
27.50005929873198
 31
0.0
  0
LINE
  5
71E
330
1F
100
AcDbEntity
  8
0
100
AcDbLine
 10
-78.0878271273927
 20
27.50005929873198
 30
0.0
 11
-74.56209463082554
 21
28.00308529360468
 31
0.0
  0
LINE
  5
71F
330
1F
100
AcDbEntity
  8
0
100
AcDbLine
 10
-74.56209463082554
 20
28.00308529360468
 30
0.0
 11
-71.03035530503456
 21
28.47185516030613
 31
0.0
  0
LINE
  5
720
330
1F
100
AcDbEntity
  8
0
100
AcDbLine
 10
-71.03035530503456
 20
28.47185516030613
 30
0.0
 11
-67.49117859612575
 21
28.87230684239978
 31
0.0
  0
LINE
  5
721
330
1F
100
AcDbEntity
  8
0
100
AcDbLine
 10
-67.49117859612575
 20
28.87230684239978
 30
0.0
 11
-63.94288620663199
 21
29.16239948176969
 31
0.0
  0
LINE
  5
722
330
1F
100
AcDbEntity
  8
0
100
AcDbLine
 10
33.01847573744308
 20
29.26824449859433
 30
0.0
 11
34.91222441508096
 21
28.41500849530868
 31
0.0
  0
LINE
  5
723
330
1F
100
AcDbEntity
  8
0
100
AcDbLine
 10
32.85640833536453
 20
-2.837109540113263
 30
0.0
 11
34.75867453040219
 21
-2.003035769640317
 31
0.0
  0
LINE
  5
724
330
1F
100
AcDbEntity
  8
0
100
AcDbLine
 10
-46.77580559044287
 20
-12.67062284762159
 30
0.0
 11
17.56268584966022
 21
-13.22042840512487
 31
0.0
  0
LINE
  5
725
330
1F
100
AcDbEntity
  8
0
100
AcDbLine
 10
-46.5104035283558
 20
39.90520089703504
 30
0.0
 11
17.83035970741905
 21
39.80543528080456
 31
0.0
  0
LINE
  5
726
330
1F
100
AcDbEntity
  8
0
100
AcDbLine
 10
7.134629013903641
 20
-2.802583378216744
 30
0.0
 11
7.221670076569443
 21
14.27537160594959
 31
0.0
  0
LINE
  5
727
330
1F
100
AcDbEntity
  8
0
100
AcDbLine
 10
7.297658709766927
 20
29.4933998819177
 30
0.0
 11
7.212281148787584
 21
12.41543650041068
 31
0.0
  0
LINE
  5
728
330
1F
100
AcDbEntity
  8
0
100
AcDbLine
 10
-48.41247406314363
 20
-7.017686795650966
 30
0.0
 11
-49.08372653265181
 21
-9.171071964697166
 31
0.0
  0
LINE
  5
729
330
1F
100
AcDbEntity
  8
0
100
AcDbLine
 10
-48.4254414470437
 20
-9.586509677448001
 30
0.0
 11
-46.77580559044287
 21
-12.67062284762159
 31
0.0
  0
LINE
  5
72A
330
1F
100
AcDbEntity
  8
0
100
AcDbLine
 10
-49.08372653265181
 20
-9.171071964697166
 30
0.0
 11
-49.49002974089568
 21
-9.58113564983356
 31
0.0
  0
LINE
  5
72B
330
1F
100
AcDbEntity
  8
0
100
AcDbLine
 10
-49.49002974089568
 20
-9.58113564983356
 30
0.0
 11
-48.4254414470437
 21
-9.586509677448001
 31
0.0
  0
LINE
  5
72C
330
1F
100
AcDbEntity
  8
0
100
AcDbLine
 10
-48.1910916459497
 20
36.83789915819607
 30
0.0
 11
-46.5104035283558
 21
39.90520089703504
 31
0.0
  0
LINE
  5
72D
330
1F
100
AcDbEntity
  8
0
100
AcDbLine
 10
-58.67996936092317
 20
35.29053955853336
 30
0.0
 11
-40.57674724714755
 21
30.46166933776902
 31
0.0
  0
LINE
  5
72E
330
1F
100
AcDbEntity
  8
0
100
AcDbLine
 10
-48.20405902984281
 20
34.26907627638511
 30
0.0
 11
-48.85353732462654
 21
36.42912847685353
 31
0.0
  0
LINE
  5
72F
330
1F
100
AcDbEntity
  8
0
100
AcDbLine
 10
-49.2556799398156
 20
36.84327318580355
 30
0.0
 11
-48.1910916459497
 21
36.83789915819607
 31
0.0
  0
LINE
  5
730
330
1F
100
AcDbEntity
  8
0
100
AcDbLine
 10
-48.85353732462654
 20
36.42912847685353
 30
0.0
 11
-49.2556799398156
 21
36.84327318580355
 31
0.0
  0
LINE
  5
731
330
1F
100
AcDbEntity
  8
0
100
AcDbLine
 10
-48.69977324199807
 20
32.46788689914071
 30
0.0
 11
-49.80053484421093
 21
18.12485336911934
 31
0.0
  0
LINE
  5
732
330
1F
100
AcDbEntity
  8
0
100
AcDbLine
 10
-45.74003286116098
 20
-0.2399633120979848
 30
0.0
 11
-48.70174405632568
 21
-0.2250126332045545
 31
0.0
  0
LINE
  5
733
330
1F
100
AcDbEntity
  8
0
100
AcDbLine
 10
-45.89786398314575
 20
4.786410296454901
 30
0.0
 11
-48.67606246553298
 21
4.862479076701779
 31
0.0
  0
LINE
  5
734
330
1F
100
AcDbEntity
  8
0
100
AcDbLine
 10
-58.898162913436
 20
-7.933336202675725
 30
0.0
 11
-40.74711249133566
 21
-3.287477069632087
 31
0.0
  0
LINE
  5
735
330
1F
100
AcDbEntity
  8
0
100
AcDbLine
 10
-49.32275619856117
 20
17.7045217416158
 30
0.0
 11
-49.16139143519591
 21
8.927385324053814
 31
0.0
  0
LINE
  5
736
330
1F
100
AcDbEntity
  8
0
100
AcDbLine
 10
-22.61699565854979
 20
-9.30467567170557
 30
0.0
 11
-11.65208632761931
 21
-9.022487410518021
 31
0.0
  0
LINE
  5
737
330
1F
100
AcDbEntity
  8
0
100
AcDbLine
 10
-22.38680645051756
 20
36.29552476985904
 30
0.0
 11
-11.42530481734551
 21
35.90265227646883
 31
0.0
  0
LINE
  5
738
330
1F
100
AcDbEntity
  8
0
100
AcDbLine
 10
-6.985565671566529
 20
33.4014177516402
 30
0.0
 11
-13.07521153011937
 21
33.39198253544637
 31
0.0
  0
LINE
  5
739
330
1F
100
AcDbEntity
  8
0
100
AcDbLine
 10
-7.18732169039931
 20
-6.566202702897415
 30
0.0
 11
-13.27656194681559
 21
-6.495288630851411
 31
0.0
  0
LINE
  5
73A
330
1F
100
AcDbEntity
  8
0
100
AcDbLine
 10
-28.27022691559128
 20
31.29923272888492
 30
0.0
 11
-22.4967139035457
 21
31.35043776203232
 31
0.0
  0
LINE
  5
73B
330
1F
100
AcDbEntity
  8
0
100
AcDbLine
 10
-28.44967513982704
 20
-4.249240913325172
 30
0.0
 11
-22.67697331505142
 21
-4.358731086087515
 31
0.0
  0
LINE
  5
73C
330
1F
100
AcDbEntity
  8
0
100
AcDbLine
 10
-47.21365095670406
 20
-11.65579651779438
 30
0.0
 11
-7.900574589376938
 21
-11.74173513309549
 31
0.0
  0
LINE
  5
73D
330
1F
100
AcDbEntity
  8
0
100
AcDbLine
 10
-47.75996574960806
 20
-10.19037038381811
 30
0.0
 11
-16.75348451606422
 21
-10.45940396416928
 31
0.0
  0
LINE
  5
73E
330
1F
100
AcDbEntity
  8
0
100
AcDbLine
 10
-49.08372653265181
 20
-9.171071964697166
 30
0.0
 11
-22.61699565854979
 21
-9.30467567170557
 31
0.0
  0
LINE
  5
73F
330
1F
100
AcDbEntity
  8
0
100
AcDbLine
 10
-47.51955345683693
 20
37.43501063615656
 30
0.0
 11
-16.51193632120642
 21
37.39099786908253
 31
0.0
  0
LINE
  5
740
330
1F
100
AcDbEntity
  8
0
100
AcDbLine
 10
-46.95847197935588
 20
38.89484664843829
 30
0.0
 11
-7.646531514115436
 21
38.58388721986004
 31
0.0
  0
LINE
  5
741
330
1F
100
AcDbEntity
  8
0
100
AcDbLine
 10
-48.85353732462654
 20
36.42912847685353
 30
0.0
 11
-22.38680645051756
 21
36.29552476985904
 31
0.0
  0
LINE
  5
742
330
1F
100
AcDbEntity
  8
0
100
AcDbLine
 10
-95.6726717811527
 20
3.605128057916692
 30
0.0
 11
-96.61237734111376
 21
4.73893357894251
 31
0.0
  0
LINE
  5
743
330
1F
100
AcDbEntity
  8
0
100
AcDbLine
 10
-96.61237734111376
 20
4.73893357894251
 30
0.0
 11
-96.78398970237988
 21
6.264886275111079
 31
0.0
  0
LINE
  5
744
330
1F
100
AcDbEntity
  8
0
100
AcDbLine
 10
-96.78398970237988
 20
6.264886275111079
 30
0.0
 11
-96.91876555562621
 21
7.786550390828753
 31
0.0
  0
LINE
  5
745
330
1F
100
AcDbEntity
  8
0
100
AcDbLine
 10
-96.91876555562621
 20
7.786550390828753
 30
0.0
 11
-97.07153863877728
 21
9.304282438682034
 31
0.0
  0
LINE
  5
746
330
1F
100
AcDbEntity
  8
0
100
AcDbLine
 10
-97.07153863877728
 20
9.304282438682034
 30
0.0
 11
-97.25118397384651
 21
10.82397623854152
 31
0.0
  0
LINE
  5
747
330
1F
100
AcDbEntity
  8
0
100
AcDbLine
 10
-97.25118397384651
 20
10.82397623854152
 30
0.0
 11
-97.40385307426885
 21
12.34698693524714
 31
0.0
  0
LINE
  5
748
330
1F
100
AcDbEntity
  8
0
100
AcDbLine
 10
-97.40385307426885
 20
12.34698693524714
 30
0.0
 11
-97.46413350414592
 21
13.87383290589696
 31
0.0
  0
LINE
  5
749
330
1F
100
AcDbEntity
  8
0
100
AcDbLine
 10
-95.00373696131983
 20
3.465972913478184
 30
0.0
 11
-95.03614559879648
 21
4.613800067326096
 31
0.0
  0
LINE
  5
74A
330
1F
100
AcDbEntity
  8
0
100
AcDbLine
 10
-95.03614559879648
 20
4.613800067326096
 30
0.0
 11
-95.28875155756424
 21
5.733924411861769
 31
0.0
  0
LINE
  5
74B
330
1F
100
AcDbEntity
  8
0
100
AcDbLine
 10
-95.28875155756424
 20
5.733924411861769
 30
0.0
 11
-95.4773754398418
 21
6.901072992202398
 31
0.0
  0
LINE
  5
74C
330
1F
100
AcDbEntity
  8
0
100
AcDbLine
 10
-95.4773754398418
 20
6.901072992202398
 30
0.0
 11
-95.58405679749266
 21
8.057573130662634
 31
0.0
  0
LINE
  5
74D
330
1F
100
AcDbEntity
  8
0
100
AcDbLine
 10
-95.58405679749266
 20
8.057573130662634
 30
0.0
 11
-95.66480611966878
 21
9.215707146542634
 31
0.0
  0
LINE
  5
74E
330
1F
100
AcDbEntity
  8
0
100
AcDbLine
 10
-95.66480611966878
 20
9.215707146542634
 30
0.0
 11
-95.75981275390133
 21
10.3781133321894
 31
0.0
  0
LINE
  5
74F
330
1F
100
AcDbEntity
  8
0
100
AcDbLine
 10
-95.75981275390133
 20
10.3781133321894
 30
0.0
 11
-95.85975883304397
 21
11.53999550690451
 31
0.0
  0
LINE
  5
750
330
1F
100
AcDbEntity
  8
0
100
AcDbLine
 10
-95.85975883304397
 20
11.53999550690451
 30
0.0
 11
-95.93747186601114
 21
12.70234512682956
 31
0.0
  0
LINE
  5
751
330
1F
100
AcDbEntity
  8
0
100
AcDbLine
 10
-95.93747186601114
 20
12.70234512682956
 30
0.0
 11
-95.96554561842181
 21
13.86626805409069
 31
0.0
  0
LINE
  5
752
330
1F
100
AcDbEntity
  8
0
100
AcDbLine
 10
-94.89878754928569
 20
24.25632301672582
 30
0.0
 11
-94.94278267239007
 21
23.10888154804125
 31
0.0
  0
LINE
  5
753
330
1F
100
AcDbEntity
  8
0
100
AcDbLine
 10
-94.94278267239007
 20
23.10888154804125
 30
0.0
 11
-95.20668421513466
 21
21.99136452654843
 31
0.0
  0
LINE
  5
754
330
1F
100
AcDbEntity
  8
0
100
AcDbLine
 10
-95.20668421513466
 20
21.99136452654843
 30
0.0
 11
-95.40708168546263
 21
20.82617972084539
 31
0.0
  0
LINE
  5
755
330
1F
100
AcDbEntity
  8
0
100
AcDbLine
 10
-95.40708168546263
 20
20.82617972084539
 30
0.0
 11
-95.52543330355073
 21
19.67081554585434
 31
0.0
  0
LINE
  5
756
330
1F
100
AcDbEntity
  8
0
100
AcDbLine
 10
-95.52543330355073
 20
19.67081554585434
 30
0.0
 11
-95.6178707029064
 21
18.51355577425549
 31
0.0
  0
LINE
  5
757
330
1F
100
AcDbEntity
  8
0
100
AcDbLine
 10
-95.6178707029064
 20
18.51355577425549
 30
0.0
 11
-95.72460781834374
 21
17.35216798837595
 31
0.0
  0
LINE
  5
758
330
1F
100
AcDbEntity
  8
0
100
AcDbLine
 10
-95.72460781834374
 20
17.35216798837595
 30
0.0
 11
-95.83627883667744
 21
16.19135405396251
 31
0.0
  0
LINE
  5
759
330
1F
100
AcDbEntity
  8
0
100
AcDbLine
 10
-95.83627883667744
 20
16.19135405396251
 30
0.0
 11
-95.92572266111529
 21
15.02984823963961
 31
0.0
  0
LINE
  5
75A
330
1F
100
AcDbEntity
  8
0
100
AcDbLine
 10
-95.92572266111529
 20
15.02984823963961
 30
0.0
 11
-95.96554561842181
 21
13.86626805409069
 31
0.0
  0
LINE
  5
75B
330
1F
100
AcDbEntity
  8
0
100
AcDbLine
 10
-95.5690931490231
 20
24.12392834018783
 30
0.0
 11
-96.52019739755731
 21
22.99966760200791
 31
0.0
  0
LINE
  5
75C
330
1F
100
AcDbEntity
  8
0
100
AcDbLine
 10
-96.52019739755731
 20
22.99966760200791
 30
0.0
 11
-96.70720659838207
 21
21.47552522276771
 31
0.0
  0
LINE
  5
75D
330
1F
100
AcDbEntity
  8
0
100
AcDbLine
 10
-96.70720659838207
 20
21.47552522276771
 30
0.0
 11
-96.85733787217616
 21
19.95529931445916
 31
0.0
  0
LINE
  5
75E
330
1F
100
AcDbEntity
  8
0
100
AcDbLine
 10
-96.85733787217616
 20
19.95529931445916
 30
0.0
 11
-97.02542576167562
 21
18.43918696853324
 31
0.0
  0
LINE
  5
75F
330
1F
100
AcDbEntity
  8
0
100
AcDbLine
 10
-97.02542576167562
 20
18.43918696853324
 30
0.0
 11
-97.22040433885763
 21
16.92138426522604
 31
0.0
  0
LINE
  5
760
330
1F
100
AcDbEntity
  8
0
100
AcDbLine
 10
-97.22040433885763
 20
16.92138426522604
 30
0.0
 11
-97.38844154265297
 21
15.39999248970785
 31
0.0
  0
LINE
  5
761
330
1F
100
AcDbEntity
  8
0
100
AcDbLine
 10
-97.38844154265297
 20
15.39999248970785
 30
0.0
 11
-97.46413350414592
 21
13.87383290589696
 31
0.0
  0
ENDSEC
  0
SECTION
  2
OBJECTS
  0
DICTIONARY
  5
C
330
0
100
AcDbDictionary
  3
ACAD_GROUP
350
D
  3
ACAD_LAYOUT
350
1A
  3
ACAD_MATERIAL
350
43
  3
ACAD_MLEADERSTYLE
350
5B
  3
ACAD_MLINESTYLE
350
17
  3
ACAD_PLOTSETTINGS
350
19
  3
ACAD_SCALELIST
350
47
  3
ACAD_VISUALSTYLE
350
2A
  3
ACDBHEADERROUNDTRIPXREC
350
762
  3
ACDBVARIABLEDICTIONARY
350
783
  3
DWGPROPS
350
78A
  0
DICTIONARY
  5
78B
330
8
100
AcDbDictionary
280
     1
  3
ACAD_XREC_ROUNDTRIP
360
78C
  0
DICTIONARY
  5
D
102
{ACAD_REACTORS
330
C
102
}
330
C
100
AcDbDictionary
  0
DICTIONARY
  5
1A
102
{ACAD_REACTORS
330
C
102
}
330
C
100
AcDbDictionary
  0
DICTIONARY
  5
43
102
{ACAD_REACTORS
330
C
102
}
330
C
100
AcDbDictionary
  3
BYBLOCK
350
45
  3
BYLAYER
350
44
  3
GLOBAL
350
46
  0
DICTIONARY
  5
5B
102
{ACAD_REACTORS
330
C
102
}
330
C
100
AcDbDictionary
  3
STANDARD
350
5C
  0
DICTIONARY
  5
17
102
{ACAD_REACTORS
330
C
102
}
330
C
100
AcDbDictionary
  3
STANDARD
350
18
  0
DICTIONARY
  5
19
102
{ACAD_REACTORS
330
C
102
}
330
C
100
AcDbDictionary
  0
DICTIONARY
  5
47
102
{ACAD_REACTORS
330
C
102
}
330
C
100
AcDbDictionary
  3
A0
350
48
  3
A1
350
49
  3
A2
350
4A
  3
A3
350
4B
  3
A4
350
4C
  3
A5
350
4D
  3
A6
350
4E
  3
A7
350
4F
  3
A8
350
50
  3
A9
350
51
  3
B1
350
52
  3
B2
350
53
  3
B3
350
54
  3
B4
350
55
  3
B5
350
56
  3
B6
350
57
  3
B7
350
58
  0
DICTIONARY
  5
2A
102
{ACAD_REACTORS
330
C
102
}
330
C
100
AcDbDictionary
  3
2DWIREFRAME
350
2F
  3
BASIC
350
32
  3
BRIGHTEN
350
36
  3
COLORCHANGE
350
3A
  3
CONCEPTUAL
350
34
  3
DIM
350
35
  3
EDGECOLOROFF
350
3D
  3
FACEPATTERN
350
39
  3
FLAT
350
2B
  3
FLATWITHEDGES
350
2C
  3
GOURAUD
350
2D
  3
GOURAUDWITHEDGES
350
2E
  3
HIDDEN
350
31
  3
JITTEROFF
350
3B
  3
LINEPATTERN
350
38
  3
OVERHANGOFF
350
3C
  3
REALISTIC
350
33
  3
SHADED
350
42
  3
SHADED_WITH_EDGES
350
41
  3
SHADES_OF_GRAY
350
3E
  3
SKETCHY
350
3F
  3
THICKEN
350
37
  3
WIREFRAME
350
30
  3
X-RAY
350
40
  0
DICTIONARY
  5
762
102
{ACAD_REACTORS
330
C
102
}
330
C
100
AcDbDictionary
  3
CEPSNID
350
76C
  3
CEPSNTYPE
350
76B
  3
DIMSTYLEDATA
350
782
  3
FINGERPRINTGUID
350
76D
  3
HYPERLINKBASE
350
765
  3
INSUNITS
350
76A
  3
LAYOUTDICT
350
767
  3
LWETCUNION
350
769
  3
PLOTSETDICT
350
768
  3
PSVPSCALE
350
76F
  3
PUCSBASE
350
772
  3
PUCSORGBACK
350
778
  3
PUCSORGBOTTOM
350
774
  3
PUCSORGFRONT
350
777
  3
PUCSORGLEFT
350
775
  3
PUCSORGRIGHT
350
776
  3
PUCSORGTOP
350
773
  3
PUCSORTHOREF
350
770
  3
PUCSORTHOVIEW
350
771
  3
STYLESHEET
350
766
  3
TSTACKALIGN
350
763
  3
TSTACKSIZE
350
764
  3
UCSBASE
350
77B
  3
UCSORGBACK
350
781
  3
UCSORGBOTTOM
350
77D
  3
UCSORGFRONT
350
780
  3
UCSORGLEFT
350
77E
  3
UCSORGRIGHT
350
77F
  3
UCSORGTOP
350
77C
  3
UCSORTHOREF
350
779
  3
UCSORTHOVIEW
350
77A
  3
VERSIONGUID
350
76E
  0
DICTIONARY
  5
783
102
{ACAD_REACTORS
330
C
102
}
330
C
100
AcDbDictionary
  3
CANNOSCALE
350
78D
  3
CMLEADERSTYLE
350
785
  3
CTABLESTYLE
350
784
  3
DIMASSOC
350
788
  3
HIDETEXT
350
789
  3
MSLTSCALE
350
78E
  0
XRECORD
  5
78A
102
{ACAD_REACTORS
330
C
102
}
330
C
100
AcDbXrecord
  1
DWGPROPS COOKIE
  2

  3

  4

  6

  7

  8
vmrru
  9

300
=
301
=
302
=
303
=
304
=
305
=
306
=
307
=
308
=
309
=
 40
0.0
 41
2461071.684597639
 42
2461071.684597905
  1

 90
        0
  0
XRECORD
  5
78C
102
{ACAD_REACTORS
330
78B
102
}
330
78B
100
AcDbXrecord
102
VTR_0.000_0.000_1.000_1.000_VISUALSTYLE
340
2F
102
VTR_0.000_0.000_1.000_1.000_GRIDDISPLAY
 70
     3
102
VTR_0.000_0.000_1.000_1.000_GRIDMAJOR
 70
     5
102
VTR_0.000_0.000_1.000_1.000_DEFAULTLIGHTING
280
     1
102
VTR_0.000_0.000_1.000_1.000_DEFAULTLIGHTINGTYPE
 70
     1
102
VTR_0.000_0.000_1.000_1.000_BRIGHTNESS
141
0.0
102
VTR_0.000_0.000_1.000_1.000_CONTRAST
142
0.0
  0
MATERIAL
  5
45
102
{ACAD_REACTORS
330
43
102
}
102
{ACAD_XDICTIONARY
360
791
102
}
330
43
100
AcDbMaterial
  1
BYBLOCK
  0
MATERIAL
  5
44
102
{ACAD_REACTORS
330
43
102
}
102
{ACAD_XDICTIONARY
360
78F
102
}
330
43
100
AcDbMaterial
  1
BYLAYER
  0
MATERIAL
  5
46
102
{ACAD_REACTORS
330
43
102
}
102
{ACAD_XDICTIONARY
360
793
102
}
330
43
100
AcDbMaterial
  1
GLOBAL
  0
ACAD_PROXY_OBJECT
  5
5C
102
{ACAD_REACTORS
330
5B
102
}
330
5B
100
AcDbProxyObject
 90
      499
 91
      505
 93
      610
310
40901902A4063FBFFFFFE056BD1B81E855B9FC0AD7A3703D0AD73F4214DD185B99185C9900AD7A3703D0AC73F90141901A02B5E8DC0F42B1CFC02B5E8DC0F42B1CFE5764000000000000300FC0
340
14
340
0
340
11
340
0
 94
        0
1001
ACAD_MLEADERVER
1070
     2
  0
MLINESTYLE
  5
18
102
{ACAD_REACTORS
330
17
102
}
330
17
100
AcDbMlineStyle
  2
Standard
 70
     0
  3

 62
   256
 51
90.0
 52
90.0
 71
     2
 49
0.5
 62
   256
  6
BYLAYER
 49
-0.5
 62
   256
  6
BYLAYER
  0
ACAD_PROXY_OBJECT
  5
48
102
{ACAD_REACTORS
330
47
102
}
330
47
100
AcDbProxyObject
 90
      499
 91
      503
 93
       41
310
903313A31580
  0
ACAD_PROXY_OBJECT
  5
49
102
{ACAD_REACTORS
330
47
102
}
330
47
100
AcDbProxyObject
 90
      499
 91
      503
 93
      257
310
90E312F31323822203D2031272D3022000000000000200FC000000000000284000
  0
ACAD_PROXY_OBJECT
  5
4A
102
{ACAD_REACTORS
330
47
102
}
330
47
100
AcDbProxyObject
 90
      499
 91
      503
 93
      249
310
90D312F363422203D2031272D3022000000000000240FC000000000000284000
  0
ACAD_PROXY_OBJECT
  5
4B
102
{ACAD_REACTORS
330
47
102
}
330
47
100
AcDbProxyObject
 90
      499
 91
      503
 93
      249
310
90D312F333222203D2031272D3022000000000000280FC000000000000284000
  0
ACAD_PROXY_OBJECT
  5
4C
102
{ACAD_REACTORS
330
47
102
}
330
47
100
AcDbProxyObject
 90
      499
 91
      503
 93
      249
310
90D312F313622203D2031272D30220000000000002C0FC000000000000284000
  0
ACAD_PROXY_OBJECT
  5
4D
102
{ACAD_REACTORS
330
47
102
}
330
47
100
AcDbProxyObject
 90
      499
 91
      503
 93
      249
310
90D332F333222203D2031272D30220000000000002E0FC000000000000284000
  0
ACAD_PROXY_OBJECT
  5
4E
102
{ACAD_REACTORS
330
47
102
}
330
47
100
AcDbProxyObject
 90
      499
 91
      503
 93
      241
310
90C312F3822203D2031272D3022000000000000300FC000000000000284000
  0
ACAD_PROXY_OBJECT
  5
4F
102
{ACAD_REACTORS
330
47
102
}
330
47
100
AcDbProxyObject
 90
      499
 91
      503
 93
      249
310
90D332F313622203D2031272D3022000000000000320FC000000000000284000
  0
ACAD_PROXY_OBJECT
  5
50
102
{ACAD_REACTORS
330
47
102
}
330
47
100
AcDbProxyObject
 90
      499
 91
      503
 93
      241
310
90C312F3422203D2031272D3022000000000000340FC000000000000284000
  0
ACAD_PROXY_OBJECT
  5
51
102
{ACAD_REACTORS
330
47
102
}
330
47
100
AcDbProxyObject
 90
      499
 91
      503
 93
      241
310
90C332F3822203D2031272D3022000000000000360FC000000000000284000
  0
ACAD_PROXY_OBJECT
  5
52
102
{ACAD_REACTORS
330
47
102
}
330
47
100
AcDbProxyObject
 90
      499
 91
      503
 93
      241
310
90C312F3222203D2031272D3022000000000000380FC000000000000284000
  0
ACAD_PROXY_OBJECT
  5
53
102
{ACAD_REACTORS
330
47
102
}
330
47
100
AcDbProxyObject
 90
      499
 91
      503
 93
      241
310
90C332F3422203D2031272D30220000000000003A0FC000000000000284000
  0
ACAD_PROXY_OBJECT
  5
54
102
{ACAD_REACTORS
330
47
102
}
330
47
100
AcDbProxyObject
 90
      499
 91
      503
 93
      161
310
90A3122203D2031272D30224000000000000284000
  0
ACAD_PROXY_OBJECT
  5
55
102
{ACAD_REACTORS
330
47
102
}
330
47
100
AcDbProxyObject
 90
      499
 91
      503
 93
      257
310
90E312D312F3222203D2031272D30220000000000003E0FC000000000000284000
  0
ACAD_PROXY_OBJECT
  5
56
102
{ACAD_REACTORS
330
47
102
}
330
47
100
AcDbProxyObject
 90
      499
 91
      503
 93
      225
310
90A3322203D2031272D302200000000000002100000000000000284000
  0
ACAD_PROXY_OBJECT
  5
57
102
{ACAD_REACTORS
330
47
102
}
330
47
100
AcDbProxyObject
 90
      499
 91
      503
 93
      225
310
90A3622203D2031272D302200000000000006100000000000000284000
  0
ACAD_PROXY_OBJECT
  5
58
102
{ACAD_REACTORS
330
47
102
}
330
47
100
AcDbProxyObject
 90
      499
 91
      503
 93
      249
310
90D31272D3022203D2031272D30220000000000000A100000000000000284000
  0
ACAD_PROXY_OBJECT
  5
2F
102
{ACAD_REACTORS
330
2A
102
}
330
2A
100
AcDbProxyObject
 90
      499
 91
      501
 93
      436
310
42CC9915DA5C99599C985B595049028333333333333E33F0000000000000F90107901411070040501600405405064090741402480A0340
1001
ACAD
1000
AcDbSavedByObjectVersion
1070
     0
  0
ACAD_PROXY_OBJECT
  5
32
102
{ACAD_REACTORS
330
2A
102
}
330
2A
100
AcDbProxyObject
 90
      499
 91
      501
 93
      388
310
4150985CDA58D07406404333333333333E33F0000000000000F90107A41107004050150841D405064090741402480A0350
1001
ACAD
1000
AcDbSavedByObjectVersion
1070
     0
  0
ACAD_PROXY_OBJECT
  5
36
102
{ACAD_REACTORS
330
2A
102
}
330
2A
100
AcDbProxyObject
 90
      499
 91
      501
 93
      428
310
42109C9A59DA1D195B90C409028333333333333E33F0000000000000F9010790141107004050150841D405064090741402480A029950
1001
ACAD
1000
AcDbSavedByObjectVersion
1070
     0
  0
ACAD_PROXY_OBJECT
  5
3A
102
{ACAD_REACTORS
330
2A
102
}
330
2A
100
AcDbProxyObject
 90
      499
 91
      501
 93
      452
310
42D0DBDB1BDC90DA185B99D95104090240C333333333333E33F0000000000000F90108901411070040501508421405064090741402480A0350
1001
ACAD
1000
AcDbSavedByObjectVersion
1070
     0
  0
ACAD_PROXY_OBJECT
  5
34
102
{ACAD_REACTORS
330
2A
102
}
330
2A
100
AcDbProxyObject
 90
      499
 91
      501
 93
      500
310
4290DBDB98D95C1D1D585B10940D028333333333333E33F0000000000000F90107902409070040501000000000018199010841D405064090740C02480A0340
1001
ACAD
1000
AcDbSavedByObjectVersion
1070
     0
  0
ACAD_PROXY_OBJECT
  5
35
102
{ACAD_REACTORS
330
2A
102
}
330
2A
100
AcDbProxyObject
 90
      499
 91
      501
 93
      412
310
40D11A5B50B409028333333333333E33F0000000000000F9010790141107004050150841D405064090741402480A02677FFFFFD0
1001
ACAD
1000
AcDbSavedByObjectVersion
1070
     0
  0
ACAD_PROXY_OBJECT
  5
3D
102
{ACAD_REACTORS
330
2A
102
}
330
2A
100
AcDbProxyObject
 90
      499
 91
      501
 93
      452
310
43115919D950DBDB1BDC93D999916409028333333333333E33F0000000000000F9010790141107004050150841D405064090741402480A0350
1001
ACAD
1000
AcDbSavedByObjectVersion
1070
     0
  0
ACAD_PROXY_OBJECT
  5
39
102
{ACAD_REACTORS
330
2A
102
}
330
2A
100
AcDbProxyObject
 90
      499
 91
      501
 93
      444
310
42D19858D95C185D1D195C9B90F409028333333333333E33F0000000000000F9010790141107004050150841D405064090741402480A0350
1001
ACAD
1000
AcDbSavedByObjectVersion
1070
     0
  0
ACAD_PROXY_OBJECT
  5
2B
102
{ACAD_REACTORS
330
2A
102
}
330
2A
100
AcDbProxyObject
 90
      499
 91
      501
 93
      380
310
41119B185D240901404333333333333E33F0000000000000F9010740A907004050150841D405064090741402480A1B50
1001
ACAD
1000
AcDbSavedByObjectVersion
1070
     0
  0
ACAD_PROXY_OBJECT
  5
2C
102
{ACAD_REACTORS
330
2A
102
}
330
2A
100
AcDbProxyObject
 90
      499
 91
      501
 93
      468
310
43519B185D15DA5D1A115919D95CD0140901404333333333333E33F0000000000000F90107409019070040501600405405064090741402480A1B50
1001
ACAD
1000
AcDbSavedByObjectVersion
1070
     0
  0
ACAD_PROXY_OBJECT
  5
2D
102
{ACAD_REACTORS
330
2A
102
}
330
2A
100
AcDbProxyObject
 90
      499
 91
      501
 93
      404
310
41D1DBDD5C985D5910240902404333333333333E33F0000000000000F9010740A9070040501641D405064090741402480A1B50
1001
ACAD
1000
AcDbSavedByObjectVersion
1070
     0
  0
ACAD_PROXY_OBJECT
  5
2E
102
{ACAD_REACTORS
330
2A
102
}
330
2A
100
AcDbProxyObject
 90
      499
 91
      501
 93
      492
310
4411DBDD5C985D5915DA5D1A115919D95CD0340902404333333333333E33F0000000000000F90107409019070040501600405405064090741402480A1B50
1001
ACAD
1000
AcDbSavedByObjectVersion
1070
     0
  0
ACAD_PROXY_OBJECT
  5
31
102
{ACAD_REACTORS
330
2A
102
}
330
2A
100
AcDbProxyObject
 90
      499
 91
      501
 93
      476
310
41921A5919195B90640502408333333333333E33F0000000000000F901079024090700405020000000000001110200405405064090740C02480A0340
1001
ACAD
1000
AcDbSavedByObjectVersion
1070
     0
  0
ACAD_PROXY_OBJECT
  5
3B
102
{ACAD_REACTORS
330
2A
102
}
330
2A
100
AcDbProxyObject
 90
      499
 91
      501
 93
      428
310
42529A5D1D195C93D999914409028333333333333E33F0000000000000F9010790141107004050150A41D405064090741402480A0350
1001
ACAD
1000
AcDbSavedByObjectVersion
1070
     0
  0
ACAD_PROXY_OBJECT
  5
38
102
{ACAD_REACTORS
330
2A
102
}
330
2A
100
AcDbProxyObject
 90
      499
 91
      501
 93
      444
310
42D31A5B995C185D1D195C9B90E409028333333333333E33F0000000000000F9010790141107004050750841D405064090741402483A0350
1001
ACAD
1000
AcDbSavedByObjectVersion
1070
     0
  0
ACAD_PROXY_OBJECT
  5
3C
102
{ACAD_REACTORS
330
2A
102
}
330
2A
100
AcDbProxyObject
 90
      499
 91
      501
 93
      444
310
42D3DD995C9A185B99D3D999915409028333333333333E33F0000000000000F9010790141107004050150941D405064090741402480A0350
1001
ACAD
1000
AcDbSavedByObjectVersion
1070
     0
  0
ACAD_PROXY_OBJECT
  5
33
102
{ACAD_REACTORS
330
2A
102
}
330
2A
100
AcDbProxyObject
 90
      499
 91
      501
 93
      428
310
425499585B1A5CDD1A58D08409038333333333333E33F0000000000000F9010740A907004050150800405405064090740C02480A1B40
1001
ACAD
1000
AcDbSavedByObjectVersion
1070
     0
  0
ACAD_PROXY_OBJECT
  5
42
102
{ACAD_REACTORS
330
2A
102
}
330
2A
100
AcDbProxyObject
 90
      499
 91
      501
 93
      420
310
4194DA1859195911B40902404333333333333E33F0000000000000F9010740A41107004050150800405405064090840C02480A0B40
1001
ACAD
1000
AcDbSavedByObjectVersion
1070
     0
  0
ACAD_PROXY_OBJECT
  5
41
102
{ACAD_REACTORS
330
2A
102
}
330
2A
100
AcDbProxyObject
 90
      499
 91
      501
 93
      516
310
4454DA18591959081DDA5D1A08195919D95CD1A40902404333333333333E33F0000000000000F901074090142907004050250800405405064090740C02480A0B40
1001
ACAD
1000
AcDbSavedByObjectVersion
1070
     0
  0
ACAD_PROXY_OBJECT
  5
3E
102
{ACAD_REACTORS
330
2A
102
}
330
2A
100
AcDbProxyObject
 90
      499
 91
      501
 93
      532
310
4394DA1859195CC81BD98811DC985E5174090240C333333333333E33F0000000000000F901079024090741D01000000000000111010841D405064090740C02480A0340
1001
ACAD
1000
AcDbSavedByObjectVersion
1070
     0
  0
ACAD_PROXY_OBJECT
  5
3F
102
{ACAD_REACTORS
330
2A
102
}
330
2A
100
AcDbProxyObject
 90
      499
 91
      501
 93
      476
310
41D4DAD95D18DA1E51840502408333333333333E33F0000000000000F901079024090741D01000000000000111010B41D405064090741802480A0340
1001
ACAD
1000
AcDbSavedByObjectVersion
1070
     0
  0
ACAD_PROXY_OBJECT
  5
37
102
{ACAD_REACTORS
330
2A
102
}
330
2A
100
AcDbProxyObject
 90
      499
 91
      501
 93
      412
310
41D51A1A58DAD95B90D409028333333333333E33F0000000000000F9010790141107004050150C41D405064090741402480A0350
1001
ACAD
1000
AcDbSavedByObjectVersion
1070
     0
  0
ACAD_PROXY_OBJECT
  5
30
102
{ACAD_REACTORS
330
2A
102
}
330
2A
100
AcDbProxyObject
 90
      499
 91
      501
 93
      420
310
4255DA5C99599C985B595059028333333333333E33F0000000000000F90107901411070040501600405405064090740C02480A0340
1001
ACAD
1000
AcDbSavedByObjectVersion
1070
     0
  0
ACAD_PROXY_OBJECT
  5
40
102
{ACAD_REACTORS
330
2A
102
}
330
2A
100
AcDbProxyObject
 90
      499
 91
      501
 93
      404
310
41560B54985E51940902404000000000000E03F0000000000000F9010740501907004050150841D405064090740C02480A1B40
1001
ACAD
1000
AcDbSavedByObjectVersion
1070
     0
  0
XRECORD
  5
76C
102
{ACAD_REACTORS
330
762
102
}
330
762
100
AcDbXrecord
340
0
  0
XRECORD
  5
76B
102
{ACAD_REACTORS
330
762
102
}
330
762
100
AcDbXrecord
 90
        0
  0
XRECORD
  5
782
102
{ACAD_REACTORS
330
762
102
}
330
762
100
AcDbXrecord
1000
DSTYLE
1002
{
1070
   171
 70
     2
1070
   143
 40
25.4
1070
   274
 70
     2
1070
    41
 40
0.18
1070
   141
 40
0.09
1070
   271
 70
     4
1070
    43
 40
0.38
1070
   278
 70
    46
1070
    44
 40
0.18
1070
    42
 40
0.0625
1070
   147
 40
0.09
1070
    77
 70
     0
1070
   272
 70
     4
1070
    73
 70
     1
1070
   172
 70
     0
1070
    74
 70
     1
1070
   283
 70
     1
1070
   340
340
11
1070
   140
 40
0.18
1070
   284
 70
     0
1070
    78
 70
     0
1002
}
  0
XRECORD
  5
76D
102
{ACAD_REACTORS
330
762
102
}
330
762
100
AcDbXrecord
  1
{d4b8b060-1c78-4b16-8cd9-0bfde091dfe9}
  0
XRECORD
  5
765
102
{ACAD_REACTORS
330
762
102
}
330
762
100
AcDbXrecord
  1

  0
XRECORD
  5
76A
102
{ACAD_REACTORS
330
762
102
}
330
762
100
AcDbXrecord
 90
        4
  0
XRECORD
  5
767
102
{ACAD_REACTORS
330
762
102
}
330
762
100
AcDbXrecord
340
1A
  0
XRECORD
  5
769
102
{ACAD_REACTORS
330
762
102
}
330
762
100
AcDbXrecord
 90
    10781
  0
XRECORD
  5
768
102
{ACAD_REACTORS
330
762
102
}
330
762
100
AcDbXrecord
340
19
  0
XRECORD
  5
76F
102
{ACAD_REACTORS
330
762
102
}
330
762
100
AcDbXrecord
 40
0.0
  0
XRECORD
  5
772
102
{ACAD_REACTORS
330
762
102
}
330
762
100
AcDbXrecord
340
0
  0
XRECORD
  5
778
102
{ACAD_REACTORS
330
762
102
}
330
762
100
AcDbXrecord
 10
0.0
 20
0.0
 30
0.0
  0
XRECORD
  5
774
102
{ACAD_REACTORS
330
762
102
}
330
762
100
AcDbXrecord
 10
0.0
 20
0.0
 30
0.0
  0
XRECORD
  5
777
102
{ACAD_REACTORS
330
762
102
}
330
762
100
AcDbXrecord
 10
0.0
 20
0.0
 30
0.0
  0
XRECORD
  5
775
102
{ACAD_REACTORS
330
762
102
}
330
762
100
AcDbXrecord
 10
0.0
 20
0.0
 30
0.0
  0
XRECORD
  5
776
102
{ACAD_REACTORS
330
762
102
}
330
762
100
AcDbXrecord
 10
0.0
 20
0.0
 30
0.0
  0
XRECORD
  5
773
102
{ACAD_REACTORS
330
762
102
}
330
762
100
AcDbXrecord
 10
0.0
 20
0.0
 30
0.0
  0
XRECORD
  5
770
102
{ACAD_REACTORS
330
762
102
}
330
762
100
AcDbXrecord
340
0
  0
XRECORD
  5
771
102
{ACAD_REACTORS
330
762
102
}
330
762
100
AcDbXrecord
 70
     0
  0
XRECORD
  5
766
102
{ACAD_REACTORS
330
762
102
}
330
762
100
AcDbXrecord
  1

  0
XRECORD
  5
763
102
{ACAD_REACTORS
330
762
102
}
330
762
100
AcDbXrecord
 90
        1
  0
XRECORD
  5
764
102
{ACAD_REACTORS
330
762
102
}
330
762
100
AcDbXrecord
 90
       70
  0
XRECORD
  5
77B
102
{ACAD_REACTORS
330
762
102
}
330
762
100
AcDbXrecord
340
0
  0
XRECORD
  5
781
102
{ACAD_REACTORS
330
762
102
}
330
762
100
AcDbXrecord
 10
0.0
 20
0.0
 30
0.0
  0
XRECORD
  5
77D
102
{ACAD_REACTORS
330
762
102
}
330
762
100
AcDbXrecord
 10
0.0
 20
0.0
 30
0.0
  0
XRECORD
  5
780
102
{ACAD_REACTORS
330
762
102
}
330
762
100
AcDbXrecord
 10
0.0
 20
0.0
 30
0.0
  0
XRECORD
  5
77E
102
{ACAD_REACTORS
330
762
102
}
330
762
100
AcDbXrecord
 10
0.0
 20
0.0
 30
0.0
  0
XRECORD
  5
77F
102
{ACAD_REACTORS
330
762
102
}
330
762
100
AcDbXrecord
 10
0.0
 20
0.0
 30
0.0
  0
XRECORD
  5
77C
102
{ACAD_REACTORS
330
762
102
}
330
762
100
AcDbXrecord
 10
0.0
 20
0.0
 30
0.0
  0
XRECORD
  5
779
102
{ACAD_REACTORS
330
762
102
}
330
762
100
AcDbXrecord
340
0
  0
XRECORD
  5
77A
102
{ACAD_REACTORS
330
762
102
}
330
762
100
AcDbXrecord
 70
     0
  0
XRECORD
  5
76E
102
{ACAD_REACTORS
330
762
102
}
330
762
100
AcDbXrecord
  1
{FAEB1C32-E019-11D5-929B-00C0DF256EC4}
  0
DICTIONARYVAR
  5
78D
102
{ACAD_REACTORS
330
783
102
}
330
783
100
DictionaryVariables
280
     0
  1
1:1
  0
DICTIONARYVAR
  5
785
102
{ACAD_REACTORS
330
783
102
}
330
783
100
DictionaryVariables
280
     0
  1
Standard
  0
DICTIONARYVAR
  5
784
102
{ACAD_REACTORS
330
783
102
}
330
783
100
DictionaryVariables
280
     0
  1
Standard
  0
DICTIONARYVAR
  5
788
102
{ACAD_REACTORS
330
783
102
}
330
783
100
DictionaryVariables
280
     0
  1
2
  0
DICTIONARYVAR
  5
789
102
{ACAD_REACTORS
330
783
102
}
330
783
100
DictionaryVariables
280
     0
  1
1
  0
DICTIONARYVAR
  5
78E
102
{ACAD_REACTORS
330
783
102
}
330
783
100
DictionaryVariables
280
     0
  1
1
  0
DICTIONARY
  5
791
330
45
100
AcDbDictionary
280
     1
  3
ACAD_XREC_ROUNDTRIP
360
792
  0
DICTIONARY
  5
78F
330
44
100
AcDbDictionary
280
     1
  3
ACAD_XREC_ROUNDTRIP
360
790
  0
DICTIONARY
  5
793
330
46
100
AcDbDictionary
280
     1
  3
ACAD_XREC_ROUNDTRIP
360
794
  0
XRECORD
  5
792
102
{ACAD_REACTORS
330
791
102
}
330
791
100
AcDbXrecord
102
MATERIAL
148
0.0
149
0.0
149
0.0
 93
        0
 94
      127
282
     0
 72
     1
 77
     1
171
     1
175
     1
179
     1
273
     0
  0
XRECORD
  5
790
102
{ACAD_REACTORS
330
78F
102
}
330
78F
100
AcDbXrecord
102
MATERIAL
148
0.0
149
0.0
149
0.0
 93
        0
 94
      127
282
     0
 72
     1
 77
     1
171
     1
175
     1
179
     1
273
     0
  0
XRECORD
  5
794
102
{ACAD_REACTORS
330
793
102
}
330
793
100
AcDbXrecord
102
MATERIAL
148
0.0
149
0.0
149
0.0
 93
        0
 94
      127
282
     0
 72
     1
 77
     1
171
     1
175
     1
179
     1
273
     0
  0
ENDSEC
  0
EOF
